date,strategy,symbol,side,qty,entry_time,entry,stop,target,exit_time,exit,reason,fees,pnl_usd,r,ref,note
2023-12-04,gapfade,SPY,long,21,09:35,456.5035,455.0845,457.265,10:24,455.0162,stop,0.2691,-31.5,-1.244,456.29,gap -0.75%
2024-02-13,gapfade,SPY,long,20,09:35,494.9142,493.486,497.6625,10:04,493.412,stop,0.2777,-30.32,-1.137,494.82,gap -1.33%
2024-02-22,gapfade,SPY,short,19,09:35,502.9995,504.6241,500.63,09:48,504.6998,stop,0.2688,-32.57,-1.118,503.09,gap +1.36%
2024-03-15,gapfade,SPY,long,19,09:35,510.9266,509.5599,512.465,10:00,509.4835,stop,0.2723,-27.69,-1.125,510.855,gap -0.93%
2024-04-04,gapfade,SPY,short,19,09:35,523.5265,524.1736,521.585,11:30,522.8684,time,0.2797,12.22,0.921,523.475,gap +0.79%
2024-04-15,gapfade,SPY,short,19,09:35,514.3428,515.8153,513.045,10:10,513.005,target,0.2748,25.14,0.942,514.41,gap +0.85%
2024-05-02,gapfade,SPY,short,19,09:35,503.0095,505.0746,502.1325,09:48,502.1325,target,0.2688,16.39,0.488,503.305,gap +0.81%
2024-05-03,gapfade,SPY,short,19,09:35,510.1335,511.8413,508.095,09:56,511.9181,stop,0.2726,-34.18,-1.138,510.26,gap +1.21%
2024-06-12,gapfade,SPY,short,18,09:35,541.1988,542.2968,539.3175,09:42,542.3781,stop,0.2738,-21.5,-1.229,541.325,gap +0.86%
2024-07-17,gapfade,SPY,long,17,09:35,559.779,558.451,561.92,10:08,558.3672,stop,0.2667,-24.27,-1.152,559.69,gap -1.03%
2024-07-31,gapfade,SPY,short,18,09:35,548.0078,549.7892,545.565,10:11,549.8717,stop,0.2772,-33.83,-1.056,548.01,gap +1.33%
2024-09-19,gapfade,SPY,short,17,09:35,569.9845,571.621,566.215,10:31,571.7068,stop,0.2722,-29.55,-1.128,570.08,gap +1.72%
2024-09-26,gapfade,SPY,short,17,09:35,573.6139,575.2647,572.2825,10:51,572.2825,target,0.2739,22.36,0.781,573.58,gap +0.81%
2024-10-04,gapfade,SPY,short,17,09:35,572.1842,573.1326,570.055,09:58,570.055,target,0.2732,35.92,1.917,572.03,gap +0.81%
2024-11-06,gapfade,SPY,short,16,09:35,588.2517,589.9594,582.955,11:30,588.3482,time,0.2643,-1.81,-0.066,588.25,gap +2.17%
2025-01-13,gapfade,SPY,long,17,09:35,576.5465,574.9495,578.125,09:56,578.125,target,0.276,26.56,1.07,576.41,gap -0.81%
2025-01-17,gapfade,SPY,short,16,09:35,596.2855,597.7972,594.325,10:50,597.8869,stop,0.2679,-25.89,-1.11,596.34,gap +0.89%
2025-01-27,gapfade,SPY,long,15,09:35,597.4596,594.0853,601.37,11:30,596.3405,time,0.2512,-17.04,-0.345,597.38,gap -2.15%
2025-02-03,gapfade,SPY,long,16,09:35,593.619,591.3381,597.1475,10:00,591.2494,stop,0.2656,-38.18,-1.109,593.49,gap -1.54%
2025-02-12,gapfade,SPY,long,16,09:35,599.6999,597.9315,602.2225,10:24,602.2225,target,0.2705,40.09,1.475,599.63,gap -0.99%
2025-03-21,gapfade,SPY,long,17,09:35,559.6439,558.1912,562.45,10:11,558.1075,stop,0.2666,-26.39,-1.094,559.61,gap -1.15%
2025-04-02,gapfade,SPY,long,17,09:35,556.8335,554.2902,558.09,09:37,558.09,target,0.2666,21.09,0.49,556.82,gap -1.07%
2025-04-03,gapfade,SPY,long,16,09:35,547.6421,544.3951,554.88,09:57,544.3134,stop,0.2448,-53.5,-1.095,547.45,gap -3.45%
2025-04-04,gapfade,SPY,long,19,09:35,524.0286,521.8576,530.47,09:36,521.7793,stop,0.2788,-43.01,-1.154,523.82,gap -2.54%
2025-04-08,gapfade,SPY,short,19,09:35,520.3419,522.6621,513.2,09:58,522.7405,stop,0.278,-45.85,-1.106,520.48,gap +3.47%
2025-04-14,gapfade,SPY,short,18,09:35,542.2437,544.5991,539.0275,11:28,539.0275,target,0.2743,57.62,1.703,542.72,gap +1.88%
2025-04-16,gapfade,SPY,long,18,09:35,532.8699,531.1084,534.6425,09:51,531.0287,stop,0.2687,-33.41,-1.025,532.92,gap -1.12%
2025-04-22,gapfade,SPY,short,19,09:35,519.3721,520.8003,517.07,09:41,520.9181,stop,0.2775,-29.65,-1.139,519.43,gap +1.21%
2025-05-01,gapfade,SPY,short,17,09:35,559.1361,561.4309,557.215,10:23,561.5151,stop,0.2671,-40.71,-1.103,559.26,gap +1.15%
2025-05-06,gapfade,SPY,long,17,09:35,559.2589,557.0224,560.7525,09:54,556.9389,stop,0.266,-39.71,-1.063,559.22,gap -1.00%
2025-05-12,gapfade,SPY,short,16,09:35,579.0931,582.2417,572.8075,11:30,578.9568,time,0.2602,1.92,0.04,579.25,gap +3.07%
2025-05-19,gapfade,SPY,long,16,09:35,589.3384,587.5618,591.215,09:48,591.215,target,0.2656,29.76,1.07,589.3,gap -1.03%
2025-05-23,gapfade,SPY,long,17,09:35,577.3166,575.0744,579.465,11:30,578.3432,time,0.2761,17.18,0.438,577.38,gap -1.23%
2025-05-27,gapfade,SPY,short,17,09:35,584.9122,586.9113,582.645,10:01,586.9994,stop,0.2793,-35.76,-1.208,585.17,gap +1.19%
2025-05-29,gapfade,SPY,short,16,09:35,592.0112,593.6931,590.45,09:49,590.45,target,0.266,24.71,0.946,592.06,gap +0.90%
2025-06-13,gapfade,SPY,long,16,09:35,599.87,597.6018,601.13,10:11,597.5122,stop,0.2684,-37.99,-1.132,599.7,gap -0.86%
2025-07-31,gapfade,SPY,short,15,09:35,639.0041,640.1895,637.01,10:58,637.01,target,0.269,29.64,1.856,639.125,gap +0.77%
2025-10-27,gapfade,SPY,short,14,09:35,682.6026,683.8582,679.91,11:30,683.4625,time,0.268,-12.31,-0.762,682.705,gap +0.83%
2026-01-20,gapfade,SPY,long,14,09:35,682.7324,680.7885,686.55,11:30,683.6074,time,0.2684,11.98,0.46,682.65,gap -1.45%
2026-02-05,gapfade,SPY,long,14,09:35,680.9821,678.1112,683.44,09:50,683.44,target,0.2683,34.14,0.91,680.79,gap -0.78%
2026-02-27,gapfade,SPY,long,14,09:35,683.9826,682.1522,686.1575,09:43,682.0498,stop,0.2678,-27.33,-1.237,683.73,gap -0.92%
2026-03-02,gapfade,SPY,long,12,09:35,681.3122,677.352,682.445,09:37,682.445,target,0.2297,13.36,0.289,681.2,gap -1.08%
2026-03-23,gapfade,SPY,short,15,09:35,656.6715,658.7981,653.27,09:42,658.897,stop,0.2763,-33.66,-1.096,656.75,gap +1.48%
2026-03-30,gapfade,SPY,short,15,09:35,638.8292,640.9203,636.95,09:41,636.95,target,0.2689,27.92,0.93,638.92,gap +0.92%
2026-04-02,gapfade,SPY,long,15,09:35,647.2121,645.6837,650.8025,09:39,645.5868,stop,0.2717,-24.65,-1.169,647.09,gap -1.34%
2026-04-08,gapfade,SPY,short,14,09:35,675.8886,677.7371,667.815,11:30,673.106,time,0.2654,38.69,1.629,676.04,gap +2.60%
2026-06-08,gapfade,SPY,short,13,09:35,742.0087,745.2495,740.4,11:01,745.3613,stop,0.2703,-43.85,-1.103,742.19,gap +0.80%
2026-06-18,gapfade,SPY,short,13,09:35,745.7531,748.9282,744.4325,09:37,744.4325,target,0.2717,16.9,0.432,745.92,gap +0.90%
2026-06-23,gapfade,SPY,long,13,09:35,733.8401,731.5677,739.0025,10:10,739.0025,target,0.2692,66.84,2.238,733.865,gap -1.42%
2026-06-25,gapfade,SPY,short,13,09:35,737.2694,740.0493,736.11,09:41,736.11,target,0.2686,14.8,0.417,737.32,gap +0.76%
2026-07-23,gapfade,SPY,long,13,09:35,741.4012,737.8015,743.39,11:01,737.6908,stop,0.2688,-48.5,-1.066,741.3,gap -1.10%
2026-07-27,gapfade,SPY,short,13,09:35,744.5483,745.8951,741.9,09:59,741.9,target,0.2712,34.16,2.127,744.66,gap +0.81%
2026-07-30,gapfade,SPY,short,13,09:35,735.2797,736.8912,732.7975,09:45,737.0017,stop,0.2679,-22.65,-1.244,735.49,gap +0.88%
2026-09-17,gapfade,SPY,short,13,09:35,761.3108,764.1234,758.64,11:30,761.6842,time,0.2773,-5.13,-0.15,761.5,gap +1.22%
2023-11-02,gapfade,QQQ,short,27,09:35,361.2658,362.3019,359.375,10:51,362.3563,stop,0.2756,-29.72,-1.132,361.33,gap +1.29%
2023-12-04,gapfade,QQQ,long,25,09:35,386.2979,385.2044,388.0,09:51,385.0822,stop,0.2718,-30.66,-1.071,386.35,gap -1.00%
2024-01-09,gapfade,QQQ,long,24,09:35,402.9804,401.5081,403.455,10:15,403.455,target,0.2732,11.12,0.335,402.89,gap -0.76%
2024-01-24,gapfade,QQQ,short,23,09:35,426.516,427.8774,425.395,10:18,427.9842,stop,0.2765,-34.04,-1.206,426.65,gap +0.95%
2024-01-31,gapfade,QQQ,long,23,09:35,421.2832,419.7798,422.905,09:45,419.7168,stop,0.2722,-36.3,-1.025,421.32,gap -1.11%
2024-02-13,gapfade,QQQ,long,23,09:35,427.2241,425.9236,431.185,10:43,431.185,target,0.2795,90.82,2.749,427.36,gap -1.93%
2024-02-22,gapfade,QQQ,short,23,09:35,433.7949,435.475,429.995,09:46,435.5404,stop,0.2812,-40.43,-1.102,433.88,gap +2.11%
2024-03-06,gapfade,QQQ,short,22,09:35,439.904,441.1707,438.145,10:04,438.145,target,0.2727,38.43,1.609,440.085,gap +1.00%
2024-03-21,gapfade,QQQ,short,22,09:35,448.0578,449.3589,446.37,11:30,448.1722,time,0.2777,-2.8,-0.106,448.16,gap +1.12%
2024-04-10,gapfade,QQQ,long,22,09:35,437.4256,436.1734,439.58,11:30,437.9443,time,0.2715,11.14,0.425,437.365,gap -1.21%
2024-04-12,gapfade,QQQ,long,22,09:35,441.3662,440.2993,443.2925,10:34,440.2332,stop,0.2729,-25.2,-1.122,441.32,gap -0.98%
2024-04-15,gapfade,QQQ,short,22,09:35,440.3539,442.5521,440.15,10:08,440.15,target,0.273,4.21,0.092,440.46,gap +0.89%
2024-04-24,gapfade,QQQ,short,23,09:35,428.2558,429.1087,426.815,09:39,429.1844,stop,0.2776,-21.64,-1.108,428.26,gap +0.80%
2024-05-02,gapfade,QQQ,short,23,09:35,424.3163,426.1057,423.4025,09:49,423.21,target,0.2751,25.17,0.699,424.54,gap +1.00%
2024-05-03,gapfade,QQQ,short,23,09:35,433.8899,435.0346,430.705,09:45,435.0999,stop,0.2812,-28.11,-1.193,434.01,gap +1.77%
2024-05-23,gapfade,QQQ,short,21,09:36,459.761,460.9805,458.1,09:51,458.1,target,0.2719,34.61,1.144,459.54,gap +1.06%
2024-05-29,gapfade,QQQ,long,21,09:35,456.2984,454.8847,457.575,10:25,457.89,target,0.2708,33.15,1.209,456.19,gap -0.92%
2024-06-05,gapfade,QQQ,short,21,09:35,457.4714,458.3879,456.09,10:23,458.4567,stop,0.2706,-20.96,-1.206,457.56,gap +0.81%
2024-06-13,gapfade,QQQ,short,20,09:35,477.5484,478.3779,475.9,10:22,475.9,target,0.2688,32.7,2.216,477.64,gap +0.77%
2024-07-18,gapfade,QQQ,short,20,09:35,484.5173,486.1857,483.6625,09:43,483.62,target,0.2727,17.67,0.506,484.44,gap +0.76%
2024-07-22,gapfade,QQQ,short,20,09:36,480.5229,481.6612,478.225,09:39,481.7423,stop,0.2705,-24.66,-0.855,480.22,gap +1.23%
2024-07-26,gapfade,QQQ,short,21,09:35,460.9259,462.9175,460.335,10:08,460.335,target,0.2726,12.14,0.312,461.065,gap +0.92%
2024-07-31,gapfade,QQQ,short,20,09:35,466.665,468.8083,462.715,09:42,468.9103,stop,0.2628,-45.17,-0.948,466.425,gap +2.30%
2024-08-08,gapfade,QQQ,short,22,09:35,440.9638,441.7413,437.98,09:48,437.98,target,0.2733,65.37,3.334,440.85,gap +1.40%
2024-08-15,gapfade,QQQ,short,21,09:35,468.8497,470.1897,466.125,09:51,470.3405,stop,0.2772,-31.59,-1.114,468.84,gap +1.43%
2024-08-23,gapfade,QQQ,short,20,09:35,478.3482,479.8093,477.125,10:00,479.8813,stop,0.2693,-30.93,-0.938,478.16,gap +0.93%
2024-08-30,gapfade,QQQ,short,21,09:35,474.3288,475.5801,472.85,09:46,475.6514,stop,0.2804,-28.06,-1.123,474.39,gap +0.88%
2024-09-19,gapfade,QQQ,short,20,09:35,481.8177,483.1827,477.07,10:18,483.2552,stop,0.2712,-29.02,-1.131,481.9,gap +2.39%
2024-09-26,gapfade,QQQ,short,20,09:35,491.9562,494.1436,489.825,10:28,489.825,target,0.2768,42.35,1.009,492.045,gap +1.55%
2024-10-04,gapfade,QQQ,short,20,09:35,487.1269,488.0726,484.54,09:57,484.37,target,0.2742,54.86,2.88,487.12,gap +1.23%
2024-10-17,gapfade,QQQ,short,18,09:35,493.8559,496.8864,493.645,09:35,493.645,target,0.2501,3.55,0.075,494.245,gap +1.12%
2024-10-24,gapfade,QQQ,short,20,09:35,490.9363,492.6522,490.31,11:30,491.5537,time,0.2763,-12.62,-0.384,491.01,gap +0.76%
2024-11-25,gapfade,QQQ,short,19,09:35,509.9435,510.5,507.83,09:39,510.5766,stop,0.2725,-12.3,-0.736,509.62,gap +0.81%
2025-01-17,gapfade,QQQ,short,17,09:35,520.8519,523.533,517.985,11:30,522.6034,time,0.249,-30.02,-0.617,520.67,gap +1.90%
2025-01-27,gapfade,QQQ,long,13,09:35,513.8871,510.0494,520.2675,11:30,512.973,time,0.1875,-12.07,-0.252,513.73,gap -3.53%
2025-02-03,gapfade,QQQ,long,19,09:35,513.9571,512.0974,517.795,10:02,512.0206,stop,0.2736,-37.07,-1.411,513.48,gap -1.73%
2025-02-10,gapfade,QQQ,short,18,09:35,526.851,528.0375,525.1275,09:44,528.1167,stop,0.2666,-23.05,-1.018,526.78,gap +0.82%
2025-02-12,gapfade,QQQ,long,19,09:35,523.4285,521.488,525.115,09:46,525.115,target,0.2805,31.76,0.923,523.3,gap -1.06%
2025-03-11,gapfade,QQQ,long,21,09:35,472.0808,471.0784,482.035,10:04,471.0078,stop,0.2785,-22.81,-0.798,472.44,gap -3.95%
2025-03-21,gapfade,QQQ,long,21,09:35,473.9911,473.0315,476.68,09:36,472.8791,stop,0.2796,-23.63,-0.853,474.35,gap -1.10%
2025-03-24,gapfade,QQQ,short,20,09:35,487.2469,488.6682,484.365,09:47,488.8133,stop,0.2742,-31.6,-1.055,487.17,gap +1.32%
2025-04-02,gapfade,QQQ,long,17,09:35,468.2502,465.4441,469.46,09:36,469.46,target,0.2247,20.34,0.43,468.23,gap -1.34%
2025-04-10,gapfade,QQQ,long,22,09:35,454.4382,452.3372,459.205,09:40,452.2694,stop,0.2803,-47.99,-1.117,454.29,gap -2.38%
2025-04-14,gapfade,QQQ,short,21,09:35,463.0305,465.2348,459.43,09:43,459.43,target,0.2738,75.34,2.307,463.68,gap +2.27%
2025-04-16,gapfade,QQQ,long,22,09:36,450.3825,448.2913,453.5125,09:53,448.224,stop,0.2778,-47.77,-1.245,450.035,gap -2.01%
2025-04-21,gapfade,QQQ,long,22,09:35,438.8258,437.7618,441.195,09:36,437.6961,stop,0.2713,-25.12,-1.15,438.755,gap -1.28%
2025-04-22,gapfade,QQQ,short,22,09:35,437.9343,439.469,436.055,09:41,439.535,stop,0.2715,-35.49,-1.214,438.14,gap +1.34%
2025-04-30,gapfade,QQQ,long,21,09:35,467.2201,465.1344,471.13,09:38,465.0646,stop,0.275,-45.54,-1.15,467.02,gap -1.79%
2025-05-01,gapfade,QQQ,short,20,09:35,482.4426,484.3338,479.4,10:36,484.5827,stop,0.2716,-43.07,-1.4,482.795,gap +1.75%
2025-05-02,gapfade,QQQ,short,20,09:35,486.517,488.0876,483.89,10:16,488.1608,stop,0.2738,-33.15,-1.031,486.48,gap +1.13%
2025-05-05,gapfade,QQQ,long,20,09:35,485.3428,483.7558,486.765,10:01,486.99,target,0.2741,32.67,1.189,485.13,gap -0.86%
2025-05-06,gapfade,QQQ,long,20,09:35,480.4371,478.7708,482.7475,09:51,478.6989,stop,0.2695,-35.03,-1.102,480.36,gap -1.32%
2025-05-08,gapfade,QQQ,short,20,09:35,487.6468,489.2287,485.885,10:11,485.885,target,0.2745,34.96,0.935,487.36,gap +1.07%
2025-05-12,gapfade,QQQ,short,15,09:35,504.2144,507.547,497.525,11:30,503.8806,time,0.2127,4.79,0.098,504.29,gap +3.90%
2025-05-19,gapfade,QQQ,long,19,09:35,515.5473,513.8456,517.945,09:48,517.95,target,0.2767,45.37,1.418,515.53,gap -1.37%
2025-05-21,gapfade,QQQ,long,19,09:35,517.2676,515.7537,518.275,09:43,518.275,target,0.2769,18.86,0.682,517.21,gap -0.77%
2025-05-23,gapfade,QQQ,long,19,09:35,507.7562,505.1044,510.145,11:30,508.8637,time,0.2719,20.77,0.418,507.72,gap -1.53%
2025-05-27,gapfade,QQQ,short,19,09:35,515.4627,517.2768,512.79,10:00,517.3544,stop,0.2754,-36.22,-1.13,515.59,gap +1.37%
2025-05-29,gapfade,QQQ,short,19,09:35,524.7313,527.0065,522.755,09:44,522.755,target,0.2803,37.27,0.889,524.8,gap +1.39%
2025-06-06,gapfade,QQQ,short,18,09:35,529.5006,531.0605,527.3925,09:42,531.1402,stop,0.268,-29.78,-1.11,529.57,gap +0.97%
2025-06-13,gapfade,QQQ,long,17,09:35,529.6494,526.7377,530.5,10:28,526.586,stop,0.2517,-52.33,-1.068,529.62,gap -1.17%
2025-07-31,gapfade,QQQ,short,17,09:35,572.7641,575.1646,571.3625,09:45,571.3625,target,0.2735,23.55,0.586,572.8,gap +1.12%
2025-09-05,gapfade,QQQ,short,17,09:35,579.753,581.4359,577.895,10:12,577.895,target,0.2768,31.31,1.301,580.02,gap +0.92%
2025-10-06,gapfade,QQQ,short,16,09:35,607.1189,609.2036,605.76,11:30,607.3811,time,0.2727,-4.47,-0.144,607.26,gap +0.89%
2025-10-13,gapfade,QQQ,short,16,09:35,598.2153,600.6901,594.66,09:57,600.7802,stop,0.2687,-41.31,-1.024,598.17,gap +1.71%
2025-10-15,gapfade,QQQ,short,16,09:35,602.9495,604.644,601.055,10:00,604.7347,stop,0.2708,-28.83,-1.058,602.94,gap +0.99%
2025-10-31,gapfade,QQQ,short,15,09:35,633.165,634.8342,630.095,11:30,632.7849,time,0.2665,5.44,0.223,633.21,gap +1.31%
2025-11-03,gapfade,QQQ,short,15,09:35,635.0047,636.4158,632.245,10:01,632.155,target,0.2673,42.48,2.104,635.07,gap +0.95%
2025-11-20,gapfade,QQQ,short,16,09:35,611.0583,612.8572,605.72,09:48,613.0319,stop,0.2745,-31.85,-1.156,611.135,gap +1.98%
2025-12-01,gapfade,QQQ,long,16,09:35,614.8822,612.5518,616.31,09:56,616.32,target,0.2768,22.73,0.684,614.63,gap -0.84%
2025-12-18,gapfade,QQQ,short,16,09:35,609.2286,611.5209,605.065,10:34,611.6126,stop,0.2736,-38.42,-1.177,609.48,gap +1.56%
2026-01-05,gapfade,QQQ,short,16,09:35,617.8723,620.58,616.2,11:30,620.283,time,0.2775,-38.85,-0.906,617.9,gap +1.02%
2026-01-15,gapfade,QQQ,short,15,09:35,625.6561,627.657,623.07,11:30,626.2139,time,0.2634,-8.63,-0.282,625.615,gap +1.14%
2026-01-20,gapfade,QQQ,long,16,09:35,613.142,609.8795,615.81,11:30,614.1929,time,0.2758,16.54,0.337,612.95,gap -1.68%
2026-01-22,gapfade,QQQ,short,16,09:35,620.6319,623.0324,619.295,09:47,619.295,target,0.2787,21.11,0.622,620.91,gap +1.01%
2026-02-05,gapfade,QQQ,long,11,09:35,601.3702,596.7526,602.755,09:38,602.755,target,0.1861,15.05,0.326,600.955,gap -0.95%
2026-02-11,gapfade,QQQ,short,16,09:35,615.5277,618.1175,613.9475,09:57,613.63,target,0.2764,30.09,0.75,615.61,gap +0.81%
2026-02-27,gapfade,QQQ,long,16,09:35,604.7407,602.2172,606.115,09:43,602.1268,stop,0.2705,-42.09,-1.137,604.53,gap -1.03%
2026-03-06,gapfade,QQQ,long,16,09:35,600.9451,599.2901,604.6175,09:35,599.2002,stop,0.2692,-28.19,-1.155,600.815,gap -1.41%
2026-03-09,gapfade,QQQ,long,16,09:35,595.3793,593.4859,596.995,09:39,593.3969,stop,0.2666,-31.98,-1.096,595.31,gap -0.95%
2026-03-12,gapfade,QQQ,long,16,09:35,603.6605,601.398,605.235,09:46,601.3078,stop,0.2701,-37.91,-0.978,603.82,gap -0.82%
2026-03-23,gapfade,QQQ,short,16,09:35,590.1665,591.4609,586.24,09:37,591.5496,stop,0.2652,-22.4,-0.992,590.05,gap +1.43%
2026-03-30,gapfade,QQQ,short,17,09:35,566.2051,568.558,564.9225,09:40,564.9225,target,0.2704,21.53,0.56,566.295,gap +0.86%
2026-04-02,gapfade,QQQ,long,17,09:35,574.3661,573.3761,579.175,09:35,573.29,stop,0.2738,-18.57,-1.017,574.45,gap -1.77%
2026-04-08,gapfade,QQQ,short,16,09:35,607.6638,610.4598,598.8175,11:30,604.2356,time,0.2729,54.58,1.223,607.67,gap +3.38%
2026-04-17,gapfade,QQQ,short,15,09:35,645.1882,646.8662,642.965,10:00,646.9632,stop,0.2715,-26.9,-1.012,645.095,gap +0.80%
2026-04-22,gapfade,QQQ,short,15,09:35,648.6927,651.0504,647.24,10:14,651.1481,stop,0.273,-37.1,-1.099,648.8,gap +0.93%
2026-05-19,gapfade,QQQ,long,14,09:35,702.5054,699.2401,702.815,09:35,702.815,target,0.2759,4.06,0.092,702.39,gap -0.81%
2026-05-26,gapfade,QQQ,short,13,09:35,724.3113,727.3666,721.7425,09:45,727.4757,stop,0.2639,-41.4,-1.151,724.6,gap +1.19%
2026-06-04,gapfade,QQQ,long,12,09:35,737.4156,733.4958,739.7525,10:05,733.3857,stop,0.2466,-48.6,-1.043,737.38,gap -1.20%
2026-06-05,gapfade,QQQ,long,13,09:35,730.2195,728.4508,735.115,09:41,728.3416,stop,0.2654,-24.68,-0.954,730.44,gap -1.45%
2026-06-08,gapfade,QQQ,short,10,09:35,715.0427,719.9192,711.5975,10:46,720.0272,stop,0.2004,-50.05,-1.047,715.14,gap +1.76%
2026-06-09,gapfade,QQQ,short,13,09:35,720.7819,723.713,719.52,09:44,723.8215,stop,0.2626,-39.78,-1.052,720.805,gap +0.97%
2026-06-11,gapfade,QQQ,short,14,09:35,697.5853,700.9052,696.36,09:45,701.0103,stop,0.2738,-48.22,-1.075,697.7,gap +0.77%
2026-06-18,gapfade,QQQ,short,13,09:35,734.3198,738.3376,729.61,10:24,738.4484,stop,0.2675,-53.94,-1.109,734.595,gap +1.97%
2026-06-23,gapfade,QQQ,long,11,09:35,716.2774,712.6466,726.775,11:30,715.5926,time,0.2207,-7.75,-0.168,716.85,gap -3.07%
2026-06-25,gapfade,QQQ,short,13,09:35,723.5914,727.3666,718.22,09:43,718.22,target,0.2637,69.57,1.484,723.76,gap +2.14%
2026-07-14,gapfade,QQQ,short,13,09:35,717.2224,720.8701,715.96,10:15,715.96,target,0.2614,16.15,0.356,717.385,gap +1.15%
2026-07-21,gapfade,QQQ,short,14,09:35,704.5143,707.7971,701.2825,11:09,707.9033,stop,0.2765,-47.72,-1.104,704.71,gap +1.53%
2026-07-23,gapfade,QQQ,long,14,09:35,695.7744,692.5468,699.86,10:49,692.4429,stop,0.2718,-46.91,-1.03,695.8,gap -1.51%
2026-07-27,gapfade,QQQ,short,14,09:35,690.5164,692.9222,688.0575,09:43,688.0575,target,0.2711,34.15,0.96,690.38,gap +1.09%
2026-07-30,gapfade,QQQ,short,14,09:35,674.4988,675.705,668.1475,09:42,675.8064,stop,0.2648,-18.57,-0.979,674.35,gap +1.98%
2026-08-06,gapfade,QQQ,long,14,09:35,711.1067,707.8814,713.8,09:44,713.8,target,0.2801,37.43,0.895,710.87,gap -0.92%
2026-08-12,gapfade,QQQ,short,13,09:35,724.2963,727.8922,722.645,11:30,724.2186,time,0.2639,0.75,0.016,724.36,gap +1.21%
2026-08-27,gapfade,QQQ,short,13,09:35,715.4277,719.0583,714.065,10:27,719.1662,stop,0.2607,-48.86,-1.033,715.42,gap +0.78%
2026-09-10,gapfade,QQQ,long,14,09:35,707.8912,706.2181,711.965,10:39,711.965,target,0.2794,56.75,2.612,707.77,gap -1.22%
2026-09-17,gapfade,QQQ,short,14,09:35,714.1129,717.0013,710.465,11:30,715.9524,time,0.2803,-26.03,-0.644,714.115,gap +1.64%
2026-09-24,gapfade,QQQ,long,13,09:35,735.8554,733.9253,738.17,11:30,735.0497,time,0.2678,-10.74,-0.475,735.665,gap -0.81%
2026-10-02,gapfade,QQQ,short,13,09:35,751.2173,752.1914,746.665,09:45,752.5029,stop,0.2736,-16.99,-0.848,750.65,gap +1.25%
2026-10-07,gapfade,QQQ,long,13,09:35,754.2631,752.6566,756.6925,09:38,752.5437,stop,0.2741,-22.63,-0.976,754.44,gap -0.77%
2023-10-23,gapfade,AAPL,long,58,09:35,171.0513,170.4943,171.92,09:39,170.4432,stop,0.2845,-35.56,-1.189,171.01,gap -1.10%
2023-11-03,gapfade,AAPL,long,34,09:35,174.6724,173.2116,175.95,09:45,175.95,target,0.172,43.27,0.867,174.68,gap -1.91%
2023-11-14,gapfade,AAPL,short,39,09:35,186.544,187.8977,186.195,11:30,186.9811,time,0.2087,-17.25,-0.349,186.63,gap +1.55%
2024-01-02,gapfade,AAPL,long,39,09:35,187.7863,186.4833,189.89,09:43,186.4274,stop,0.2086,-53.21,-1.069,187.76,gap -2.82%
2024-01-04,gapfade,AAPL,long,37,09:35,182.8298,181.4384,183.095,09:58,181.3839,stop,0.1927,-53.69,-1.082,182.78,gap -1.24%
2024-02-02,gapfade,AAPL,long,19,09:35,181.6145,179.0708,183.3425,09:47,183.3425,target,0.1,32.73,0.688,181.575,gap -3.79%
2024-02-05,gapfade,AAPL,short,42,09:35,187.3288,188.4232,187.0375,09:35,187.0375,target,0.2257,12.01,0.246,187.26,gap +1.29%
2024-03-04,gapfade,AAPL,long,34,09:35,176.703,175.2646,177.97,09:44,175.212,stop,0.1713,-50.87,-1.031,176.715,gap -1.86%
2024-03-05,gapfade,AAPL,long,30,09:35,171.6415,170.0348,172.945,10:27,169.9838,stop,0.1467,-49.88,-1.02,171.665,gap -2.45%
2024-03-14,gapfade,AAPL,short,57,09:35,172.8181,173.173,172.045,09:37,173.225,stop,0.2833,-23.47,-1.382,172.875,gap +1.07%
2024-03-15,gapfade,AAPL,long,58,09:35,171.7915,171.1786,172.305,10:04,171.1273,stop,0.2856,-38.81,-1.214,171.73,gap -0.92%
2024-05-02,gapfade,AAPL,short,58,09:35,172.0284,172.7626,170.88,11:30,171.6415,time,0.287,22.15,0.482,171.97,gap +1.82%
2024-05-07,gapfade,AAPL,short,54,09:35,183.5099,184.189,182.605,09:38,184.2443,stop,0.2844,-39.94,-0.949,183.41,gap +1.08%
2024-05-13,gapfade,AAPL,short,54,09:35,184.8495,185.7806,184.2375,10:27,185.8363,stop,0.2865,-53.57,-1.202,184.955,gap +1.34%
2024-05-14,gapfade,AAPL,short,53,09:35,187.5187,188.4332,187.0275,09:59,187.0275,target,0.2851,25.75,0.521,187.5,gap +0.80%
2024-07-15,gapfade,AAPL,short,42,09:35,236.434,237.3972,233.45,09:51,233.45,target,0.283,125.05,3.782,236.61,gap +2.76%
2024-07-17,gapfade,AAPL,long,25,09:35,230.8992,229.1306,232.145,09:42,229.0619,stop,0.1633,-46.1,-0.934,231.105,gap -2.29%
2024-07-22,gapfade,AAPL,short,35,09:35,226.4021,227.9077,225.8875,09:35,225.8875,target,0.2261,17.78,0.356,226.48,gap +1.29%
2024-08-08,gapfade,AAPL,short,47,09:35,212.3463,213.3231,211.45,09:37,211.45,target,0.2853,41.84,0.975,212.41,gap +1.56%
2024-08-15,gapfade,AAPL,short,27,09:35,223.163,225.0748,223.115,09:35,223.115,target,0.172,1.12,0.023,223.23,gap +1.34%
2024-08-29,gapfade,AAPL,short,43,09:35,229.881,230.5603,228.2475,09:36,230.6295,stop,0.2819,-32.47,-0.993,229.8,gap +1.64%
2024-09-24,gapfade,AAPL,short,28,09:35,227.7816,229.5693,227.5675,09:44,227.5675,target,0.182,5.81,0.12,227.84,gap +0.95%
2024-09-25,gapfade,AAPL,long,44,09:35,225.3176,224.4054,226.225,09:49,226.225,target,0.284,39.64,0.985,225.32,gap -1.09%
2024-10-04,gapfade,AAPL,short,43,09:35,226.9919,228.188,226.76,09:36,226.76,target,0.2785,9.69,0.195,227.03,gap +1.03%
2024-10-08,gapfade,AAPL,short,44,09:35,223.8478,224.6344,223.0,09:51,224.7018,stop,0.2811,-37.86,-1.276,223.96,gap +1.14%
2024-10-18,gapfade,AAPL,short,37,09:35,234.8695,236.246,234.09,09:39,234.09,target,0.2477,28.59,0.574,234.9,gap +1.65%
2024-10-23,gapfade,AAPL,long,42,09:35,234.1502,233.7061,234.995,09:39,234.995,target,0.2814,35.2,1.909,234.145,gap -0.76%
2024-11-01,gapfade,AAPL,long,23,09:35,222.0966,220.1097,223.275,09:38,223.275,target,0.1466,26.96,0.55,222.24,gap -2.18%
2024-11-15,gapfade,AAPL,long,44,09:35,226.4129,225.6941,227.11,09:40,225.6264,stop,0.2833,-34.89,-1.2,226.355,gap -1.04%
2025-01-17,gapfade,AAPL,short,41,09:35,231.0957,232.3221,230.125,09:39,230.125,target,0.2702,39.53,0.795,231.11,gap +1.65%
2025-01-29,gapfade,AAPL,long,42,09:35,235.1105,233.816,236.19,09:45,236.19,target,0.2827,45.06,0.938,234.96,gap -1.71%
2025-02-03,gapfade,AAPL,long,43,09:35,230.049,229.3055,232.97,09:54,229.2367,stop,0.2812,-35.21,-1.057,230.08,gap -2.53%
2025-02-05,gapfade,AAPL,long,43,09:35,229.3088,228.0717,230.56,09:56,230.56,target,0.2827,53.52,1.084,229.22,gap -1.93%
2025-03-21,gapfade,AAPL,long,38,09:35,212.7588,211.3384,212.895,09:35,212.895,target,0.2312,4.94,0.1,212.64,gap -1.15%
2025-03-28,gapfade,AAPL,long,45,09:35,221.9066,220.779,222.7025,09:40,222.7025,target,0.2861,35.53,0.724,221.87,gap -0.93%
2025-04-01,gapfade,AAPL,long,40,09:35,220.006,218.6911,220.9075,09:42,220.9075,target,0.2523,35.81,0.723,219.93,gap -1.04%
2025-04-02,gapfade,AAPL,long,45,09:35,221.9666,220.9189,222.2575,09:36,222.2575,target,0.2855,12.81,0.316,221.82,gap -0.84%
2025-04-08,gapfade,AAPL,short,37,09:35,186.1641,187.6475,184.14,09:52,187.7038,stop,0.1976,-57.16,-1.147,186.3,gap +2.82%
2025-04-11,gapfade,AAPL,long,22,09:35,188.3365,186.0238,188.42,09:35,188.42,target,0.1189,1.72,0.035,188.265,gap -2.32%
2025-04-16,gapfade,AAPL,long,43,09:35,199.2998,198.1017,200.25,09:48,198.0423,stop,0.2439,-54.32,-1.095,199.255,gap -1.87%
2025-04-21,gapfade,AAPL,long,40,09:35,193.558,192.2376,195.0,10:00,192.1799,stop,0.2203,-55.35,-1.123,193.47,gap -1.92%
2025-04-23,gapfade,AAPL,short,35,09:35,205.5883,207.0468,202.78,09:37,207.109,stop,0.2058,-53.43,-1.074,205.625,gap +3.23%
2025-05-23,gapfade,AAPL,long,15,09:35,196.5589,193.2965,197.56,10:26,197.58,target,0.0849,15.23,0.316,196.51,gap -3.78%
2025-05-27,gapfade,AAPL,short,41,09:35,197.8806,199.3491,196.88,11:30,199.4248,time,0.2324,-63.54,-1.271,198.13,gap +1.62%
2025-05-29,gapfade,AAPL,short,49,09:35,203.109,203.9237,202.025,09:46,202.025,target,0.2848,52.83,1.358,203.13,gap +1.55%
2025-07-11,gapfade,AAPL,long,47,09:35,210.8432,209.77,211.365,10:07,211.365,target,0.284,24.24,0.558,210.695,gap -0.94%
2025-08-07,gapfade,AAPL,short,33,09:35,218.0746,219.6694,216.0975,09:38,219.7354,stop,0.2055,-55.01,-1.112,218.17,gap +2.65%
2025-09-03,gapfade,AAPL,short,19,09:35,235.5493,238.198,233.45,11:30,236.0708,time,0.1276,-10.04,-0.203,235.6,gap +3.27%
2025-09-26,gapfade,AAPL,long,39,09:35,254.6164,253.5362,255.4575,09:41,255.4575,target,0.2834,32.52,0.784,254.6,gap -1.13%
2025-10-30,gapfade,AAPL,short,16,09:35,271.2886,274.3941,270.905,09:35,270.905,target,0.1233,6.01,0.124,271.37,gap +0.80%
2025-11-06,gapfade,AAPL,long,37,09:35,268.8406,267.6621,269.06,09:36,269.06,target,0.2829,7.83,0.202,268.71,gap -0.78%
2025-11-18,gapfade,AAPL,short,27,09:35,269.0443,270.9607,268.7075,09:38,268.7075,target,0.2064,8.89,0.182,269.15,gap +0.90%
2026-01-08,gapfade,AAPL,long,37,09:35,257.3272,256.0287,258.685,09:43,255.9519,stop,0.2694,-51.15,-1.031,257.37,gap -1.28%
2026-03-23,gapfade,AAPL,short,15,09:35,251.5045,254.7445,251.0825,10:05,251.0825,target,0.1074,6.22,0.125,251.43,gap +2.34%
2026-03-25,gapfade,AAPL,short,39,09:35,253.9888,255.0998,253.04,09:48,253.0,target,0.2818,38.28,0.869,253.97,gap +1.02%
2026-04-08,gapfade,AAPL,short,38,09:35,257.8226,258.7685,255.9725,10:03,258.8461,stop,0.2787,-39.17,-1.244,257.94,gap +1.88%
2026-04-29,gapfade,AAPL,long,35,09:35,268.2104,266.783,269.1775,09:48,269.1775,target,0.2677,33.58,0.687,268.18,gap -1.18%
2026-06-01,gapfade,AAPL,long,27,09:35,310.133,308.2414,310.805,09:36,310.805,target,0.2378,17.91,0.369,310.04,gap -0.77%
2026-06-15,gapfade,AAPL,short,34,09:35,293.6519,294.339,292.5375,09:37,294.4273,stop,0.2832,-26.65,-1.54,293.83,gap +1.00%
2026-06-18,gapfade,AAPL,short,19,09:35,297.9606,300.7004,297.255,09:35,297.255,target,0.1605,13.25,0.271,298.13,gap +0.80%
2026-06-29,gapfade,AAPL,short,21,09:35,286.1041,288.6384,284.0,09:43,284.0,target,0.1705,44.02,0.885,286.27,gap +1.91%
2026-07-01,gapfade,AAPL,short,31,09:35,292.1423,293.7334,291.34,09:36,291.34,target,0.2569,24.62,0.495,292.13,gap +1.45%
2026-07-09,gapfade,AAPL,long,17,09:35,310.8232,307.8818,311.89,09:37,311.89,target,0.1502,17.99,0.375,310.7,gap -0.92%
2026-07-23,gapfade,AAPL,long,31,09:35,321.9265,320.4992,323.8375,09:46,320.3939,stop,0.2813,-47.79,-1.105,321.895,gap -1.24%
2026-07-27,gapfade,AAPL,short,26,09:35,335.3144,337.4021,334.39,09:37,334.39,target,0.2467,23.79,0.493,335.545,gap +0.80%
2026-07-28,gapfade,AAPL,short,13,09:35,339.4681,343.2129,338.475,09:43,338.475,target,0.1248,12.79,0.272,339.6,gap +0.92%
2026-08-06,gapfade,AAPL,short,25,09:35,314.3257,316.4161,312.745,10:13,312.745,target,0.2226,39.29,0.797,314.445,gap +1.16%
2026-10-01,gapfade,AAPL,long,16,09:35,331.0093,328.0416,331.38,09:35,331.38,target,0.1501,5.78,0.123,330.99,gap -1.10%
2026-10-02,gapfade,AAPL,short,30,09:35,332.2903,333.6934,331.8,09:40,331.8,target,0.2821,14.43,0.465,332.66,gap +0.82%
2023-10-30,gapfade,MSFT,short,30,09:35,333.07,333.9937,331.69,09:37,334.0939,stop,0.2828,-31.0,-0.928,332.88,gap +1.07%
2023-11-14,gapfade,MSFT,short,26,09:35,370.049,371.9616,368.805,11:31,371.0313,time,0.2718,-25.81,-0.646,370.425,gap +1.20%
2023-12-05,gapfade,MSFT,long,27,09:35,366.915,365.4342,367.79,09:37,367.79,target,0.2805,23.34,0.647,366.77,gap -0.79%
2023-12-11,gapfade,MSFT,long,17,09:35,368.7206,365.7439,371.3625,11:30,368.3595,time,0.1769,-6.32,-0.129,368.625,gap -1.53%
2024-01-16,gapfade,MSFT,short,25,09:35,393.372,394.364,391.095,09:39,391.095,target,0.2775,56.65,2.388,393.415,gap +1.37%
2024-02-13,gapfade,MSFT,long,16,09:35,406.3219,403.0965,410.0375,11:30,408.7573,time,0.1845,38.78,0.781,406.2,gap -2.52%
2024-02-22,gapfade,MSFT,short,24,09:35,409.1222,410.8805,406.26,09:40,411.0037,stop,0.277,-45.43,-1.198,409.3,gap +2.03%
2024-02-23,gapfade,MSFT,short,24,09:35,415.1254,416.1557,413.53,09:57,413.53,target,0.281,38.01,2.85,415.6,gap +1.06%
2024-03-15,gapfade,MSFT,long,23,09:35,420.8362,419.0905,422.5,09:37,418.9648,stop,0.2717,-43.32,-1.089,420.82,gap -1.41%
2024-04-02,gapfade,MSFT,long,23,09:35,420.4261,419.58,422.395,09:50,419.4041,stop,0.272,-23.78,-1.378,420.33,gap -0.99%
2024-04-23,gapfade,MSFT,short,24,09:35,403.6289,405.4701,402.7225,09:45,405.5917,stop,0.2733,-47.38,-1.106,403.685,gap +0.81%
2024-04-26,gapfade,MSFT,short,14,09:35,410.1419,413.383,405.84,11:30,409.0827,time,0.162,14.67,0.301,409.9,gap +3.28%
2024-05-01,gapfade,MSFT,short,25,09:35,390.9977,392.7924,390.8375,09:38,392.9102,stop,0.2759,-48.09,-1.15,391.12,gap +0.79%
2024-05-29,gapfade,MSFT,long,20,09:35,428.0634,425.3942,428.23,09:38,428.27,target,0.2414,3.89,0.08,427.84,gap -0.92%
2024-07-22,gapfade,MSFT,short,22,09:35,440.5728,442.3819,439.45,09:38,442.5147,stop,0.2731,-42.99,-0.976,440.38,gap +1.14%
2024-08-07,gapfade,MSFT,short,24,09:35,408.0176,409.7293,404.0275,10:02,410.108,stop,0.2762,-50.45,-1.168,407.93,gap +2.31%
2024-09-04,gapfade,MSFT,long,20,09:35,406.6019,404.0555,407.72,09:49,407.72,target,0.23,22.13,0.456,406.48,gap -0.95%
2024-09-09,gapfade,MSFT,short,24,09:35,406.673,408.8384,404.62,10:21,404.62,target,0.2753,49.0,1.053,406.9,gap +1.34%
2024-09-17,gapfade,MSFT,short,22,09:35,438.2285,440.43,435.69,09:43,440.5621,stop,0.2717,-51.61,-1.209,438.49,gap +1.96%
2024-10-28,gapfade,MSFT,short,23,09:35,430.6608,432.2818,429.9325,09:38,429.9325,target,0.2792,16.47,0.552,430.985,gap +0.80%
2024-10-30,gapfade,MSFT,short,15,09:35,435.6443,438.9035,434.8975,09:35,434.8975,target,0.1842,11.02,0.231,435.73,gap +1.26%
2024-11-15,gapfade,MSFT,long,23,09:35,420.9913,420.1544,423.6375,09:35,420.0284,stop,0.2724,-22.42,-0.969,421.16,gap -1.44%
2025-01-06,gapfade,MSFT,short,23,09:35,427.6417,429.3289,425.995,09:40,429.4577,stop,0.2773,-42.05,-1.028,427.55,gap +1.04%
2025-01-17,gapfade,MSFT,short,14,09:35,431.6105,434.7443,429.435,09:43,429.435,target,0.1703,30.29,0.628,431.3,gap +2.26%
2025-01-22,gapfade,MSFT,short,22,09:35,437.5387,439.1387,433.15,09:36,439.2704,stop,0.2713,-38.37,-0.992,437.38,gap +2.12%
2025-01-23,gapfade,MSFT,long,22,09:35,442.6878,441.1434,443.985,09:36,443.985,target,0.2752,28.26,0.882,442.6,gap -0.98%
2025-02-03,gapfade,MSFT,long,13,09:35,413.1539,409.2104,413.3,09:35,413.3,target,0.1515,1.75,0.036,412.92,gap -0.82%
2025-02-10,gapfade,MSFT,short,23,09:35,412.1913,414.5341,411.7175,10:33,414.6585,stop,0.2674,-57.01,-1.175,412.425,gap +0.96%
2025-03-07,gapfade,MSFT,long,18,09:35,393.418,390.8438,394.68,09:55,394.68,target,0.2005,22.52,0.473,393.49,gap -1.13%
2025-03-11,gapfade,MSFT,long,26,09:35,380.5491,378.7758,386.2675,11:30,383.07,time,0.2812,65.26,1.541,380.405,gap -3.62%
2025-03-21,gapfade,MSFT,long,24,09:35,384.3253,382.647,385.0075,09:40,385.0075,target,0.2609,16.11,0.334,384.66,gap -0.93%
2025-04-02,gapfade,MSFT,long,16,09:35,379.3938,376.3133,380.1575,09:35,380.1575,target,0.1718,12.05,0.252,379.3,gap -1.01%
2025-04-04,gapfade,MSFT,long,21,09:35,366.2148,363.626,368.49,09:47,368.49,target,0.2186,47.56,0.975,365.95,gap -2.41%
2025-04-14,gapfade,MSFT,short,25,09:35,392.3523,393.4631,390.44,10:41,393.7781,stop,0.2768,-35.92,-1.477,392.49,gap +1.17%
2025-04-21,gapfade,MSFT,long,25,09:35,364.2793,362.3673,365.3275,09:46,362.2586,stop,0.2559,-50.77,-1.035,364.33,gap -1.24%
2025-05-02,gapfade,MSFT,short,14,09:35,431.3706,434.6542,428.8525,09:47,434.8204,stop,0.1702,-48.47,-1.023,431.27,gap +1.71%
2025-05-06,gapfade,MSFT,long,19,09:35,433.39,430.7488,434.02,09:35,434.02,target,0.2324,11.74,0.244,433.28,gap -1.04%
2025-05-21,gapfade,MSFT,long,21,09:35,455.9167,454.2903,456.4725,10:00,456.4725,target,0.27,11.4,0.356,455.815,gap -0.75%
2025-05-23,gapfade,MSFT,long,22,09:35,450.5851,448.6509,452.3825,11:30,450.6548,time,0.2793,1.25,0.028,450.68,gap -1.11%
2025-05-29,gapfade,MSFT,short,21,09:35,460.1419,462.1767,459.4025,09:46,459.08,target,0.2721,22.03,0.582,460.375,gap +0.77%
2025-06-17,gapfade,MSFT,long,21,09:35,476.1928,474.7248,477.195,09:43,474.5824,stop,0.2805,-34.1,-1.216,476.06,gap -0.78%
2025-09-02,gapfade,MSFT,long,9,09:35,501.7605,496.453,503.505,09:50,503.505,target,0.1275,15.57,0.332,501.66,gap -1.28%
2025-09-12,gapfade,MSFT,short,19,09:35,504.1587,507.0265,503.6975,09:45,507.1786,stop,0.2695,-57.65,-1.889,505.42,gap +1.13%
2025-10-27,gapfade,MSFT,short,18,09:35,530.6308,532.6922,527.615,10:07,533.1199,stop,0.2685,-45.07,-1.241,530.675,gap +1.51%
2025-10-28,gapfade,MSFT,short,5,09:35,545.9262,554.1836,540.965,11:30,543.413,time,0.0767,12.49,0.299,545.82,gap +3.57%
2025-10-30,gapfade,MSFT,long,9,09:35,533.635,528.1513,536.3125,09:38,527.9929,stop,0.1336,-50.91,-1.063,533.475,gap -2.25%
2025-11-18,gapfade,MSFT,long,10,09:35,499.9199,494.7148,501.4275,09:55,494.5664,stop,0.1391,-53.67,-1.077,499.7,gap -2.44%
2025-11-20,gapfade,MSFT,short,20,09:35,491.6125,493.7282,489.95,11:00,489.95,target,0.2767,32.97,0.912,491.92,gap +1.24%
2025-11-26,gapfade,MSFT,short,14,09:35,482.8851,486.7963,481.65,09:38,481.65,target,0.1903,17.1,0.352,483.325,gap +1.95%
2025-12-01,gapfade,MSFT,long,20,09:35,487.9814,485.6888,489.7075,09:40,485.5431,stop,0.2733,-49.04,-1.137,487.845,gap -0.79%
2025-12-03,gapfade,MSFT,long,21,09:35,476.3379,475.2293,482.87,10:33,482.87,target,0.2854,136.89,6.785,476.19,gap -2.85%
2025-12-12,gapfade,MSFT,long,16,09:35,481.4144,478.3861,481.8175,10:30,478.2426,stop,0.2154,-50.96,-1.04,481.45,gap -0.76%
2026-01-09,gapfade,MSFT,long,21,09:35,474.5173,473.526,476.165,09:43,476.165,target,0.2815,34.32,1.881,474.395,gap -0.78%
2026-01-14,gapfade,MSFT,long,21,09:35,468.0404,465.6289,468.565,09:40,465.4892,stop,0.2752,-53.85,-1.238,467.7,gap -0.89%
2026-02-06,gapfade,MSFT,short,25,09:35,396.7509,398.9285,396.0225,09:36,399.0482,stop,0.2799,-57.71,-1.229,397.05,gap +1.21%
2026-02-10,gapfade,MSFT,short,18,09:35,417.3548,420.0797,416.675,09:35,416.675,target,0.2118,12.02,0.25,417.405,gap +1.44%
2026-02-27,gapfade,MSFT,long,14,09:35,393.408,389.6699,396.3575,11:01,396.37,target,0.1566,41.31,0.848,393.15,gap -2.70%
2026-03-03,gapfade,MSFT,long,18,09:35,394.8284,392.7019,395.7925,09:40,395.7925,target,0.201,17.15,0.351,395.415,gap -1.35%
2026-03-25,gapfade,MSFT,short,26,09:35,376.0971,377.2869,374.7525,09:42,374.7525,target,0.2762,34.68,1.092,376.065,gap +1.12%
2026-03-30,gapfade,MSFT,short,25,09:35,359.957,362.0617,359.2775,10:22,362.1703,stop,0.2543,-55.59,-1.114,360.065,gap +1.36%
2026-04-01,gapfade,MSFT,short,26,09:35,372.5582,373.6733,371.715,09:35,371.715,target,0.2736,21.65,0.856,372.7,gap +0.86%
2026-04-08,gapfade,MSFT,short,14,09:35,381.6455,385.375,378.585,09:44,378.585,target,0.1509,42.7,0.863,381.84,gap +3.32%
2026-04-16,gapfade,MSFT,short,13,09:35,416.535,420.41,415.6375,09:48,415.6375,target,0.1527,11.51,0.236,416.66,gap +2.11%
2026-04-17,gapfade,MSFT,short,23,09:35,424.0427,425.5451,422.47,09:39,425.6728,stop,0.275,-37.77,-1.109,424.065,gap +1.12%
2026-04-23,gapfade,MSFT,long,12,09:35,421.7165,417.7119,426.11,09:58,417.5866,stop,0.1413,-49.7,-1.042,421.685,gap -3.09%
2026-05-11,gapfade,MSFT,long,9,09:35,410.7482,405.1045,411.3625,09:38,411.3625,target,0.1044,5.42,0.109,410.63,gap -1.74%
2026-05-13,gapfade,MSFT,long,18,09:35,403.9311,401.1584,405.385,09:41,401.0381,stop,0.2037,-52.28,-1.083,403.84,gap -1.17%
2026-05-18,gapfade,MSFT,long,23,09:35,416.91,415.2244,419.2,09:39,419.27,target,0.2719,54.01,1.361,416.95,gap -1.33%
2026-05-21,gapfade,MSFT,short,17,09:35,423.4729,426.5061,422.9,09:35,422.9,target,0.203,9.54,0.194,423.615,gap +0.86%
2026-05-27,gapfade,MSFT,long,17,09:35,412.1836,409.2503,413.495,09:47,413.495,target,0.1982,22.1,0.448,412.15,gap -1.25%
2026-06-01,gapfade,MSFT,short,8,09:35,460.3818,466.1457,457.14,10:00,466.2855,stop,0.1037,-47.33,-1.041,460.46,gap +3.43%
2026-06-02,gapfade,MSFT,long,15,09:35,449.0847,445.2743,453.7725,09:40,445.1407,stop,0.1881,-59.35,-1.254,448.43,gap -2.91%
2026-06-15,gapfade,MSFT,short,23,09:35,395.7113,398.0276,393.655,09:58,398.147,stop,0.2568,-56.28,-1.147,395.895,gap +1.53%
2026-06-22,gapfade,MSFT,long,26,09:35,375.5726,373.9856,377.1275,09:38,377.1275,target,0.2769,40.15,1.0,375.53,gap -1.03%
2026-06-23,gapfade,MSFT,short,22,09:35,371.1686,373.6933,369.875,09:36,373.8054,stop,0.2307,-58.24,-1.215,371.515,gap +1.45%
2026-07-09,gapfade,MSFT,long,18,09:35,375.8827,373.1015,378.79,09:45,378.79,target,0.1925,52.14,1.083,375.775,gap -2.26%
2026-07-17,gapfade,MSFT,long,20,09:35,395.6787,393.1265,398.085,09:38,398.085,target,0.2247,47.9,0.966,395.605,gap -1.51%
2026-07-21,gapfade,MSFT,long,14,09:35,399.6198,395.9636,400.7475,09:37,400.7475,target,0.1583,15.63,0.323,399.42,gap -0.86%
2026-07-24,gapfade,MSFT,short,13,09:35,385.2194,389.0587,384.5425,09:39,384.31,target,0.1414,11.68,0.24,385.32,gap +1.57%
2026-07-27,gapfade,MSFT,short,14,09:35,389.3332,392.7624,385.755,10:05,392.9228,stop,0.1539,-50.41,-1.054,389.345,gap +2.07%
2026-08-17,gapfade,MSFT,long,20,09:35,491.7175,489.4401,492.745,09:38,489.2932,stop,0.2754,-48.76,-1.189,491.49,gap -1.05%
2026-09-01,gapfade,MSFT,long,20,09:35,499.1797,496.6129,502.3975,09:41,502.3975,target,0.2827,64.07,1.371,498.95,gap -1.80%
2026-09-08,gapfade,MSFT,long,16,09:35,494.3333,491.2533,496.3725,09:53,491.1059,stop,0.2211,-51.86,-1.078,494.26,gap -1.27%
2026-09-15,gapfade,MSFT,long,19,09:35,500.5401,498.7008,502.89,09:35,502.89,target,0.2688,44.38,1.399,500.37,gap -1.12%
2026-09-16,gapfade,MSFT,long,12,09:35,494.3983,490.7088,495.2275,09:40,495.2275,target,0.1672,9.78,0.212,494.56,gap -0.76%
2026-09-17,gapfade,MSFT,short,7,09:35,495.1464,501.9014,493.6425,09:36,493.6425,target,0.0975,10.43,0.226,495.32,gap +1.30%
2026-09-28,gapfade,MSFT,long,13,09:35,504.9865,501.8776,510.8125,11:30,508.9973,time,0.1861,51.95,1.097,505.52,gap -2.07%
2026-10-01,gapfade,MSFT,short,12,09:35,518.9743,523.0175,516.3375,10:02,516.3375,target,0.1751,31.47,0.633,518.875,gap +1.34%
2026-10-06,gapfade,MSFT,short,17,09:35,529.6311,532.4019,528.3125,09:49,532.5616,stop,0.2531,-50.07,-1.036,529.56,gap +1.26%
2023-10-18,gapfade,NVDA,long,77,09:35,43.1129,42.4675,43.275,09:45,42.4547,stop,0.1037,-50.78,-1.026,43.11,gap -3.07%
2023-10-27,gapfade,NVDA,short,134,09:35,40.8677,41.2412,40.7,09:36,40.7,target,0.1745,22.3,0.448,40.87,gap +2.14%
2023-11-02,gapfade,NVDA,short,97,09:35,42.9971,43.5435,42.82,09:40,43.5631,stop,0.132,-55.03,-1.105,43.03,gap +2.41%
2023-11-14,gapfade,NVDA,short,151,09:35,49.4552,49.7597,49.135,09:44,49.7746,stop,0.2327,-48.47,-0.974,49.43,gap +2.16%
2023-12-06,gapfade,NVDA,short,168,09:35,47.0959,47.4274,46.905,09:38,46.905,target,0.2478,31.82,0.637,47.13,gap +1.35%
2024-01-03,gapfade,NVDA,long,109,09:35,47.7443,47.2727,47.815,09:35,47.815,target,0.163,7.54,0.151,47.73,gap -1.60%
2024-01-18,gapfade,NVDA,short,175,09:35,57.0829,57.3973,56.67,09:36,57.4146,stop,0.3068,-58.35,-1.202,57.12,gap +2.18%
2024-01-19,gapfade,NVDA,short,147,09:35,57.6727,58.048,57.54,09:40,57.54,target,0.2601,19.25,0.387,57.71,gap +1.51%
2024-01-30,gapfade,NVDA,short,88,09:35,62.7212,63.3333,62.715,09:46,62.715,target,0.168,0.38,0.008,62.77,gap +0.75%
2024-01-31,gapfade,NVDA,long,86,09:35,61.8385,61.2787,62.065,10:28,61.2603,stop,0.1607,-49.89,-0.998,61.86,gap -2.31%
2024-02-01,gapfade,NVDA,short,161,09:35,61.9314,62.2121,61.83,09:35,61.83,target,0.3039,16.02,0.366,61.94,gap +1.01%
2024-02-09,gapfade,NVDA,short,142,09:35,70.3489,70.7106,70.09,09:47,70.7319,stop,0.3013,-54.68,-1.281,70.41,gap +1.21%
2024-02-13,gapfade,NVDA,long,40,09:35,70.7612,69.6203,71.355,09:47,71.355,target,0.086,23.67,0.485,70.84,gap -2.61%
2024-02-21,gapfade,NVDA,long,49,09:35,68.7206,67.6223,68.75,09:37,68.88,target,0.102,7.71,0.155,68.64,gap -2.13%
2024-02-28,gapfade,NVDA,long,122,09:35,77.8634,77.1927,78.155,10:31,77.1369,stop,0.2819,-88.91,-1.79,77.6,gap -1.54%
2024-03-04,gapfade,NVDA,short,99,09:35,84.1348,84.6145,83.195,09:36,84.6399,stop,0.248,-50.26,-1.006,84.11,gap +2.32%
2024-03-06,gapfade,NVDA,short,113,09:35,87.8136,88.1881,86.98,09:35,88.2146,stop,0.2946,-45.6,-1.159,87.84,gap +2.33%
2024-03-12,gapfade,NVDA,short,46,09:35,87.1638,88.2682,86.97,09:43,86.97,target,0.1191,8.8,0.179,87.2,gap +2.63%
2024-03-14,gapfade,NVDA,long,58,09:35,90.127,89.2307,90.235,09:37,90.235,target,0.1551,6.11,0.123,90.09,gap -1.44%
2024-03-19,gapfade,NVDA,long,40,09:35,87.2262,86.0139,87.55,09:39,85.9742,stop,0.1022,-50.18,-1.023,87.24,gap -2.06%
2024-03-21,gapfade,NVDA,short,40,09:35,91.4726,92.6526,91.31,09:42,91.31,target,0.1084,6.39,0.13,91.42,gap +2.10%
2024-04-10,gapfade,NVDA,long,88,09:35,84.5454,83.6962,84.655,09:35,84.655,target,0.2217,9.43,0.19,84.26,gap -1.68%
2024-04-22,gapfade,NVDA,short,42,09:35,77.6567,78.8788,77.175,09:45,78.9025,stop,0.0976,-52.42,-1.05,77.69,gap +2.56%
2024-04-23,gapfade,NVDA,short,56,09:35,80.3259,81.2512,80.195,09:45,81.2755,stop,0.1343,-53.31,-1.068,80.36,gap +1.62%
2024-04-24,gapfade,NVDA,short,119,09:35,83.8148,84.1541,83.195,09:40,83.195,target,0.297,73.46,2.173,83.87,gap +1.95%
2024-04-25,gapfade,NVDA,long,46,09:35,79.2538,78.1418,79.3,09:35,79.3,target,0.109,2.02,0.041,79.22,gap -0.95%
2024-05-03,gapfade,NVDA,short,88,09:35,87.4738,88.068,86.735,09:47,88.0944,stop,0.2286,-54.85,-1.097,87.5,gap +2.13%
2024-05-08,gapfade,NVDA,long,111,09:35,89.7169,89.3606,90.0,09:36,90.0,target,0.2961,31.13,0.702,89.76,gap -1.15%
2024-06-05,gapfade,NVDA,short,84,09:35,117.9946,118.4483,117.375,09:38,118.5055,stop,0.2895,-43.21,-1.075,117.97,gap +1.62%
2024-06-13,gapfade,NVDA,short,39,09:35,128.6014,129.8597,127.335,11:30,128.0634,time,0.1459,20.84,0.417,128.58,gap +3.28%
2024-06-20,gapfade,NVDA,short,59,09:35,139.2082,140.0899,137.69,09:40,140.132,stop,0.2381,-54.74,-1.111,139.255,gap +3.04%
2024-06-21,gapfade,NVDA,long,17,09:35,128.5686,125.6342,128.895,09:50,125.5965,stop,0.0622,-50.59,-1.049,128.47,gap -2.88%
2024-06-24,gapfade,NVDA,long,30,09:35,124.1172,122.4175,124.99,09:48,122.3807,stop,0.107,-52.2,-1.072,124.04,gap -2.94%
2024-06-25,gapfade,NVDA,short,43,09:35,120.5138,121.7116,119.64,09:37,119.64,target,0.1512,37.42,0.756,120.56,gap +2.64%
2024-06-27,gapfade,NVDA,long,51,09:35,124.8875,123.906,125.24,09:36,125.24,target,0.186,17.79,0.358,124.88,gap -1.82%
2024-07-02,gapfade,NVDA,long,82,09:35,121.3364,120.9389,122.66,09:42,122.66,target,0.2932,108.24,3.211,121.35,gap -2.46%
2024-07-10,gapfade,NVDA,short,47,09:35,133.335,134.3442,132.715,09:35,132.715,target,0.182,28.96,0.584,133.29,gap +2.00%
2024-07-18,gapfade,NVDA,short,39,09:35,121.4935,122.4723,119.9,09:41,119.9,target,0.1382,62.01,1.25,121.2,gap +3.27%
2024-07-26,gapfade,NVDA,short,27,09:35,114.4756,116.2862,114.245,09:47,114.245,target,0.0904,6.14,0.127,114.49,gap +3.39%
2024-08-06,gapfade,NVDA,short,30,09:35,103.199,104.9248,102.2425,09:36,102.2425,target,0.091,28.6,0.576,103.27,gap +3.18%
2024-08-07,gapfade,NVDA,short,28,09:35,107.2278,108.8287,105.92,09:58,105.92,target,0.0881,36.53,0.748,107.085,gap +3.69%
2024-08-08,gapfade,NVDA,short,73,09:35,101.3596,102.1721,100.425,09:38,100.425,target,0.2178,68.01,1.366,101.49,gap +3.19%
2024-08-13,gapfade,NVDA,short,42,09:35,111.9414,113.153,110.745,09:46,113.187,stop,0.1377,-52.45,-1.065,111.98,gap +3.09%
2024-08-15,gapfade,NVDA,short,84,09:35,118.5994,119.119,118.4575,09:37,119.1547,stop,0.2909,-46.94,-1.109,118.615,gap +0.83%
2024-08-23,gapfade,NVDA,short,79,09:35,125.6923,126.086,124.85,09:35,126.1238,stop,0.2892,-34.38,-1.127,125.7,gap +1.63%
2024-08-30,gapfade,NVDA,short,50,09:35,118.8443,119.9398,118.56,09:38,119.9758,stop,0.1735,-56.75,-1.135,118.94,gap +1.63%
2024-09-04,gapfade,NVDA,long,44,09:35,106.0568,104.905,106.695,09:37,104.8735,stop,0.1356,-52.2,-1.055,106.03,gap -2.43%
2024-09-17,gapfade,NVDA,short,48,09:35,117.8246,118.9138,117.465,09:42,117.465,target,0.1652,17.1,0.348,117.89,gap +1.24%
2024-09-26,gapfade,NVDA,short,57,09:35,126.3421,127.2671,125.125,09:38,127.3053,stop,0.2097,-55.11,-1.115,126.4,gap +2.65%
2024-09-30,gapfade,NVDA,long,31,09:35,119.6259,118.0318,119.83,09:35,119.83,target,0.1084,6.22,0.127,119.61,gap -2.51%
2024-10-04,gapfade,NVDA,short,52,09:35,124.2127,125.125,123.875,09:46,123.875,target,0.1882,17.37,0.354,124.18,gap +1.72%
2024-10-09,gapfade,NVDA,short,51,09:35,133.6149,134.6545,133.5375,09:35,133.5375,target,0.1979,3.75,0.075,133.675,gap +0.90%
2024-10-16,gapfade,NVDA,short,62,09:35,133.39,134.2241,132.8625,09:43,132.8625,target,0.2402,32.46,0.651,133.42,gap +1.66%
2024-10-17,gapfade,NVDA,short,32,09:35,138.5984,140.13,137.535,09:52,140.172,stop,0.1286,-50.48,-1.038,138.61,gap +2.67%
2024-10-18,gapfade,NVDA,short,65,09:35,138.2485,138.9388,137.855,09:40,137.855,target,0.2606,25.32,0.507,138.17,gap +1.37%
2024-10-24,gapfade,NVDA,short,61,09:35,140.5678,141.3412,140.21,09:39,141.3836,stop,0.2485,-50.01,-1.011,140.53,gap +0.93%
2024-11-04,gapfade,NVDA,short,39,09:35,136.519,137.8377,136.315,09:35,136.315,target,0.1545,7.8,0.157,136.565,gap +1.35%
2024-11-12,gapfade,NVDA,short,68,09:35,146.606,147.2871,146.0275,09:35,147.3313,stop,0.2884,-49.61,-1.032,146.58,gap +1.02%
2024-11-14,gapfade,NVDA,short,67,09:35,147.1458,147.8877,147.03,09:35,147.03,target,0.2852,7.48,0.165,147.21,gap +0.79%
2024-11-21,gapfade,NVDA,short,11,09:35,148.2055,153.0229,147.58,09:37,147.58,target,0.0471,6.83,0.137,148.5,gap +2.32%
2024-11-29,gapfade,NVDA,short,63,09:35,136.2891,137.137,136.0525,09:35,136.0525,target,0.2492,14.66,0.296,136.35,gap +1.01%
2024-12-04,gapfade,NVDA,short,49,09:35,141.6975,142.7726,141.1475,09:39,141.1475,target,0.2012,26.75,0.544,141.77,gap +1.32%
2024-12-19,gapfade,NVDA,short,63,09:35,131.1057,131.9668,130.2325,09:36,130.2325,target,0.2401,54.77,1.105,131.18,gap +2.30%
2025-01-08,gapfade,NVDA,short,57,09:35,142.4922,143.3632,141.4,09:38,141.4,target,0.2353,62.02,1.261,142.5,gap +1.76%
2025-01-14,gapfade,NVDA,short,55,09:35,135.5293,136.4563,134.645,09:47,134.645,target,0.2164,48.42,0.971,135.55,gap +2.12%
2025-01-16,gapfade,NVDA,short,46,09:35,137.7587,138.8587,137.445,09:45,137.445,target,0.1838,14.24,0.287,137.78,gap +1.84%
2025-01-17,gapfade,NVDA,short,53,09:35,135.9192,136.7566,135.05,09:45,136.7976,stop,0.2091,-46.77,-0.937,135.815,gap +2.20%
2025-01-21,gapfade,NVDA,short,71,09:35,139.0383,139.6145,138.47,09:35,139.6564,stop,0.2862,-44.17,-1.083,139.04,gap +1.07%
2025-01-24,gapfade,NVDA,short,41,09:35,147.7257,149.109,147.795,09:35,147.77,target,0.1752,-1.99,-0.041,147.91,gap +0.79%
2025-01-31,gapfade,NVDA,long,78,09:35,123.9472,123.2266,124.36,09:36,123.1897,stop,0.2801,-59.36,-1.202,123.86,gap -0.88%
2025-02-06,gapfade,NVDA,short,38,09:35,126.1921,127.5574,126.1625,09:35,126.1625,target,0.1396,0.99,0.02,126.25,gap +1.93%
2025-02-12,gapfade,NVDA,long,26,09:35,130.9143,128.9809,131.42,09:39,131.42,target,0.0993,13.05,0.267,130.86,gap -2.12%
2025-02-24,gapfade,NVDA,short,40,09:35,136.729,137.9979,135.545,09:46,138.0393,stop,0.1587,-52.57,-1.053,136.75,gap +1.81%
2025-02-26,gapfade,NVDA,short,20,09:35,129.2712,131.7116,128.23,10:40,131.7511,stop,0.0752,-49.67,-1.03,129.3,gap +2.70%
2025-03-06,gapfade,NVDA,long,40,09:35,113.6641,112.4824,115.4175,09:36,112.4487,stop,0.1317,-48.75,-0.985,113.72,gap -3.29%
2025-03-19,gapfade,NVDA,short,33,09:35,116.755,118.2531,116.43,09:37,116.43,target,0.1126,10.61,0.215,116.76,gap +1.51%
2025-03-27,gapfade,NVDA,long,48,09:35,111.6985,110.5693,112.5375,09:49,112.5375,target,0.1581,40.11,0.807,111.605,gap -2.07%
2025-04-02,gapfade,NVDA,long,50,09:35,107.7173,106.6932,108.71,09:37,108.71,target,0.1594,49.48,1.008,107.675,gap -2.60%
2025-04-09,gapfade,NVDA,short,30,09:35,98.0106,99.6896,97.645,09:40,99.7195,stop,0.0867,-51.35,-1.044,98.05,gap +2.56%
2025-04-11,gapfade,NVDA,short,57,09:35,108.4375,109.2892,108.13,09:36,109.322,stop,0.1813,-50.6,-1.021,108.42,gap +0.85%
2025-04-14,gapfade,NVDA,short,37,09:35,112.9811,114.4043,112.455,09:37,112.455,target,0.1224,19.34,0.389,113.06,gap +3.05%
2025-04-21,gapfade,NVDA,long,96,09:35,99.0797,98.4914,100.07,09:35,98.4619,stop,0.2787,-59.59,-1.197,99.01,gap -2.62%
2025-05-06,gapfade,NVDA,long,89,09:35,111.5334,111.0438,112.63,09:53,111.0105,stop,0.2894,-46.83,-1.153,111.5,gap -2.02%
2025-05-15,gapfade,NVDA,long,49,09:35,134.5504,133.4964,134.825,09:40,133.4563,stop,0.1899,-53.8,-1.094,134.5,gap -0.78%
2025-05-16,gapfade,NVDA,short,73,09:35,136.1491,136.4263,135.555,09:37,135.555,target,0.2884,43.08,2.396,136.18,gap +0.96%
2025-05-19,gapfade,NVDA,long,75,09:35,132.8148,132.3575,133.925,09:36,133.925,target,0.2917,82.97,2.97,132.73,gap -2.05%
2025-05-21,gapfade,NVDA,long,74,09:35,133.6201,132.887,133.73,09:35,133.73,target,0.2874,7.85,0.164,133.535,gap -1.01%
2025-05-23,gapfade,NVDA,long,29,09:35,130.8492,129.0508,131.405,11:01,131.405,target,0.1108,16.01,0.321,130.77,gap -2.25%
2025-05-27,gapfade,NVDA,short,51,09:35,133.8398,134.8697,132.72,10:04,134.9105,stop,0.1982,-54.8,-1.108,133.9,gap +2.16%
2025-06-03,gapfade,NVDA,short,53,09:35,138.2585,139.149,138.075,09:38,138.075,target,0.2125,9.51,0.193,138.22,gap +1.03%
2025-06-06,gapfade,NVDA,short,53,09:35,141.9574,142.9328,141.2575,09:43,142.9757,stop,0.218,-54.19,-1.084,141.99,gap +1.78%
2025-06-13,gapfade,NVDA,long,56,09:35,143.2079,142.2976,143.74,10:11,142.2549,stop,0.2308,-53.6,-1.079,143.185,gap -1.74%
2025-06-23,gapfade,NVDA,long,70,09:35,142.5227,142.1877,143.1225,09:38,143.1225,target,0.2901,41.69,1.907,142.5,gap -0.89%
2025-07-01,gapfade,NVDA,long,63,09:35,156.552,156.0538,157.13,09:42,156.007,stop,0.2837,-34.62,-1.274,156.485,gap -1.08%
2025-07-31,gapfade,NVDA,short,45,09:35,182.2553,183.4433,181.1175,09:38,181.1175,target,0.2355,50.97,1.036,182.35,gap +2.01%
2025-08-14,gapfade,NVDA,long,41,09:35,180.5842,179.3505,180.66,09:35,180.66,target,0.2127,2.9,0.059,180.55,gap -0.98%
2025-09-02,gapfade,NVDA,long,36,09:35,169.921,168.5063,171.9725,09:50,171.9725,target,0.1781,73.68,1.474,169.895,gap -2.57%
2025-09-11,gapfade,NVDA,short,42,09:35,179.2162,180.4202,178.455,09:36,178.455,target,0.2162,31.75,0.641,179.24,gap +1.34%
2025-10-09,gapfade,NVDA,short,32,09:35,191.6825,193.2831,190.6,09:47,193.3411,stop,0.1758,-53.25,-1.085,191.75,gap +1.60%
2025-10-13,gapfade,NVDA,short,32,09:35,187.8086,189.4092,185.56,09:53,189.466,stop,0.1724,-53.21,-1.07,187.855,gap +2.63%
2025-10-15,gapfade,NVDA,short,23,09:35,182.8151,185.0148,182.415,09:35,182.415,target,0.1207,9.08,0.182,182.85,gap +2.65%
2025-10-16,gapfade,NVDA,short,54,09:35,182.0354,182.4723,180.995,09:38,182.527,stop,0.2822,-26.83,-1.335,182.1,gap +1.25%
2025-11-10,gapfade,NVDA,short,39,09:35,194.2767,195.5954,191.66,10:05,195.6541,stop,0.2171,-53.93,-1.089,194.325,gap +3.67%
2025-11-17,gapfade,NVDA,long,24,09:35,186.851,184.7551,188.1275,09:37,188.1275,target,0.1295,30.51,0.631,186.77,gap -2.27%
2025-11-18,gapfade,NVDA,long,50,09:35,183.5,182.4274,184.965,09:43,182.3727,stop,0.2618,-56.63,-1.141,183.42,gap -1.83%
2025-11-19,gapfade,NVDA,short,36,09:35,183.7749,185.175,183.0175,09:36,185.2305,stop,0.1899,-52.59,-1.078,183.82,gap +1.94%
2025-12-15,gapfade,NVDA,short,43,09:35,176.9969,178.148,176.4825,09:39,176.4825,target,0.2187,21.9,0.444,177.0,gap +1.62%
2025-12-18,gapfade,NVDA,short,35,09:35,173.6979,175.0349,172.7575,09:39,172.7575,target,0.1748,32.74,0.659,173.615,gap +2.08%
2025-12-22,gapfade,NVDA,short,43,09:35,182.9351,184.174,182.46,09:36,182.46,target,0.2258,20.2,0.407,183.02,gap +1.61%
2026-01-06,gapfade,NVDA,short,52,09:35,190.1829,191.151,189.285,09:41,189.285,target,0.2836,46.41,0.98,190.24,gap +1.23%
2026-01-20,gapfade,NVDA,long,26,09:35,182.1346,180.1946,183.98,09:40,180.1406,stop,0.1345,-51.98,-1.066,182.07,gap -2.30%
2026-01-23,gapfade,NVDA,short,20,09:35,187.3538,189.7896,186.175,11:30,187.8313,time,0.1075,-9.66,-0.203,187.405,gap +1.44%
2026-02-10,gapfade,NVDA,short,26,09:35,190.8127,192.6725,190.6475,09:36,190.6475,target,0.1422,4.15,0.085,190.8,gap +0.77%
2026-02-11,gapfade,NVDA,short,33,09:35,191.7525,193.3582,190.365,10:10,190.365,target,0.1814,45.6,0.929,191.87,gap +2.06%
2026-02-12,gapfade,NVDA,short,29,09:35,192.1223,193.7736,191.48,09:48,191.48,target,0.1597,18.47,0.381,192.1,gap +1.58%
2026-02-18,gapfade,NVDA,short,36,09:35,187.8636,189.3692,186.875,10:04,189.426,stop,0.194,-56.44,-1.137,187.99,gap +1.91%
2026-02-25,gapfade,NVDA,short,44,09:35,194.0218,195.185,193.6675,09:51,195.2435,stop,0.2446,-54.0,-1.101,194.07,gap +0.83%
2026-03-05,gapfade,NVDA,long,48,09:35,181.7995,180.7041,182.095,09:36,182.095,target,0.251,13.93,0.279,181.745,gap -0.96%
2026-03-06,gapfade,NVDA,long,34,09:35,181.0493,179.5053,181.5925,09:45,181.5925,target,0.1773,18.29,0.372,180.95,gap -1.87%
2026-03-12,gapfade,NVDA,long,43,09:35,184.4353,183.3764,185.005,09:46,183.3214,stop,0.2263,-48.12,-0.979,184.52,gap -1.08%
2026-03-23,gapfade,NVDA,short,56,09:35,176.9569,177.8477,175.075,09:58,177.901,stop,0.2848,-53.16,-1.094,176.98,gap +2.51%
2026-04-02,gapfade,NVDA,long,29,09:35,173.392,171.823,173.99,09:39,171.7715,stop,0.1433,-47.14,-0.964,173.51,gap -2.07%
2026-04-07,gapfade,NVDA,long,50,09:35,176.0628,175.0847,176.695,09:36,176.695,target,0.2539,31.36,0.63,176.08,gap -1.01%
2026-04-08,gapfade,NVDA,short,43,09:35,184.2047,185.3952,181.3,10:11,181.3,target,0.2273,124.68,2.499,184.235,gap +3.58%
2026-04-13,gapfade,NVDA,long,53,09:35,186.5009,185.5742,187.31,09:54,187.31,target,0.2848,42.6,0.95,186.42,gap -1.38%
2026-04-17,gapfade,NVDA,short,39,09:35,199.795,201.0859,199.055,09:49,201.1462,stop,0.2231,-52.92,-1.08,199.83,gap +0.80%
2026-04-20,gapfade,NVDA,long,23,09:35,200.4351,198.2316,200.8325,11:05,198.1721,stop,0.1305,-52.18,-1.081,200.33,gap -0.83%
2026-04-28,gapfade,NVDA,long,23,09:35,210.3481,208.0418,213.0275,10:06,213.0275,target,0.14,61.49,1.256,210.17,gap -3.24%
2026-05-18,gapfade,NVDA,short,19,09:35,227.2518,230.2,227.3525,09:35,227.32,target,0.1232,-1.42,-0.028,227.57,gap +1.82%
2026-05-20,gapfade,NVDA,short,42,09:35,222.0534,223.3982,221.91,09:35,221.91,target,0.2662,5.76,0.116,222.22,gap +1.15%
2026-06-02,gapfade,NVDA,short,37,09:35,226.3121,227.6774,225.8125,09:35,225.8125,target,0.2389,18.25,0.374,226.36,gap +1.24%
2026-06-08,gapfade,NVDA,short,22,09:35,208.3475,210.5704,207.4075,09:55,207.4075,target,0.1311,20.55,0.421,208.35,gap +2.18%
2026-06-10,gapfade,NVDA,long,40,09:35,205.3116,204.0857,206.2525,09:36,206.2525,target,0.236,37.4,0.758,205.32,gap -1.87%
2026-06-18,gapfade,NVDA,short,32,09:35,206.568,208.178,206.05,09:52,208.2404,stop,0.1891,-53.71,-1.098,206.65,gap +1.32%
2026-07-07,gapfade,NVDA,long,34,09:35,192.8078,191.2486,193.92,10:35,191.1912,stop,0.1864,-55.15,-1.118,192.7,gap -1.71%
2026-07-21,gapfade,NVDA,short,21,09:35,206.3481,208.8186,205.415,09:56,205.415,target,0.124,19.47,0.393,206.46,gap +2.05%
2026-07-30,gapfade,NVDA,short,32,09:35,192.0224,193.6134,191.7375,09:37,191.7375,target,0.1761,8.94,0.18,192.065,gap +1.72%
2026-08-04,gapfade,NVDA,short,35,09:35,210.8567,212.3221,209.105,10:57,209.105,target,0.211,61.1,1.236,210.91,gap +2.31%
2026-08-11,gapfade,NVDA,short,33,09:35,220.6338,222.3121,219.79,09:36,219.79,target,0.2079,27.64,0.558,220.81,gap +2.12%
2026-08-18,gapfade,NVDA,long,34,09:35,220.7162,219.2355,222.705,10:10,219.1698,stop,0.2128,-52.79,-1.082,220.67,gap -2.13%
2026-08-19,gapfade,NVDA,short,32,09:35,221.3736,223.0929,220.7375,09:38,220.7375,target,0.2022,20.15,0.408,221.55,gap +0.92%
2026-09-08,gapfade,NVDA,short,24,09:35,231.7005,233.9237,231.7,09:35,231.7,target,0.1586,-0.15,-0.003,231.86,gap +1.31%
2026-09-16,gapfade,NVDA,short,46,09:35,213.7559,214.4042,213.1675,09:47,214.4685,stop,0.281,-33.06,-1.252,213.83,gap +0.95%
2026-09-17,gapfade,NVDA,short,31,09:35,217.1948,218.8787,216.06,09:58,218.9443,stop,0.1923,-54.43,-1.098,217.28,gap +1.98%
2026-10-06,gapfade,NVDA,short,21,09:35,241.1476,243.5833,240.51,11:30,241.7325,time,0.1443,-12.43,-0.254,241.25,gap +1.28%
2023-10-16,gapfade,AMZN,short,76,09:35,130.7608,131.171,130.33,09:37,131.2104,stop,0.2889,-34.46,-1.33,130.83,gap +0.80%
2023-10-18,gapfade,AMZN,long,46,09:35,130.194,129.0758,130.6625,11:06,129.0371,stop,0.1726,-53.39,-1.081,130.15,gap -1.21%
2023-10-24,gapfade,AMZN,short,78,09:35,127.6117,128.128,127.1575,09:35,127.1575,target,0.2897,35.14,0.942,127.65,gap +0.96%
2023-11-02,gapfade,AMZN,short,72,09:35,138.1585,138.9238,137.885,09:46,137.885,target,0.2885,19.41,0.394,138.24,gap +1.28%
2023-11-15,gapfade,AMZN,short,59,09:35,146.516,147.3972,146.435,09:35,146.435,target,0.2501,4.53,0.091,146.55,gap +0.91%
2024-01-18,gapfade,AMZN,short,64,09:35,152.3643,153.133,152.2725,09:40,153.1789,stop,0.2817,-52.42,-1.06,152.36,gap +0.79%
2024-01-24,gapfade,AMZN,short,46,09:35,157.5627,158.5984,156.91,09:53,156.91,target,0.2091,29.82,0.607,157.53,gap +1.12%
2024-02-22,gapfade,AMZN,short,37,09:35,172.4083,173.7436,170.86,11:30,172.3017,time,0.1835,3.76,0.077,172.42,gap +2.66%
2024-03-06,gapfade,AMZN,short,48,09:35,175.6723,176.5914,174.855,09:52,174.825,target,0.2424,40.43,0.809,175.55,gap +0.82%
2024-03-07,gapfade,AMZN,short,57,09:35,174.3127,175.0849,174.175,09:43,174.175,target,0.2857,7.56,0.186,174.37,gap +0.80%
2024-03-12,gapfade,AMZN,short,41,09:35,172.7881,174.1039,172.7,09:39,172.69,target,0.2037,3.82,0.077,172.9,gap +0.85%
2024-03-15,gapfade,AMZN,long,46,09:35,177.4532,176.4684,177.915,09:38,176.4154,stop,0.2332,-47.97,-0.964,177.55,gap -1.03%
2024-03-18,gapfade,AMZN,short,56,09:35,175.7623,176.1159,175.1775,09:35,176.1688,stop,0.2829,-23.05,-0.865,175.64,gap +0.81%
2024-04-02,gapfade,AMZN,long,55,09:35,179.2938,178.7561,180.0325,09:40,178.7024,stop,0.2824,-32.81,-1.077,179.31,gap -0.93%
2024-04-05,gapfade,AMZN,short,54,09:35,182.3353,182.8927,181.255,09:40,182.9476,stop,0.2827,-33.35,-1.349,182.435,gap +1.35%
2024-04-10,gapfade,AMZN,long,34,09:35,184.0052,182.5473,184.225,09:35,184.225,target,0.1798,7.29,0.149,183.985,gap -1.59%
2024-04-26,gapfade,AMZN,short,33,09:35,176.542,178.168,175.7675,10:42,178.2235,stop,0.1674,-55.65,-1.133,176.68,gap +2.36%
2024-04-29,gapfade,AMZN,short,42,09:35,182.4453,183.6535,181.0925,09:40,181.0925,target,0.22,56.6,1.139,182.47,gap +1.75%
2024-05-01,gapfade,AMZN,short,22,09:35,179.7311,182.0168,178.6325,09:53,182.0714,stop,0.1136,-51.6,-1.053,179.79,gap +3.45%
2024-05-02,gapfade,AMZN,short,48,09:35,180.5758,181.6715,179.905,09:39,181.726,stop,0.2489,-55.46,-1.126,180.645,gap +1.20%
2024-05-03,gapfade,AMZN,short,48,09:35,186.3491,187.2671,185.8075,09:38,185.8075,target,0.2566,25.74,0.517,186.23,gap +1.09%
2024-06-21,gapfade,AMZN,short,53,09:35,187.2538,188.0278,186.9,09:48,188.0842,stop,0.2847,-44.3,-1.075,187.25,gap +0.90%
2024-07-18,gapfade,AMZN,short,52,09:35,189.0083,189.8346,188.8025,09:36,188.8025,target,0.2819,10.42,0.22,188.925,gap +0.79%
2024-07-24,gapfade,AMZN,long,50,09:35,183.8351,182.9619,184.73,09:42,184.73,target,0.2651,44.48,0.905,183.945,gap -1.60%
2024-07-31,gapfade,AMZN,short,41,09:35,184.4397,185.6955,183.425,09:39,185.7907,stop,0.217,-55.61,-1.12,184.485,gap +1.86%
2024-08-07,gapfade,AMZN,short,50,09:35,165.8002,166.8267,164.2875,10:44,166.8767,stop,0.2388,-54.06,-1.085,165.83,gap +2.93%
2024-08-08,gapfade,AMZN,short,44,09:35,164.1707,165.3752,163.9575,09:35,163.9575,target,0.2081,9.17,0.185,164.25,gap +1.48%
2024-08-15,gapfade,AMZN,short,41,09:35,174.5576,175.7656,172.4875,09:52,175.8183,stop,0.2058,-51.89,-1.05,174.56,gap +2.89%
2024-08-29,gapfade,AMZN,short,57,09:35,173.0731,173.5984,172.035,10:00,173.6505,stop,0.2837,-33.2,-1.217,173.12,gap +1.42%
2024-09-19,gapfade,AMZN,short,52,09:35,189.873,190.3802,188.23,10:26,190.4471,stop,0.2831,-30.14,-1.182,189.89,gap +1.97%
2024-10-10,gapfade,AMZN,short,53,09:35,186.8689,187.9728,186.17,10:01,188.0292,stop,0.2841,-61.78,-1.263,187.05,gap +1.06%
2024-10-25,gapfade,AMZN,short,49,09:35,187.7137,188.7386,187.115,09:38,188.7952,stop,0.2638,-53.26,-1.067,187.72,gap +0.77%
2024-10-28,gapfade,AMZN,short,52,09:35,189.3132,190.3802,188.705,11:30,189.5068,time,0.2823,-10.35,-0.216,189.46,gap +0.91%
2024-12-19,gapfade,AMZN,short,31,09:35,224.0028,225.8056,222.79,11:30,225.1775,time,0.1982,-36.62,-0.743,224.215,gap +2.09%
2024-12-20,gapfade,AMZN,long,27,09:35,220.4661,218.5612,221.5825,10:16,221.5825,target,0.1708,29.97,0.615,220.365,gap -1.53%
2024-12-24,gapfade,AMZN,short,44,09:35,226.2921,227.1169,225.815,09:37,227.185,stop,0.2841,-39.57,-1.349,226.45,gap +0.93%
2024-12-31,gapfade,AMZN,short,44,09:35,222.4732,223.4032,222.11,09:36,222.11,target,0.2794,15.7,0.344,222.365,gap +0.77%
2025-01-02,gapfade,AMZN,short,16,09:35,221.3736,224.3141,220.95,09:37,220.95,target,0.1011,6.68,0.142,221.37,gap +1.35%
2025-01-06,gapfade,AMZN,short,27,09:35,226.1121,228.0528,225.4625,09:41,225.4625,target,0.1742,17.37,0.351,226.22,gap +1.17%
2025-01-14,gapfade,AMZN,short,44,09:35,220.004,221.251,219.52,09:37,221.3174,stop,0.2764,-58.07,-1.162,220.115,gap +0.95%
2025-01-17,gapfade,AMZN,short,44,09:35,224.8225,225.9707,223.15,10:22,223.15,target,0.2823,73.31,1.5,224.86,gap +2.27%
2025-01-27,gapfade,AMZN,long,34,09:35,227.3282,225.734,230.5475,10:08,230.56,target,0.2236,109.66,2.208,227.195,gap -3.65%
2025-02-05,gapfade,AMZN,long,28,09:35,236.9911,235.2845,239.3975,11:22,235.2139,stop,0.1877,-49.95,-1.034,237.01,gap -2.17%
2025-02-06,gapfade,AMZN,short,27,09:35,237.9186,239.7095,237.125,10:00,237.125,target,0.1831,21.24,0.428,237.87,gap +0.86%
2025-02-07,gapfade,AMZN,long,26,09:35,233.1499,231.2385,235.715,10:01,231.1692,stop,0.1714,-51.67,-1.034,233.16,gap -2.57%
2025-03-04,gapfade,AMZN,long,31,09:35,200.5001,198.831,202.5725,10:03,198.7713,stop,0.1764,-53.77,-1.098,200.41,gap -2.44%
2025-03-11,gapfade,AMZN,long,26,09:35,195.6787,193.7511,196.605,09:36,196.605,target,0.1464,23.94,0.484,195.655,gap -2.67%
2025-03-12,gapfade,AMZN,short,40,09:35,200.5398,201.7015,198.62,09:49,198.62,target,0.2296,76.56,1.542,200.46,gap +2.16%
2025-03-21,gapfade,AMZN,long,51,09:35,193.0679,192.3774,193.8375,09:41,193.8375,target,0.2833,38.97,1.087,193.08,gap -1.16%
2025-04-01,gapfade,AMZN,long,33,09:35,188.6566,187.1327,189.11,09:36,189.11,target,0.179,14.78,0.301,188.62,gap -1.23%
2025-04-02,gapfade,AMZN,long,22,09:35,189.8269,187.6122,189.975,09:35,189.975,target,0.1198,3.14,0.063,189.88,gap -2.26%
2025-04-14,gapfade,AMZN,short,46,09:35,186.4141,187.5073,185.845,09:35,185.845,target,0.246,25.93,0.528,186.44,gap +1.24%
2025-04-16,gapfade,AMZN,long,56,09:35,176.813,176.0837,177.9475,09:42,177.9475,target,0.2863,63.24,1.446,176.865,gap -1.73%
2025-04-22,gapfade,AMZN,short,43,09:35,169.5891,170.7356,168.6225,09:45,170.7868,stop,0.2099,-51.71,-1.041,169.58,gap +1.52%
2025-04-29,gapfade,AMZN,long,31,09:35,185.2105,183.5063,185.875,10:06,185.875,target,0.1653,20.43,0.416,185.09,gap -1.93%
2025-05-01,gapfade,AMZN,short,43,09:35,190.093,191.3512,187.455,11:30,190.4571,time,0.2344,-15.89,-0.318,190.19,gap +3.64%
2025-05-05,gapfade,AMZN,long,32,09:35,187.6863,186.1037,188.18,09:40,186.0479,stop,0.1708,-52.6,-1.084,187.62,gap -1.74%
2025-05-06,gapfade,AMZN,long,40,09:35,185.0555,183.7161,185.465,09:36,185.465,target,0.2129,16.17,0.326,184.955,gap -0.93%
2025-05-08,gapfade,AMZN,short,52,09:35,190.8027,191.8416,190.09,09:45,190.0,target,0.2845,41.46,0.894,190.95,gap +1.46%
2025-05-19,gapfade,AMZN,long,42,09:35,202.3507,201.0887,203.72,09:38,203.72,target,0.2448,57.27,1.159,202.265,gap -1.86%
2025-05-20,gapfade,AMZN,long,48,09:35,205.0215,204.4853,205.465,09:51,204.3887,stop,0.2807,-30.66,-1.217,205.01,gap -0.75%
2025-05-23,gapfade,AMZN,long,21,09:35,200.06,197.6721,200.985,10:06,200.985,target,0.1208,19.3,0.392,200.02,gap -2.00%
2025-05-29,gapfade,AMZN,short,48,09:35,207.8876,208.3882,206.4225,09:35,208.4507,stop,0.2854,-27.31,-1.215,207.92,gap +1.62%
2025-06-06,gapfade,AMZN,short,23,09:35,210.6768,212.8476,210.155,09:45,212.9115,stop,0.1385,-51.54,-1.068,210.75,gap +2.18%
2025-06-13,gapfade,AMZN,long,26,09:35,211.3634,209.4653,211.5025,09:39,211.64,target,0.1573,7.03,0.145,211.33,gap -1.59%
2025-06-20,gapfade,AMZN,short,46,09:35,214.1057,215.0648,213.51,09:49,213.51,target,0.2814,27.12,0.559,214.01,gap +0.89%
2025-07-28,gapfade,AMZN,short,26,09:35,232.5602,234.5043,232.4575,09:35,232.4575,target,0.1724,2.5,0.051,232.605,gap +0.88%
2025-09-02,gapfade,AMZN,long,44,09:35,224.0872,222.8769,226.345,11:30,223.113,time,0.2802,-43.14,-1.029,223.83,gap -2.34%
2025-09-08,gapfade,AMZN,short,42,09:35,234.3747,235.3251,233.705,09:37,235.3957,stop,0.2806,-43.16,-1.135,234.42,gap +1.15%
2025-10-27,gapfade,AMZN,short,36,09:35,226.8219,228.4032,225.8825,11:30,227.0081,time,0.233,-6.93,-0.141,227.04,gap +1.45%
2025-10-29,gapfade,AMZN,short,22,09:35,230.9107,233.0528,230.5125,09:37,230.5125,target,0.1449,8.62,0.178,230.85,gap +1.12%
2025-11-18,gapfade,AMZN,long,43,09:35,228.6136,227.807,230.5175,09:36,227.7386,stop,0.2794,-37.9,-1.211,228.535,gap -2.08%
2025-11-20,gapfade,AMZN,short,44,09:35,226.502,227.3021,224.685,10:39,227.3703,stop,0.2844,-38.49,-1.104,226.51,gap +1.81%
2025-11-28,gapfade,AMZN,short,26,09:35,230.8857,232.8626,230.2325,11:30,231.9996,time,0.1712,-29.13,-0.584,230.945,gap +0.94%
2026-01-05,gapfade,AMZN,short,43,09:35,228.1115,229.1289,227.695,09:37,229.2438,stop,0.2798,-48.96,-1.175,228.16,gap +1.06%
2026-01-22,gapfade,AMZN,short,29,09:35,232.9001,234.6394,232.63,09:35,232.63,target,0.1926,7.64,0.158,232.97,gap +1.18%
2026-02-03,gapfade,AMZN,short,26,09:35,244.5716,246.5013,244.005,09:35,244.005,target,0.1811,14.55,0.297,244.62,gap +0.92%
2026-02-25,gapfade,AMZN,short,36,09:35,210.1069,211.5914,209.475,11:30,210.003,time,0.2163,3.53,0.072,210.24,gap +0.84%
2026-03-02,gapfade,AMZN,long,13,09:35,207.2221,203.2565,207.2325,09:44,207.2325,target,0.0771,0.06,0.001,207.1,gap -2.65%
2026-03-03,gapfade,AMZN,long,49,09:35,203.7111,202.8569,205.715,10:23,202.7961,stop,0.2844,-45.12,-1.256,203.59,gap -2.44%
2026-03-06,gapfade,AMZN,long,42,09:35,216.1748,214.8399,216.9875,09:40,216.9875,target,0.2603,33.87,0.683,216.02,gap -1.72%
2026-03-09,gapfade,AMZN,long,35,09:35,211.4134,209.9199,211.795,09:39,209.8569,stop,0.21,-54.69,-1.124,211.31,gap -1.21%
2026-03-12,gapfade,AMZN,long,26,09:35,210.4531,208.6461,211.5125,09:50,211.5125,target,0.1572,27.39,0.568,210.5,gap -1.05%
2026-04-01,gapfade,AMZN,short,44,09:35,210.3169,211.5163,209.4125,09:42,209.4125,target,0.2646,39.53,0.791,210.38,gap +0.98%
2026-04-09,gapfade,AMZN,short,40,09:35,224.2627,225.7055,223.225,09:46,225.7732,stop,0.256,-60.68,-1.238,224.48,gap +1.71%
2026-04-17,gapfade,AMZN,short,19,09:35,253.5039,256.1058,252.33,10:45,256.1827,stop,0.1371,-51.03,-1.037,253.515,gap +2.10%
2026-04-21,gapfade,AMZN,short,28,09:35,253.404,255.245,251.66,09:39,251.66,target,0.2019,48.63,0.99,253.49,gap +2.67%
2026-05-12,gapfade,AMZN,long,37,09:35,266.4049,265.0946,267.3,09:36,265.0151,stop,0.2787,-51.7,-1.174,266.285,gap -1.25%
2026-06-16,gapfade,AMZN,short,40,09:35,247.7257,248.6234,247.0325,09:35,247.0325,target,0.2821,27.44,1.034,247.96,gap +0.76%
2026-07-07,gapfade,AMZN,short,40,09:35,246.9909,248.0278,245.775,09:37,245.775,target,0.2813,48.35,1.077,246.905,gap +1.32%
2026-07-10,gapfade,AMZN,short,22,09:35,248.8853,251.251,248.495,09:35,248.495,target,0.1559,8.43,0.171,249.015,gap +1.24%
2026-07-17,gapfade,AMZN,long,19,09:35,245.9338,243.4813,247.27,09:39,247.27,target,0.1338,25.25,0.528,246.0,gap -2.14%
2026-07-23,gapfade,AMZN,long,42,09:35,236.2809,235.794,240.54,09:36,235.7232,stop,0.2822,-23.7,-1.138,236.29,gap -3.50%
2026-07-27,gapfade,AMZN,short,39,09:35,234.6796,236.0858,233.9375,10:00,233.9375,target,0.2609,28.68,0.588,234.835,gap +1.58%
2026-07-30,gapfade,AMZN,short,40,09:35,233.0201,234.4142,230.0525,09:42,234.4845,stop,0.2658,-58.84,-1.187,233.175,gap +2.85%
2026-08-04,gapfade,AMZN,long,24,09:35,277.9384,275.8689,280.1725,10:13,280.1725,target,0.1909,53.43,1.077,277.935,gap -2.78%
2026-09-01,gapfade,AMZN,long,15,09:35,255.2566,251.748,257.12,11:30,254.8635,time,0.1088,-6.0,-0.123,255.0,gap -2.03%
2026-09-22,gapfade,AMZN,long,20,09:35,256.1568,253.6361,256.8075,09:35,256.8075,target,0.1461,12.87,0.262,256.09,gap -1.24%
2026-09-24,gapfade,AMZN,long,28,09:35,247.3642,245.5342,247.7075,11:30,246.0262,time,0.1962,-37.66,-0.757,247.31,gap -1.34%
2026-10-01,gapfade,AMZN,short,35,09:35,250.5098,252.0518,250.34,09:39,250.34,target,0.2496,5.69,0.115,250.64,gap +0.94%
2026-10-06,gapfade,AMZN,short,35,09:35,252.4242,253.9337,252.4025,09:35,252.4025,target,0.2514,0.51,0.01,252.53,gap +0.89%
2026-10-07,gapfade,AMZN,long,39,09:35,254.3863,253.9158,255.2875,09:35,253.8397,stop,0.2817,-21.6,-1.276,254.35,gap -0.80%
2023-10-16,gapfade,META,short,31,09:35,318.4044,319.0087,316.685,09:44,316.685,target,0.2795,53.02,2.81,318.4,gap +1.27%
2023-10-17,gapfade,META,long,31,09:35,318.8506,317.9367,319.68,09:36,317.4347,stop,0.2787,-44.17,-1.543,318.86,gap -0.88%
2023-10-24,gapfade,META,short,31,09:35,316.7999,317.4271,315.455,09:41,317.5223,stop,0.2782,-22.67,-0.649,316.3,gap +0.96%
2023-11-02,gapfade,META,short,12,09:35,315.0555,319.0738,314.6925,09:40,314.6925,target,0.1071,4.25,0.089,315.08,gap +1.84%
2023-11-17,gapfade,META,long,21,09:35,330.9393,329.0606,331.925,09:38,331.925,target,0.1973,20.5,0.416,331.41,gap -1.37%
2024-01-08,gapfade,META,short,26,09:35,353.7638,356.1508,353.495,09:56,353.28,target,0.26,12.32,0.249,354.25,gap +0.86%
2024-01-19,gapfade,META,short,26,09:35,378.6064,380.1398,377.665,09:37,380.2538,stop,0.278,-43.11,-0.984,378.455,gap +0.82%
2024-01-24,gapfade,META,short,25,09:35,388.6534,391.1407,387.375,09:46,391.2581,stop,0.2743,-65.39,-1.398,389.27,gap +1.11%
2024-01-31,gapfade,META,long,7,09:35,393.7881,386.7129,394.495,09:58,394.495,target,0.0779,4.87,0.102,393.55,gap -2.75%
2024-02-05,gapfade,META,long,21,09:35,469.6959,467.6619,472.2475,09:37,467.5216,stop,0.2764,-45.94,-1.009,469.83,gap -1.11%
2024-02-13,gapfade,META,long,7,09:35,460.8582,454.7348,462.71,09:37,462.71,target,0.0912,12.87,0.281,461.28,gap -2.69%
2024-02-14,gapfade,META,short,20,09:35,467.1398,469.9695,463.95,10:06,470.1105,stop,0.263,-59.68,-1.218,467.52,gap +1.65%
2024-02-22,gapfade,META,short,16,09:35,477.4267,480.52,474.035,09:44,480.6642,stop,0.215,-52.01,-1.076,477.5,gap +2.56%
2024-02-29,gapfade,META,short,20,09:36,487.4937,489.1737,486.195,09:55,489.6268,stop,0.2744,-42.94,-2.402,488.28,gap +0.90%
2024-03-07,gapfade,META,short,19,09:35,501.9494,504.3038,499.69,09:38,504.4551,stop,0.2683,-47.88,-1.075,501.96,gap +1.47%
2024-03-18,gapfade,META,short,11,09:35,488.2035,492.7222,488.0325,09:37,488.0325,target,0.1511,1.73,0.036,488.355,gap +1.67%
2024-03-21,gapfade,META,short,13,09:35,511.2816,515.1146,510.155,09:42,510.155,target,0.1869,14.46,0.307,511.49,gap +1.76%
2024-04-02,gapfade,META,long,14,09:35,488.0564,484.3302,488.1275,09:36,488.1275,target,0.1923,0.8,0.016,487.875,gap -1.25%
2024-04-05,gapfade,META,short,7,09:35,514.6456,522.0465,513.8825,10:05,522.2031,stop,0.1013,-53.0,-1.069,514.96,gap +1.16%
2024-04-12,gapfade,META,long,19,09:35,518.1754,516.2432,520.475,09:36,516.0884,stop,0.2758,-39.93,-1.022,518.3,gap -1.02%
2024-04-15,gapfade,META,short,17,09:35,514.3556,518.4279,514.0025,09:38,514.0,target,0.2459,5.8,0.123,515.65,gap +0.89%
2024-04-23,gapfade,META,short,20,09:35,489.3831,492.3919,486.7175,09:42,492.5396,stop,0.2754,-63.4,-1.298,489.95,gap +2.06%
2024-04-24,gapfade,META,short,6,09:35,502.0543,510.2798,502.1,09:50,502.1,target,0.0847,-0.36,-0.008,502.48,gap +2.48%
2024-05-14,gapfade,META,long,15,09:35,463.2339,459.7947,465.275,10:20,465.275,target,0.1965,30.42,0.631,463.01,gap -1.23%
2024-05-16,gapfade,META,long,10,09:35,477.3782,472.3772,477.565,10:13,477.565,target,0.1344,1.73,0.036,477.18,gap -1.70%
2024-06-03,gapfade,META,short,15,09:35,468.6494,473.463,468.88,09:35,468.79,target,0.1979,-2.31,-0.047,470.21,gap +0.81%
2024-06-26,gapfade,META,long,19,09:35,507.4072,505.1044,508.2625,09:36,508.2625,target,0.2716,15.98,0.607,506.49,gap -0.84%
2024-07-02,gapfade,META,long,19,09:35,501.2803,499.0405,502.68,09:42,502.68,target,0.2687,26.32,0.617,501.285,gap -0.76%
2024-07-18,gapfade,META,short,8,09:35,470.1339,476.2858,468.385,10:29,468.385,target,0.1059,13.89,0.289,470.27,gap +2.74%
2024-07-22,gapfade,META,short,17,09:35,486.0142,488.6982,481.825,09:38,488.8448,stop,0.2325,-48.35,-0.97,485.765,gap +2.04%
2024-07-24,gapfade,META,long,17,09:35,474.0472,470.8936,480.1875,09:47,470.7524,stop,0.2253,-56.24,-1.144,473.785,gap -3.50%
2024-07-26,gapfade,META,short,9,09:35,463.051,468.5981,458.8775,11:30,463.469,time,0.1173,-3.88,-0.084,463.45,gap +2.34%
2024-07-31,gapfade,META,short,13,09:35,468.6294,472.2117,467.255,09:44,467.255,target,0.1715,17.7,0.355,468.38,gap +1.68%
2024-08-16,gapfade,META,long,18,09:35,532.8498,530.449,534.26,09:43,530.2899,stop,0.2683,-46.35,-0.982,533.07,gap -1.11%
2024-08-23,gapfade,META,short,18,09:35,535.8392,538.1226,534.8975,09:48,538.284,stop,0.2711,-44.28,-0.945,535.52,gap +1.01%
2024-08-30,gapfade,META,short,19,09:35,520.7337,523.7482,520.455,09:35,520.455,target,0.2782,5.02,0.125,521.64,gap +0.76%
2024-09-19,gapfade,META,short,18,09:35,549.5751,550.7652,544.1175,09:40,550.9304,stop,0.278,-24.67,-1.344,549.745,gap +2.27%
2024-09-23,gapfade,META,short,13,09:35,567.2648,571.2106,565.4125,09:56,571.382,stop,0.2072,-53.73,-1.087,567.41,gap +1.44%
2024-10-25,gapfade,META,short,17,09:35,571.8584,574.7842,570.8175,09:53,574.9566,stop,0.2731,-52.94,-1.165,572.11,gap +1.10%
2024-10-28,gapfade,META,short,13,09:35,580.2959,584.2086,577.3875,09:38,577.3875,target,0.2119,37.6,0.769,580.45,gap +1.41%
2024-12-20,gapfade,META,long,16,09:35,591.4174,588.9804,592.815,09:39,592.815,target,0.2663,22.1,0.765,590.785,gap -0.81%
2024-12-24,gapfade,META,short,16,09:35,599.83,603.563,595.18,09:56,603.744,stop,0.2695,-62.89,-1.259,600.44,gap +2.65%
2024-12-30,gapfade,META,long,16,09:35,589.1967,587.9714,594.375,09:41,587.795,stop,0.2641,-22.69,-1.036,589.34,gap -1.88%
2025-01-15,gapfade,META,short,14,09:35,609.1272,613.1575,602.5075,09:54,613.3415,stop,0.2394,-59.24,-1.235,609.73,gap +2.76%
2025-01-17,gapfade,META,short,8,09:35,619.749,625.585,617.735,09:38,617.12,target,0.1392,20.89,0.435,619.575,gap +2.14%
2025-01-27,gapfade,META,long,6,09:35,633.1249,625.0943,636.64,09:55,636.64,target,0.1072,20.98,0.473,632.485,gap -3.26%
2025-01-30,gapfade,META,short,5,09:35,689.683,698.5278,686.5875,09:38,698.7374,stop,0.0967,-45.37,-1.059,689.96,gap +2.92%
2025-01-31,gapfade,META,short,8,09:35,691.1526,697.4167,689.49,09:44,697.6259,stop,0.155,-51.94,-1.06,691.29,gap +0.80%
2025-02-19,gapfade,META,long,9,09:35,705.2165,699.9743,710.335,09:39,699.7643,stop,0.1766,-49.25,-1.077,705.055,gap -1.68%
2025-02-20,gapfade,META,long,8,09:35,700.4001,693.6357,700.4275,09:35,700.4275,target,0.1571,0.06,0.001,699.415,gap -0.88%
2025-03-14,gapfade,META,short,16,09:35,602.3792,604.2236,596.73,09:35,604.4049,stop,0.2706,-32.68,-0.722,601.395,gap +2.04%
2025-03-24,gapfade,META,short,12,09:35,613.5659,617.567,605.3075,09:38,617.9653,stop,0.2067,-53.0,-1.101,613.555,gap +3.03%
2025-03-25,gapfade,META,short,14,09:35,625.0724,629.4188,622.805,09:36,622.805,target,0.2456,31.5,0.668,626.05,gap +1.41%
2025-03-27,gapfade,META,long,13,09:35,603.9711,599.9195,606.31,09:54,606.415,target,0.2213,31.55,0.645,603.68,gap -1.49%
2025-04-02,gapfade,META,long,7,09:35,579.8239,573.1163,580.145,09:35,580.145,target,0.1141,2.13,0.048,579.52,gap -1.95%
2025-04-11,gapfade,META,long,15,09:35,538.1214,534.3951,540.8,09:38,540.8,target,0.228,39.95,0.836,537.58,gap -1.96%
2025-04-14,gapfade,META,short,12,09:35,552.8591,558.0275,549.63,09:36,549.63,target,0.1864,38.56,0.793,553.975,gap +2.33%
2025-04-16,gapfade,META,long,15,09:35,509.3428,506.3731,514.425,10:15,506.2212,stop,0.2136,-47.04,-1.003,509.5,gap -2.61%
2025-04-21,gapfade,META,long,13,09:36,492.3877,488.8706,496.3925,09:46,488.3734,stop,0.1787,-52.36,-1.113,492.49,gap -2.02%
2025-04-22,gapfade,META,short,9,09:35,488.2735,493.8133,488.08,10:07,493.9615,stop,0.1237,-51.32,-1.083,488.55,gap +1.47%
2025-04-25,gapfade,META,short,18,09:35,544.6566,547.2067,539.82,09:47,539.82,target,0.2755,86.78,1.864,544.62,gap +2.57%
2025-05-02,gapfade,META,short,17,09:35,581.9254,585.6601,577.71,10:01,585.8358,stop,0.2778,-66.75,-1.349,582.75,gap +2.00%
2025-05-05,gapfade,META,long,14,09:35,591.0973,587.6568,593.82,09:44,593.82,target,0.2334,37.88,0.805,591.02,gap -1.17%
2025-05-16,gapfade,META,long,8,09:35,638.5715,632.327,640.6225,10:33,632.1373,stop,0.1419,-51.62,-1.137,638.0,gap -0.89%
2025-05-19,gapfade,META,long,10,09:35,631.9795,627.357,634.285,09:39,634.285,target,0.178,22.88,0.478,632.14,gap -1.89%
2025-05-23,gapfade,META,long,9,09:35,627.7933,622.3271,630.5375,11:34,629.0012,time,0.1589,10.71,0.217,627.81,gap -1.99%
2025-05-27,gapfade,META,short,13,09:35,633.7648,637.9473,631.35,10:03,638.1387,stop,0.2312,-57.09,-1.157,634.15,gap +1.48%
2025-06-10,gapfade,META,short,13,09:35,698.0605,702.0614,697.7875,09:40,702.272,stop,0.2544,-55.0,-1.107,698.24,gap +1.02%
2025-06-30,gapfade,META,short,10,09:35,739.938,744.784,738.825,09:44,738.825,target,0.2074,10.92,0.227,739.98,gap +1.40%
2025-08-06,gapfade,META,short,13,09:35,768.8593,771.8461,766.7175,09:39,766.7175,target,0.28,27.56,0.733,768.955,gap +0.88%
2025-08-29,gapfade,META,long,12,09:35,746.5639,742.5167,747.335,09:47,742.1573,stop,0.2496,-53.13,-1.087,746.59,gap -1.02%
2025-09-02,gapfade,META,long,12,09:35,727.6282,722.327,731.585,09:37,731.585,target,0.246,47.24,0.978,726.35,gap -1.79%
2025-10-13,gapfade,META,short,9,09:35,709.872,715.1144,709.3275,09:35,709.3275,target,0.1791,4.72,0.098,709.74,gap +1.12%
2025-10-15,gapfade,META,short,13,09:35,715.7752,717.4718,712.7075,09:40,717.7353,stop,0.2608,-25.74,-0.744,714.81,gap +1.14%
2025-11-03,gapfade,META,short,11,09:35,653.6239,658.1825,652.31,09:42,652.31,target,0.2017,14.25,0.29,653.71,gap +1.31%
2025-11-18,gapfade,META,long,16,09:35,594.2432,590.8685,596.69,09:44,590.6913,stop,0.2654,-57.1,-1.346,593.52,gap -1.74%
2025-11-20,gapfade,META,short,16,09:35,600.8797,603.1125,596.38,09:36,603.2934,stop,0.2699,-38.89,-1.14,600.98,gap +2.07%
2025-11-25,gapfade,META,short,16,09:35,621.5035,624.6941,618.62,09:47,624.8815,stop,0.2791,-54.33,-1.226,621.925,gap +1.78%
2025-12-01,gapfade,META,long,15,09:35,640.6621,637.8365,643.1225,09:55,643.1225,target,0.2707,36.63,1.124,640.01,gap -1.43%
2025-12-10,gapfade,META,long,15,09:35,650.3801,648.6107,653.2725,09:36,648.4162,stop,0.2729,-29.73,-1.033,650.53,gap -1.11%
2026-01-14,gapfade,META,long,13,09:35,626.938,623.2761,628.465,09:42,623.0891,stop,0.2273,-50.26,-1.018,627.075,gap -0.77%
2026-02-06,gapfade,META,long,14,09:35,666.6899,664.6447,667.84,09:36,664.4453,stop,0.2609,-31.69,-0.995,666.92,gap -0.75%
2026-02-27,gapfade,META,long,8,09:35,646.3939,640.9984,650.375,09:42,640.8061,stop,0.1438,-44.85,-0.996,646.625,gap -1.99%
2026-03-18,gapfade,META,long,16,09:35,618.7456,615.2142,619.52,09:35,619.52,target,0.2782,12.11,0.245,618.3,gap -1.04%
2026-03-23,gapfade,META,short,9,09:35,599.67,605.0595,599.1975,10:18,605.3616,stop,0.1515,-51.38,-1.044,599.59,gap +1.77%
2026-03-24,gapfade,META,long,16,09:35,599.5298,596.8126,601.75,09:40,596.6335,stop,0.268,-46.61,-1.181,599.28,gap -0.85%
2026-03-30,gapfade,META,short,10,09:35,532.7201,537.6271,530.7975,09:57,530.7975,target,0.1498,19.08,0.411,532.99,gap +1.96%
2026-04-09,gapfade,META,short,7,09:35,625.1124,631.7611,618.995,09:48,631.9507,stop,0.1228,-47.99,-1.063,625.31,gap +2.10%
2026-04-14,gapfade,META,short,10,09:35,642.2273,646.0454,639.925,09:38,646.2392,stop,0.1802,-40.3,-0.847,641.29,gap +1.62%
2026-04-20,gapfade,META,long,14,09:35,682.0446,678.6207,684.89,09:37,678.4171,stop,0.2664,-51.05,-1.238,681.565,gap -1.04%
2026-05-21,gapfade,META,long,16,09:35,600.6201,598.1213,602.245,09:51,597.9418,stop,0.2686,-43.12,-1.243,600.29,gap -0.90%
2026-06-09,gapfade,META,short,16,09:35,590.8827,592.8222,588.3425,09:35,593.0001,stop,0.2655,-34.14,-1.088,590.86,gap +1.06%
2026-07-06,gapfade,META,short,8,09:35,591.0726,597.7071,588.385,09:38,588.385,target,0.1328,21.37,0.472,592.05,gap +1.93%
2026-07-13,gapfade,META,long,15,09:35,662.1486,659.36,665.38,09:36,665.38,target,0.28,48.19,1.033,662.47,gap -1.16%
2026-07-27,gapfade,META,short,5,09:35,603.229,611.4558,601.355,10:41,601.355,target,0.0847,9.29,0.217,602.9,gap +2.08%
2026-08-04,gapfade,META,long,10,09:35,583.9851,579.43,585.8925,09:43,585.8925,target,0.1645,18.91,0.411,584.03,gap -1.44%
2026-08-05,gapfade,META,short,12,09:35,597.1108,601.601,594.1425,09:35,594.1425,target,0.2012,35.42,0.738,597.6,gap +2.15%
2026-08-10,gapfade,META,short,9,09:35,598.3304,604.2036,595.555,09:36,595.54,target,0.1512,24.96,0.506,598.72,gap +1.26%
2026-08-26,gapfade,META,short,4,09:35,582.2153,593.7932,580.47,09:35,580.47,target,0.0654,6.92,0.16,582.975,gap +3.68%
2026-09-01,gapfade,META,long,7,09:35,562.8788,556.2432,565.3425,09:42,565.3425,target,0.1112,17.13,0.352,563.205,gap -2.50%
2026-09-23,gapfade,META,short,13,09:35,744.2367,748.8831,742.365,09:37,749.1078,stop,0.2711,-63.6,-1.582,745.79,gap +1.57%
2026-09-29,gapfade,META,short,11,09:35,723.123,728.1074,720.105,10:21,720.105,target,0.223,32.98,0.707,723.865,gap +1.28%
2026-10-02,gapfade,META,short,5,09:35,733.9198,742.1664,729.755,09:44,729.69,target,0.1028,21.05,0.494,733.645,gap +1.12%
2023-10-26,gapfade,GOOGL,long,34,09:35,123.532,122.0278,124.3,09:37,124.3,target,0.1231,25.99,0.525,123.485,gap -2.12%
2023-11-02,gapfade,GOOGL,short,77,09:35,128.4814,129.0689,127.515,10:07,127.515,target,0.2878,74.13,1.892,128.56,gap +1.67%
2023-11-15,gapfade,GOOGL,short,59,09:35,134.2297,135.155,134.25,09:35,134.25,target,0.23,-1.43,-0.029,134.32,gap +0.93%
2023-12-08,gapfade,GOOGL,long,74,09:35,134.6804,133.9659,135.58,10:06,135.58,target,0.2912,66.28,1.329,134.64,gap -1.99%
2024-01-02,gapfade,GOOGL,long,71,09:35,138.9217,138.3715,139.18,09:38,138.33,stop,0.2848,-42.29,-1.117,138.905,gap -0.76%
2024-01-24,gapfade,GOOGL,short,59,09:35,148.5404,149.4893,147.86,10:16,149.5342,stop,0.2534,-58.89,-1.182,148.645,gap +1.10%
2024-03-05,gapfade,GOOGL,long,75,09:35,132.4897,131.7481,132.59,09:35,132.59,target,0.2889,7.23,0.15,132.39,gap -1.07%
2024-05-01,gapfade,GOOGL,short,61,09:35,163.7309,164.5194,163.5475,09:37,163.5475,target,0.2878,10.9,0.269,163.855,gap +0.99%
2024-05-08,gapfade,GOOGL,long,55,09:35,169.5809,168.6112,170.04,10:23,170.04,target,0.2691,24.98,0.503,169.515,gap -1.36%
2024-05-13,gapfade,GOOGL,long,52,09:35,164.9645,163.9659,166.43,11:30,165.9702,time,0.2486,52.05,1.049,164.92,gap -2.59%
2024-06-26,gapfade,GOOGL,long,54,09:35,183.1499,182.3724,183.2775,09:53,183.2775,target,0.2841,6.6,0.175,183.07,gap -0.79%
2024-07-31,gapfade,GOOGL,short,29,09:35,172.7881,174.3592,171.75,09:44,171.55,target,0.1441,35.76,0.724,172.655,gap +1.73%
2024-08-02,gapfade,GOOGL,long,59,09:35,167.0451,166.2136,168.635,10:06,166.1002,stop,0.2822,-56.03,-1.326,166.93,gap -2.51%
2024-08-07,gapfade,GOOGL,short,37,09:35,160.9217,162.3222,159.745,10:15,162.3709,stop,0.1717,-53.79,-1.091,160.99,gap +1.90%
2024-08-09,gapfade,GOOGL,long,33,09:35,160.4231,158.9009,161.0425,09:39,161.0425,target,0.1532,20.29,0.416,160.38,gap -1.33%
2024-08-19,gapfade,GOOGL,short,50,09:35,165.2254,165.9958,164.105,11:30,165.4446,time,0.238,-11.2,-0.225,165.0,gap +1.36%
2024-08-22,gapfade,GOOGL,short,59,09:35,166.8699,167.6975,166.47,09:43,166.425,target,0.2835,25.97,0.749,167.11,gap +0.81%
2024-09-11,gapfade,GOOGL,short,54,09:35,149.6651,150.6905,149.27,09:40,149.27,target,0.2336,21.1,0.429,149.78,gap +0.86%
2024-09-19,gapfade,GOOGL,short,55,09:35,162.9711,163.9238,161.79,09:50,161.79,target,0.2583,64.7,1.302,163.02,gap +2.47%
2024-09-26,gapfade,GOOGL,short,61,09:35,163.181,164.214,162.62,11:00,162.62,target,0.2868,33.94,0.802,163.52,gap +1.40%
2024-10-03,gapfade,GOOGL,long,47,09:35,164.8594,163.786,165.1275,10:00,165.1275,target,0.2236,12.38,0.25,164.84,gap -0.85%
2024-10-04,gapfade,GOOGL,short,59,09:35,167.8596,168.3882,167.04,09:55,167.04,target,0.2851,48.07,1.996,167.98,gap +1.42%
2024-10-28,gapfade,GOOGL,short,31,09:35,167.2498,168.9188,167.01,09:35,167.01,target,0.1493,7.28,0.148,167.33,gap +2.11%
2024-12-24,gapfade,GOOGL,short,32,09:35,193.8918,195.4653,192.895,09:52,195.5239,stop,0.1778,-52.4,-1.053,193.91,gap +2.14%
2024-12-30,gapfade,GOOGL,long,52,09:35,189.7219,188.9858,191.145,10:44,191.145,target,0.285,73.72,2.201,189.63,gap -1.68%
2025-01-08,gapfade,GOOGL,long,30,09:35,193.6881,192.2026,194.07,09:35,194.07,target,0.1668,11.29,0.233,193.82,gap -1.53%
2025-01-15,gapfade,GOOGL,short,48,09:35,192.8121,193.8036,191.35,10:09,193.8618,stop,0.2653,-50.65,-1.021,192.77,gap +1.79%
2025-01-17,gapfade,GOOGL,short,40,09:35,195.5213,196.9267,194.72,09:39,194.72,target,0.2241,31.83,0.638,195.68,gap +1.88%
2025-01-27,gapfade,GOOGL,long,36,09:35,193.6481,192.1377,196.3125,10:39,196.34,target,0.2025,96.71,1.95,193.515,gap -3.87%
2025-02-03,gapfade,GOOGL,long,47,09:35,201.1803,199.9748,202.35,09:38,202.35,target,0.2722,54.7,1.114,201.02,gap -1.67%
2025-02-06,gapfade,GOOGL,long,30,09:35,190.127,188.5413,190.345,09:35,190.345,target,0.1637,6.38,0.13,190.17,gap -1.20%
2025-03-20,gapfade,GOOGL,long,31,09:35,162.4487,160.819,162.75,09:35,162.75,target,0.1454,9.19,0.189,162.385,gap -1.43%
2025-03-21,gapfade,GOOGL,long,61,09:35,161.4184,160.7591,161.945,09:37,161.945,target,0.2848,31.84,0.834,161.385,gap -1.10%
2025-04-02,gapfade,GOOGL,long,43,09:35,155.7667,154.5653,155.92,09:35,155.92,target,0.1935,6.4,0.129,155.72,gap -1.40%
2025-04-03,gapfade,GOOGL,long,35,09:35,152.2557,150.819,153.99,09:47,150.7738,stop,0.1525,-52.02,-1.053,152.23,gap -3.75%
2025-04-04,gapfade,GOOGL,long,40,09:35,149.2348,147.9769,149.4575,09:47,149.4575,target,0.1728,8.74,0.176,149.22,gap -1.70%
2025-04-07,gapfade,GOOGL,long,70,09:35,141.8425,141.1187,143.605,09:38,141.0764,stop,0.2862,-53.92,-1.537,141.62,gap -2.82%
2025-04-10,gapfade,GOOGL,long,52,09:35,156.767,155.809,157.6375,09:58,155.7623,stop,0.2338,-52.48,-1.061,156.76,gap -1.38%
2025-04-16,gapfade,GOOGL,long,39,09:35,153.7861,152.5173,154.71,10:41,154.71,target,0.1742,35.86,0.722,153.79,gap -2.06%
2025-04-25,gapfade,GOOGL,short,35,09:35,164.9955,166.2461,162.05,11:30,162.7788,time,0.1664,77.42,1.584,164.85,gap +3.79%
2025-05-01,gapfade,GOOGL,short,44,09:35,160.097,161.2611,159.88,09:36,159.88,target,0.2031,9.34,0.189,160.135,gap +1.37%
2025-05-02,gapfade,GOOGL,short,56,09:35,162.8111,163.7436,162.3225,09:49,162.3225,target,0.2628,27.1,0.551,162.865,gap +1.34%
2025-05-08,gapfade,GOOGL,short,29,09:35,153.294,154.9698,153.0375,09:36,153.0375,target,0.1284,7.31,0.147,153.26,gap +2.24%
2025-05-19,gapfade,GOOGL,long,60,09:35,164.9695,164.4004,165.3875,09:39,165.3875,target,0.2858,24.8,0.78,164.93,gap -0.99%
2025-05-22,gapfade,GOOGL,short,29,09:35,171.2086,172.8827,170.2025,09:45,172.9346,stop,0.1428,-50.2,-1.023,171.19,gap +1.94%
2025-05-29,gapfade,GOOGL,short,57,09:35,173.6529,174.5243,173.225,09:45,173.225,target,0.2846,24.11,0.504,173.685,gap +0.97%
2025-06-02,gapfade,GOOGL,long,26,09:35,169.2408,167.2925,170.01,11:30,168.9193,time,0.1264,-8.48,-0.172,169.19,gap -1.89%
2025-06-05,gapfade,GOOGL,short,58,09:35,170.3489,170.6405,169.265,09:37,170.6917,stop,0.2843,-20.17,-1.157,170.34,gap +1.43%
2025-06-24,gapfade,GOOGL,short,59,09:35,166.9799,167.4273,166.135,09:36,167.4775,stop,0.2837,-29.64,-1.265,167.03,gap +1.17%
2025-06-30,gapfade,GOOGL,short,32,09:35,179.7761,181.3912,179.6375,09:37,179.57,target,0.1652,6.43,0.129,179.83,gap +1.32%
2025-07-24,gapfade,GOOGL,short,24,09:35,195.9912,198.1279,193.56,09:52,193.56,target,0.1347,58.21,1.202,196.11,gap +3.42%
2025-08-01,gapfade,GOOGL,long,52,09:35,189.6019,188.771,190.53,09:42,188.6984,stop,0.2814,-47.26,-1.083,189.61,gap -1.61%
2025-08-22,gapfade,GOOGL,short,30,09:35,202.5192,204.1139,201.445,09:57,201.445,target,0.1739,32.05,0.658,202.49,gap +1.67%
2025-09-02,gapfade,GOOGL,long,38,09:35,208.7676,207.4024,210.68,10:51,207.3402,stop,0.2253,-54.47,-1.096,208.71,gap -2.20%
2025-10-01,gapfade,GOOGL,long,19,09:35,241.0023,238.4163,241.955,11:30,240.6478,time,0.1303,-6.87,-0.142,240.97,gap -0.93%
2025-10-14,gapfade,GOOGL,long,41,09:35,241.5524,241.0237,242.775,09:37,240.9514,stop,0.2814,-24.92,-0.759,241.825,gap -1.12%
2025-10-15,gapfade,GOOGL,short,36,09:35,247.1058,248.5183,246.3575,09:47,246.3575,target,0.2533,26.69,0.544,247.155,gap +0.76%
2025-10-22,gapfade,GOOGL,short,39,09:35,253.9338,255.1349,252.37,09:40,255.2114,stop,0.2818,-50.11,-1.075,253.94,gap +1.55%
2025-11-04,gapfade,GOOGL,long,23,09:35,278.7036,276.2435,280.305,10:06,280.305,target,0.183,36.65,0.756,278.35,gap -2.53%
2025-11-10,gapfade,GOOGL,short,35,09:35,283.9448,284.8245,281.6725,09:36,285.1455,stop,0.2821,-42.31,-1.431,283.98,gap +2.01%
2025-11-14,gapfade,GOOGL,long,21,09:35,273.0119,270.5492,275.0075,09:47,275.0075,target,0.164,41.74,0.872,272.83,gap -2.58%
2025-11-18,gapfade,GOOGL,short,34,09:35,287.0988,288.5883,286.655,09:35,286.655,target,0.277,14.81,0.307,287.17,gap +1.15%
2025-11-25,gapfade,GOOGL,short,12,09:35,323.0231,327.1318,322.5925,09:42,327.2299,stop,0.1098,-50.59,-1.064,323.17,gap +2.65%
2025-11-26,gapfade,GOOGL,long,31,09:35,321.8165,319.9697,321.9575,09:35,321.9575,target,0.2826,4.09,0.084,321.54,gap -0.93%
2025-12-16,gapfade,GOOGL,long,21,09:35,305.3216,302.9118,306.66,09:40,306.66,target,0.1825,27.92,0.582,305.195,gap -1.04%
2025-12-18,gapfade,GOOGL,short,33,09:35,301.1996,302.7775,299.185,11:06,302.8683,stop,0.2818,-55.35,-1.183,301.36,gap +1.71%
2026-01-05,gapfade,GOOGL,short,20,09:35,316.675,319.1839,316.515,09:35,316.515,target,0.1794,3.02,0.061,316.71,gap +0.81%
2026-01-08,gapfade,GOOGL,short,10,09:35,325.8122,330.6303,325.5275,09:36,325.5275,target,0.0922,2.76,0.058,325.89,gap +2.15%
2026-01-20,gapfade,GOOGL,long,13,09:35,324.0022,320.1845,325.3575,10:34,325.3575,target,0.1197,17.5,0.374,323.78,gap -2.80%
2026-01-29,gapfade,GOOGL,short,13,09:35,338.5684,342.6323,338.34,09:35,338.34,target,0.1245,2.84,0.057,338.8,gap +1.31%
2026-02-03,gapfade,GOOGL,short,23,09:35,346.9559,349.2789,345.755,09:36,345.64,target,0.2257,30.04,0.609,347.135,gap +1.14%
2026-02-17,gapfade,GOOGL,long,13,09:35,302.3107,298.5512,302.875,09:35,302.875,target,0.1116,7.22,0.154,302.16,gap -1.85%
2026-02-23,gapfade,GOOGL,short,28,09:35,317.8946,319.6393,317.115,09:40,317.115,target,0.2521,21.58,0.443,317.9,gap +1.24%
2026-03-02,gapfade,GOOGL,long,12,09:35,305.2215,301.2185,307.355,11:30,304.8085,time,0.1037,-5.06,-0.107,305.16,gap -2.70%
2026-03-03,gapfade,GOOGL,long,23,09:35,298.5695,296.4333,302.32,11:30,300.8097,time,0.1962,51.33,1.049,298.56,gap -2.56%
2026-03-06,gapfade,GOOGL,long,18,09:35,297.6143,294.9947,298.475,09:59,298.475,target,0.1523,15.34,0.313,297.72,gap -1.62%
2026-03-13,gapfade,GOOGL,short,21,09:35,305.1434,307.9977,305.24,09:35,305.235,target,0.1816,-2.1,-0.044,305.71,gap +1.17%
2026-03-24,gapfade,GOOGL,long,19,09:35,299.96,297.2325,300.62,09:50,297.1433,stop,0.1601,-53.68,-1.116,299.765,gap -1.00%
2026-04-02,gapfade,GOOGL,long,34,09:35,290.5872,289.9498,294.065,09:35,289.8628,stop,0.2796,-24.91,-0.852,290.81,gap -2.28%
2026-04-22,gapfade,GOOGL,short,29,09:35,335.6393,337.2069,334.0875,09:52,337.308,stop,0.2754,-48.67,-1.206,335.815,gap +1.08%
2026-05-01,gapfade,GOOGL,long,12,09:35,382.7048,378.7758,383.3175,09:40,383.3175,target,0.1299,7.22,0.151,382.75,gap -0.87%
2026-05-06,gapfade,GOOGL,short,17,09:35,393.142,396.1357,391.34,09:37,396.2546,stop,0.1886,-53.1,-1.105,393.31,gap +1.51%
2026-05-11,gapfade,GOOGL,long,15,09:35,394.3883,391.3283,397.1575,09:43,397.1575,target,0.1681,41.37,0.851,394.57,gap -1.75%
2026-05-14,gapfade,GOOGL,long,13,09:35,399.5798,395.7439,399.955,09:38,399.955,target,0.1467,4.73,0.098,399.45,gap -1.33%
2026-06-05,gapfade,GOOGL,long,13,09:35,367.6653,364.2604,369.3275,09:40,369.3275,target,0.1356,21.47,0.451,367.92,gap -1.62%
2026-06-17,gapfade,GOOGL,long,27,09:35,370.4511,368.5411,371.4025,09:39,368.4305,stop,0.281,-54.84,-1.139,370.325,gap -1.05%
2026-06-23,gapfade,GOOGL,long,12,09:35,344.3833,340.0196,344.93,09:36,345.0,target,0.1171,7.28,0.149,344.09,gap -2.62%
2026-07-09,gapfade,GOOGL,long,24,09:35,356.9771,354.7799,358.4475,09:36,358.4475,target,0.2431,35.05,0.719,356.81,gap -1.83%
2026-09-08,gapfade,GOOGL,long,29,09:35,336.0258,334.3953,336.89,09:46,334.295,stop,0.2743,-50.47,-1.052,336.05,gap -0.86%
2026-09-17,gapfade,GOOGL,short,14,09:35,346.2861,349.7994,345.785,09:36,345.785,target,0.1371,6.88,0.14,346.3,gap +1.66%
2026-10-01,gapfade,GOOGL,short,11,09:35,348.7903,353.343,347.47,09:37,347.395,target,0.1085,15.24,0.314,348.93,gap +1.96%
2023-10-31,gapfade,TSLA,long,35,09:35,196.5089,194.9648,196.57,09:35,194.9064,stop,0.1955,-56.29,-1.136,196.38,gap -0.80%
2023-11-02,gapfade,TSLA,short,24,09:35,211.7615,213.9187,209.295,09:38,213.9829,stop,0.1453,-53.46,-1.077,211.85,gap +3.56%
2023-11-03,gapfade,TSLA,short,21,09:35,220.8337,223.1029,219.86,09:43,223.1769,stop,0.1324,-49.34,-1.007,220.77,gap +1.19%
2023-11-06,gapfade,TSLA,short,23,09:35,223.4629,225.1549,222.08,09:37,225.2225,stop,0.1467,-40.62,-0.831,223.03,gap +1.94%
2023-11-16,gapfade,TSLA,long,38,09:35,239.8019,238.6911,241.18,09:36,238.6195,stop,0.2584,-45.19,-0.923,239.98,gap -1.42%
2023-12-04,gapfade,TSLA,long,22,09:35,236.891,234.6951,237.16,09:38,237.16,target,0.1487,5.77,0.117,236.94,gap -1.33%
2023-12-07,gapfade,TSLA,short,25,09:35,240.6778,242.8026,240.4325,09:39,240.4325,target,0.1714,5.96,0.121,240.84,gap +0.86%
2023-12-22,gapfade,TSLA,short,26,09:35,256.433,258.208,255.55,10:20,255.55,target,0.1897,22.77,0.469,256.34,gap +0.85%
2024-01-12,gapfade,TSLA,long,13,09:35,223.332,219.4903,223.64,09:35,223.64,target,0.083,3.92,0.079,223.3,gap -3.16%
2024-01-24,gapfade,TSLA,short,28,09:35,211.0067,212.5273,210.4825,09:38,210.4825,target,0.1689,14.51,0.292,210.75,gap +1.29%
2024-01-26,gapfade,TSLA,short,27,09:35,184.9445,186.3462,184.15,09:37,186.4021,stop,0.1433,-39.5,-0.817,184.555,gap +1.66%
2024-01-29,gapfade,TSLA,short,53,09:35,185.3544,186.3261,184.3875,09:39,186.382,stop,0.2819,-54.75,-1.297,185.53,gap +1.27%
2024-01-30,gapfade,TSLA,short,28,09:35,193.7619,195.6354,193.0875,09:36,193.03,target,0.1555,20.34,0.421,193.91,gap +2.22%
2024-01-31,gapfade,TSLA,long,16,09:35,188.7066,185.764,189.1825,09:35,189.1825,target,0.0868,7.53,0.155,188.8,gap -2.51%
2024-02-07,gapfade,TSLA,short,27,09:35,187.4887,188.9588,186.55,09:40,189.0155,stop,0.1452,-41.37,-0.842,187.14,gap +1.60%
2024-02-13,gapfade,TSLA,long,28,09:35,184.9705,183.1067,186.085,09:39,186.085,target,0.1495,31.06,0.627,184.875,gap -2.21%
2024-02-27,gapfade,TSLA,short,21,09:35,203.269,205.6554,201.57,09:41,201.57,target,0.1222,35.56,0.731,203.34,gap +2.19%
2024-02-29,gapfade,TSLA,short,29,09:35,203.6989,205.4653,203.11,09:48,203.11,target,0.169,16.91,0.342,203.76,gap +1.01%
2024-03-05,gapfade,TSLA,long,26,09:35,183.295,181.6282,185.54,10:12,181.5737,stop,0.1356,-44.89,-0.898,183.55,gap -2.84%
2024-03-08,gapfade,TSLA,short,24,09:35,180.6158,182.8927,180.065,09:35,180.065,target,0.1245,13.09,0.263,180.82,gap +1.66%
2024-03-13,gapfade,TSLA,long,21,09:35,174.9825,172.6072,175.245,10:09,172.5554,stop,0.1042,-51.07,-1.025,174.98,gap -2.47%
2024-03-18,gapfade,TSLA,short,28,09:35,168.4894,170.3201,166.845,09:44,166.845,target,0.1358,45.91,0.948,168.59,gap +3.97%
2024-03-22,gapfade,TSLA,long,29,09:35,167.9804,166.1787,169.785,10:11,169.785,target,0.1417,52.19,1.046,167.9,gap -3.46%
2024-04-10,gapfade,TSLA,long,27,09:35,174.0022,172.5573,174.995,09:45,172.5055,stop,0.134,-40.54,-0.819,174.39,gap -2.22%
2024-04-12,gapfade,TSLA,long,58,09:35,172.5968,171.5782,173.455,09:39,173.455,target,0.2893,49.49,1.058,172.385,gap -1.31%
2024-04-18,gapfade,TSLA,long,65,09:35,151.9306,150.9489,153.35,09:37,150.8547,stop,0.2834,-70.21,-1.458,151.69,gap -2.70%
2024-04-30,gapfade,TSLA,long,27,09:35,188.7766,186.7531,190.52,09:45,190.52,target,0.1475,46.92,0.962,188.56,gap -3.67%
2024-05-03,gapfade,TSLA,short,41,09:35,181.9004,183.1329,181.1,09:37,183.1879,stop,0.2141,-53.0,-1.075,181.93,gap +1.09%
2024-05-08,gapfade,TSLA,long,29,09:35,171.6215,169.9798,174.725,10:45,174.725,target,0.1457,89.86,1.812,171.69,gap -3.57%
2024-05-30,gapfade,TSLA,short,42,09:35,178.1066,179.229,177.36,09:45,179.2828,stop,0.2149,-49.62,-1.002,178.05,gap +1.25%
2024-06-25,gapfade,TSLA,short,44,09:35,183.4849,184.8447,183.435,09:35,183.435,target,0.2317,1.97,0.039,183.71,gap +0.83%
2024-06-28,gapfade,TSLA,short,24,09:35,198.8803,201.2861,198.47,09:38,201.3654,stop,0.1367,-59.78,-1.242,199.28,gap +1.07%
2024-07-16,gapfade,TSLA,short,12,09:35,255.4333,258.8486,254.035,09:39,254.035,target,0.0872,16.69,0.343,254.795,gap +1.01%
2024-07-17,gapfade,TSLA,long,33,09:35,253.366,252.3524,254.72,09:36,254.72,target,0.2392,44.44,0.915,253.825,gap -1.44%
2024-07-18,gapfade,TSLA,short,25,09:35,251.0247,252.7925,249.775,09:43,249.775,target,0.1786,31.06,0.64,250.85,gap +1.07%
2024-08-01,gapfade,TSLA,long,18,09:35,228.6786,226.5532,229.7,09:37,226.4853,stop,0.1163,-39.6,-0.801,229.3,gap -1.98%
2024-08-08,gapfade,TSLA,short,32,09:35,194.6116,196.206,193.865,09:42,193.865,target,0.1784,23.71,0.478,194.655,gap +2.13%
2024-09-19,gapfade,TSLA,short,24,09:35,232.9901,234.8346,230.57,09:38,234.9051,stop,0.1594,-46.12,-0.944,232.8,gap +3.04%
2024-09-20,gapfade,TSLA,long,31,09:35,242.2727,240.6691,242.72,09:36,242.72,target,0.2143,13.65,0.275,242.27,gap -0.98%
2024-11-14,gapfade,TSLA,long,10,09:35,328.5485,323.2964,329.05,09:35,329.05,target,0.0931,4.92,0.105,327.98,gap -0.75%
2024-11-25,gapfade,TSLA,short,12,09:35,356.613,362.1718,356.5825,09:35,356.5825,target,0.121,0.24,0.005,358.26,gap +2.22%
2024-11-27,gapfade,TSLA,short,22,09:35,340.6728,342.7824,340.035,09:35,340.035,target,0.212,13.82,0.285,340.58,gap +1.09%
2024-12-03,gapfade,TSLA,long,18,09:35,351.9355,349.1705,354.1175,09:35,354.1175,target,0.1802,39.09,0.787,351.93,gap -1.56%
2024-12-06,gapfade,TSLA,short,18,09:35,375.0275,377.8375,373.295,09:35,373.295,target,0.1907,30.99,0.628,375.095,gap +2.11%
2024-12-11,gapfade,TSLA,short,12,09:35,410.9667,412.7874,405.415,09:37,405.415,target,0.1391,66.48,1.429,408.91,gap +2.20%
2024-12-19,gapfade,TSLA,short,6,09:35,449.0452,456.7763,446.24,09:36,446.24,target,0.0759,16.76,0.348,448.76,gap +2.61%
2024-12-30,gapfade,TSLA,long,13,09:35,422.6268,418.0016,425.4025,09:37,425.4025,target,0.1559,35.93,0.768,421.6,gap -2.92%
2025-01-06,gapfade,TSLA,short,10,09:35,422.1533,426.7363,416.84,09:51,416.84,target,0.119,53.01,1.117,421.99,gap +3.12%
2025-01-13,gapfade,TSLA,long,8,09:35,385.8157,379.9696,388.94,10:00,388.94,target,0.0878,24.91,0.538,385.76,gap -2.93%
2025-01-15,gapfade,TSLA,short,14,09:35,408.3575,412.2318,403.145,09:40,412.3555,stop,0.1613,-56.13,-1.172,408.81,gap +3.54%
2025-01-27,gapfade,TSLA,long,9,09:35,398.3695,393.3662,400.5725,09:38,400.5725,target,0.1017,19.73,0.401,398.83,gap -2.91%
2025-01-29,gapfade,TSLA,long,20,09:35,396.2338,393.7259,396.67,09:37,393.6078,stop,0.2222,-52.74,-1.075,396.18,gap -0.76%
2025-02-11,gapfade,TSLA,long,11,09:35,347.7443,343.1665,348.1275,09:35,348.1275,target,0.1083,4.11,0.087,347.445,gap -1.44%
2025-03-03,gapfade,TSLA,short,20,09:35,299.93,302.9426,296.9275,09:36,303.0335,stop,0.1701,-62.24,-1.271,300.495,gap +2.49%
2025-03-20,gapfade,TSLA,long,21,09:35,234.5203,231.9678,234.5175,09:39,234.5175,target,0.1404,-0.2,-0.004,234.27,gap -1.02%
2025-04-15,gapfade,TSLA,long,14,09:35,250.9653,247.3424,251.18,09:36,251.18,target,0.1001,2.91,0.061,250.74,gap -1.01%
2025-04-16,gapfade,TSLA,long,25,09:35,248.9046,246.9028,250.9,11:25,250.9,target,0.1785,49.71,1.011,248.87,gap -2.53%
2025-05-02,gapfade,TSLA,short,13,09:35,284.0348,288.0728,282.76,09:47,282.76,target,0.1048,16.47,0.334,284.28,gap +1.60%
2025-05-06,gapfade,TSLA,long,12,09:35,274.9625,271.2385,276.825,09:39,276.825,target,0.0943,22.26,0.48,275.1,gap -2.66%
2025-05-14,gapfade,TSLA,short,29,09:35,341.9174,343.363,338.205,09:35,343.466,stop,0.2805,-45.19,-1.127,341.98,gap +2.56%
2025-05-15,gapfade,TSLA,long,13,09:35,341.8575,337.8118,343.91,09:40,337.7105,stop,0.1242,-54.04,-1.086,341.64,gap -2.13%
2025-05-29,gapfade,TSLA,short,17,09:35,365.2704,367.9576,361.0775,10:07,361.0775,target,0.1754,71.1,1.469,365.11,gap +2.41%
2025-06-03,gapfade,TSLA,short,12,09:35,345.0764,348.9736,344.625,09:35,344.625,target,0.1171,5.3,0.115,345.12,gap +1.15%
2025-06-10,gapfade,TSLA,short,13,09:35,312.2763,316.1158,311.785,09:37,311.785,target,0.115,6.27,0.126,312.3,gap +2.09%
2025-06-12,gapfade,TSLA,long,30,09:35,323.8921,322.4672,324.815,09:37,324.84,target,0.2759,28.16,0.787,323.66,gap -1.09%
2025-06-17,gapfade,TSLA,long,20,09:35,326.3829,323.8558,327.52,09:42,323.7587,stop,0.1833,-52.67,-1.105,326.24,gap -0.96%
2025-07-02,gapfade,TSLA,short,9,09:35,307.9076,313.0127,306.64,09:55,306.64,target,0.0785,11.33,0.242,307.8,gap +3.95%
2025-07-15,gapfade,TSLA,short,26,09:35,319.2942,321.4511,318.325,09:37,318.325,target,0.2351,24.96,0.508,319.56,gap +0.87%
2025-07-21,gapfade,TSLA,short,9,09:35,333.205,338.2479,332.025,09:36,332.025,target,0.0849,10.54,0.221,332.96,gap +1.42%
2025-08-04,gapfade,TSLA,short,32,09:35,308.2825,309.309,305.705,09:35,309.4018,stop,0.2796,-36.1,-1.17,308.345,gap +2.00%
2025-08-12,gapfade,TSLA,short,22,09:35,343.087,345.4501,342.145,09:35,342.145,target,0.2135,20.51,0.413,343.19,gap +1.75%
2025-08-14,gapfade,TSLA,long,29,09:35,336.3009,334.5951,337.3975,09:35,337.3975,target,0.2768,31.53,0.634,336.31,gap -1.12%
2025-09-08,gapfade,TSLA,short,11,09:35,354.2887,358.6883,352.8775,09:36,352.8775,target,0.1102,15.41,0.326,354.39,gap +1.17%
2025-09-16,gapfade,TSLA,short,14,09:35,413.4559,417.417,412.24,09:36,412.24,target,0.1632,16.86,0.349,413.97,gap +0.99%
2025-10-02,gapfade,TSLA,short,10,09:35,466.0851,471.0256,464.925,09:35,464.925,target,0.1312,11.47,0.244,466.32,gap +2.39%
2025-10-03,gapfade,TSLA,short,9,09:35,441.4675,447.1817,439.76,09:40,439.76,target,0.1119,15.26,0.328,442.015,gap +1.74%
2025-10-13,gapfade,TSLA,short,10,09:35,421.2836,426.7964,418.3175,10:35,426.9244,stop,0.1188,-56.53,-1.143,421.85,gap +2.34%
2025-10-15,gapfade,TSLA,short,7,09:35,432.3802,438.9886,431.9475,09:35,431.9475,target,0.0853,2.94,0.063,432.32,gap +1.29%
2025-10-20,gapfade,TSLA,short,11,09:35,442.4772,446.2258,441.355,09:49,446.3596,stop,0.1371,-42.84,-0.863,441.715,gap +0.93%
2025-10-30,gapfade,TSLA,long,13,09:35,452.5707,448.571,456.22,10:04,448.4364,stop,0.1642,-53.91,-1.13,452.24,gap -2.23%
2025-11-10,gapfade,TSLA,short,7,09:35,436.469,443.7183,434.51,09:38,434.51,target,0.0861,13.63,0.278,436.72,gap +2.38%
2025-11-11,gapfade,TSLA,long,13,09:35,440.7422,436.7628,442.355,09:39,442.355,target,0.162,20.8,0.436,440.43,gap -1.28%
2025-11-13,gapfade,TSLA,long,15,09:35,423.1869,420.1794,426.9,09:36,420.0533,stop,0.1777,-47.18,-0.968,423.43,gap -1.73%
2025-11-14,gapfade,TSLA,long,11,09:35,386.9861,382.4472,394.06,09:46,394.06,target,0.1223,77.69,1.623,386.8,gap -3.92%
2025-11-21,gapfade,TSLA,short,17,09:35,400.3948,403.1227,398.565,09:35,398.565,target,0.192,30.92,0.635,400.26,gap +1.78%
2025-12-18,gapfade,TSLA,short,8,09:35,476.2371,482.6121,472.5625,10:00,482.7569,stop,0.1072,-52.27,-1.05,476.39,gap +2.30%
2026-01-22,gapfade,TSLA,short,21,09:35,433.7598,435.8654,433.2325,09:35,433.2325,target,0.2567,10.82,0.223,433.555,gap +0.86%
2026-02-05,gapfade,TSLA,long,8,09:35,398.9496,392.5471,401.445,10:04,392.4293,stop,0.0886,-52.25,-1.128,398.335,gap -2.17%
2026-02-20,gapfade,TSLA,long,16,09:35,408.4525,405.1145,408.845,09:35,408.845,target,0.1845,6.1,0.124,408.18,gap -1.38%
2026-02-27,gapfade,TSLA,long,15,09:35,403.8111,400.559,405.715,10:06,405.715,target,0.1717,28.39,0.57,403.88,gap -1.35%
2026-03-02,gapfade,TSLA,long,8,09:35,394.3383,387.9317,396.36,09:44,396.36,target,0.0895,16.08,0.348,393.71,gap -3.02%
2026-03-09,gapfade,TSLA,long,16,09:35,392.6478,389.3353,393.2725,09:36,389.2185,stop,0.1758,-55.04,-1.13,392.38,gap -1.69%
2026-03-26,gapfade,TSLA,long,26,09:35,381.7845,381.0086,383.77,09:35,380.8943,stop,0.2796,-23.42,-1.071,381.85,gap -1.14%
2026-03-30,gapfade,TSLA,short,18,09:35,364.9105,367.6573,363.845,09:36,363.845,target,0.1856,18.99,0.393,364.97,gap +1.14%
2026-04-01,gapfade,TSLA,short,14,09:35,375.9972,379.429,375.175,09:43,375.175,target,0.1487,11.36,0.231,375.91,gap +1.87%
2026-04-07,gapfade,TSLA,long,22,09:35,346.4789,344.655,349.465,09:35,344.5516,stop,0.2144,-42.62,-0.891,346.83,gap -1.86%
2026-04-23,gapfade,TSLA,long,6,09:35,379.0337,370.8887,380.865,09:36,380.865,target,0.0645,10.92,0.219,379.2,gap -3.30%
2026-05-11,gapfade,TSLA,long,23,09:35,422.7068,421.1684,425.2675,09:35,421.0421,stop,0.273,-38.56,-1.155,422.62,gap -1.42%
2026-05-27,gapfade,TSLA,short,16,09:35,441.6775,445.1247,438.285,09:36,445.2582,stop,0.1991,-57.49,-1.192,442.11,gap +2.19%
2026-06-03,gapfade,TSLA,long,15,09:35,418.7156,415.7538,421.135,09:41,421.14,target,0.1781,36.19,0.752,418.96,gap -1.24%
2026-06-08,gapfade,TSLA,short,11,09:35,395.8812,400.3199,393.3875,09:52,400.44,stop,0.1229,-50.27,-1.036,395.91,gap +1.31%
2026-06-10,gapfade,TSLA,long,25,09:35,392.0526,390.7788,393.985,09:36,393.985,target,0.278,48.03,1.662,391.935,gap -1.30%
2026-06-26,gapfade,TSLA,long,23,09:35,371.0413,368.4012,372.71,09:43,372.71,target,0.2421,38.14,0.783,370.52,gap -1.28%
2026-07-07,gapfade,TSLA,long,17,09:35,417.6553,414.1454,418.025,09:43,414.0212,stop,0.1985,-61.98,-1.257,417.045,gap -0.84%
2026-07-10,gapfade,TSLA,short,24,09:35,411.0367,412.9025,408.99,09:37,408.99,target,0.2782,48.84,1.042,410.95,gap +1.22%
2026-07-14,gapfade,TSLA,short,13,09:35,396.8809,401.0807,396.9675,09:35,396.9675,target,0.1456,-1.27,-0.026,397.27,gap +1.07%
2026-08-06,gapfade,TSLA,long,18,09:35,318.2154,315.2644,319.04,09:38,319.04,target,0.1626,14.68,0.296,318.015,gap -1.51%
2026-08-07,gapfade,TSLA,short,17,09:35,321.3086,324.6043,320.935,09:40,324.7017,stop,0.1547,-57.84,-1.218,321.81,gap +0.85%
2026-08-18,gapfade,TSLA,long,15,09:35,334.8804,330.8288,336.28,09:36,336.28,target,0.1427,20.85,0.424,334.11,gap -1.79%
2026-08-21,gapfade,TSLA,short,13,09:35,347.9806,351.9116,347.495,09:58,352.0171,stop,0.1279,-52.6,-1.099,348.23,gap +1.38%
2023-10-18,gapfade,AMD,long,44,09:35,104.0412,102.897,104.19,09:35,104.19,target,0.1347,6.41,0.131,104.01,gap -1.79%
2023-10-19,gapfade,AMD,short,38,09:35,103.349,104.6796,102.9925,09:39,102.9925,target,0.1155,13.43,0.272,103.38,gap +1.57%
2023-10-27,gapfade,AMD,short,47,09:35,94.8715,96.0259,94.7175,09:36,94.695,target,0.1318,8.17,0.165,94.97,gap +2.34%
2023-12-12,gapfade,AMD,long,44,09:35,133.1599,131.7881,133.35,09:36,133.35,target,0.1704,8.19,0.165,132.915,gap -1.58%
2023-12-27,gapfade,AMD,short,38,09:35,144.3467,145.6455,144.1425,09:39,144.1425,target,0.1588,7.6,0.153,144.34,gap +0.97%
2024-01-03,gapfade,AMD,long,23,09:35,136.571,134.4654,137.035,09:35,137.035,target,0.0914,10.58,0.214,136.62,gap -2.29%
2024-01-18,gapfade,AMD,short,23,09:35,164.8005,166.8867,163.145,09:39,166.9368,stop,0.1092,-49.24,-1.004,164.755,gap +3.69%
2024-01-24,gapfade,AMD,short,19,09:35,170.8987,173.5334,170.4925,09:47,173.5854,stop,0.0934,-51.14,-1.05,170.97,gap +2.49%
2024-01-25,gapfade,AMD,short,54,09:35,183.425,183.6084,180.8625,09:35,183.6635,stop,0.2843,-13.17,-0.943,183.35,gap +2.87%
2024-01-26,gapfade,AMD,long,18,09:35,176.688,174.0258,177.79,09:41,177.79,target,0.092,19.74,0.405,176.735,gap -2.82%
2024-01-30,gapfade,AMD,long,48,09:35,176.5029,175.4244,176.87,09:36,176.87,target,0.244,17.38,0.35,176.46,gap -1.00%
2024-03-07,gapfade,AMD,short,47,09:35,212.4812,213.0829,211.58,09:35,213.1468,stop,0.2854,-31.57,-1.237,212.54,gap +0.98%
2024-03-19,gapfade,AMD,long,12,09:35,184.5754,180.829,186.87,09:43,180.6258,stop,0.0622,-47.46,-0.985,184.845,gap -3.99%
2024-03-21,gapfade,AMD,short,10,09:35,183.5749,187.8777,182.815,09:36,182.815,target,0.0527,7.55,0.158,183.095,gap +3.44%
2024-03-25,gapfade,AMD,long,13,09:35,175.3926,171.828,176.26,09:46,176.26,target,0.0659,11.21,0.233,175.525,gap -3.77%
2024-04-04,gapfade,AMD,short,43,09:35,181.8754,183.163,181.78,09:35,181.78,target,0.2246,3.88,0.079,182.02,gap +1.11%
2024-04-10,gapfade,AMD,long,33,09:35,167.9004,166.1337,168.72,09:36,168.72,target,0.1603,26.89,0.552,167.61,gap -2.42%
2024-04-18,gapfade,AMD,short,53,09:35,155.2434,156.116,154.8225,09:35,154.8225,target,0.2375,22.07,0.445,155.18,gap +0.99%
2024-04-22,gapfade,AMD,short,38,09:35,147.3858,148.9788,147.445,09:35,147.43,target,0.162,-1.84,-0.037,147.68,gap +1.24%
2024-04-23,gapfade,AMD,short,21,09:35,150.5098,152.8427,150.29,09:46,152.8885,stop,0.0914,-50.04,-1.039,150.55,gap +2.30%
2024-04-25,gapfade,AMD,long,17,09:35,149.5448,146.6632,150.34,09:36,150.34,target,0.0739,13.44,0.275,149.54,gap -1.77%
2024-05-03,gapfade,AMD,short,38,09:35,147.9556,149.0089,147.42,09:49,149.0536,stop,0.1626,-41.89,-0.849,147.71,gap +1.71%
2024-05-06,gapfade,AMD,short,65,09:35,152.7242,153.2531,151.84,09:38,153.2991,stop,0.2868,-37.66,-1.047,152.7,gap +1.67%
2024-05-16,gapfade,AMD,short,49,09:35,160.8417,161.8417,160.335,09:37,161.8902,stop,0.2272,-51.6,-1.041,160.83,gap +0.83%
2024-05-17,gapfade,AMD,short,25,09:35,166.4401,168.5684,165.4625,09:36,168.619,stop,0.1198,-54.59,-1.109,166.6,gap +3.41%
2024-05-21,gapfade,AMD,long,45,09:35,164.8494,163.826,165.255,09:36,163.7769,stop,0.2124,-48.48,-0.976,164.93,gap -1.35%
2024-05-23,gapfade,AMD,short,35,09:35,170.3789,171.7416,168.05,09:36,171.7931,stop,0.1716,-49.67,-0.998,170.32,gap +2.95%
2024-06-03,gapfade,AMD,short,30,09:35,168.9793,171.221,168.98,09:36,168.98,target,0.1459,-0.17,-0.003,169.56,gap +2.20%
2024-06-05,gapfade,AMD,short,61,09:35,162.1114,162.5324,161.1325,09:37,162.5811,stop,0.285,-28.94,-1.291,162.165,gap +1.47%
2024-06-12,gapfade,AMD,short,62,09:35,160.1219,160.6205,159.6625,09:37,159.6625,target,0.2863,28.2,0.909,160.12,gap +0.83%
2024-06-14,gapfade,AMD,long,43,09:35,158.8426,157.6022,159.15,09:39,159.15,target,0.1974,13.02,0.266,158.74,gap -0.95%
2024-07-10,gapfade,AMD,short,17,09:35,178.2565,181.3512,178.4325,09:35,178.31,target,0.0871,-1.0,-0.021,178.53,gap +1.56%
2024-07-18,gapfade,AMD,short,25,09:35,161.2866,163.4032,161.3175,09:35,161.3175,target,0.1162,-0.89,-0.018,161.445,gap +2.39%
2024-07-22,gapfade,AMD,short,64,09:35,154.3837,154.7246,152.99,09:38,154.771,stop,0.2853,-25.07,-0.519,153.97,gap +1.77%
2024-07-24,gapfade,AMD,long,65,09:35,152.9009,152.1577,153.35,09:38,151.8044,stop,0.2851,-71.55,-1.975,152.715,gap -0.97%
2024-07-26,gapfade,AMD,short,42,09:35,140.053,141.156,139.275,09:48,139.275,target,0.1705,32.5,0.658,139.98,gap +1.44%
2024-08-02,gapfade,AMD,short,22,09:35,133.9248,135.7006,133.06,09:36,135.7413,stop,0.0856,-40.05,-0.816,133.47,gap +0.75%
2024-08-07,gapfade,AMD,short,36,09:35,133.6749,134.7846,131.9625,09:40,134.8251,stop,0.1398,-41.55,-0.852,133.43,gap +2.78%
2024-08-08,gapfade,AMD,short,40,09:35,130.9707,132.167,130.335,09:37,130.335,target,0.1523,25.28,0.507,130.92,gap +2.59%
2024-08-09,gapfade,AMD,long,53,09:35,134.8154,133.886,135.47,09:35,133.8458,stop,0.206,-51.6,-1.042,134.82,gap -1.32%
2024-08-15,gapfade,AMD,short,70,09:35,142.7672,143.2531,141.895,09:37,143.2961,stop,0.2894,-37.31,-0.769,142.56,gap +1.73%
2024-08-28,gapfade,AMD,long,66,09:35,149.3448,149.2006,149.955,09:35,149.1559,stop,0.2846,-12.75,-0.842,149.43,gap -0.80%
2024-08-30,gapfade,AMD,short,27,09:35,147.1858,149.119,146.4775,11:15,146.4775,target,0.115,19.01,0.384,147.285,gap +1.25%
2024-09-04,gapfade,AMD,short,59,09:35,140.3079,141.2261,138.7075,10:00,138.7075,target,0.2399,94.18,1.887,140.38,gap +2.61%
2024-09-05,gapfade,AMD,long,41,09:35,139.3418,137.8021,139.525,09:35,139.525,target,0.1658,7.35,0.147,139.02,gap -1.94%
2024-09-11,gapfade,AMD,short,29,09:35,144.5266,146.3012,144.06,09:39,144.06,target,0.1213,13.41,0.275,144.62,gap +1.71%
2024-09-13,gapfade,AMD,short,60,09:35,152.1493,153.0729,151.545,09:46,151.545,target,0.2637,36.0,0.729,152.25,gap +1.00%
2024-09-19,gapfade,AMD,short,44,09:35,153.0141,154.184,151.1325,09:40,154.2303,stop,0.1945,-53.71,-1.076,153.05,gap +3.79%
2024-10-17,gapfade,AMD,short,50,09:35,159.4821,160.4703,157.98,09:57,157.98,target,0.23,74.88,1.512,159.48,gap +2.40%
2024-10-24,gapfade,AMD,short,64,09:35,154.5136,155.3152,153.8875,09:40,153.8875,target,0.2855,39.79,0.894,154.62,gap +1.19%
2024-10-28,gapfade,AMD,short,42,09:35,157.6627,158.9588,157.38,09:45,157.38,target,0.1911,11.68,0.238,157.79,gap +1.43%
2024-11-06,gapfade,AMD,short,49,09:35,144.2367,145.4053,143.375,09:41,143.375,target,0.2046,42.02,0.853,144.4,gap +2.41%
2024-11-19,gapfade,AMD,long,67,09:35,137.9014,137.0728,138.18,09:40,138.205,target,0.2685,20.08,0.406,137.81,gap -1.07%
2024-11-25,gapfade,AMD,short,40,09:35,140.2879,141.3912,139.405,09:40,141.5424,stop,0.1626,-50.34,-1.031,140.17,gap +1.55%
2025-01-02,gapfade,AMD,short,66,09:35,121.8734,122.8327,121.61,09:35,121.61,target,0.2346,17.15,0.345,122.08,gap +1.29%
2025-01-06,gapfade,AMD,short,77,09:35,128.9463,129.5094,127.2025,09:37,129.5482,stop,0.2888,-46.64,-0.994,128.9,gap +2.99%
2025-01-23,gapfade,AMD,long,45,09:35,121.8065,120.7292,122.565,09:38,120.6929,stop,0.1585,-50.27,-1.006,121.84,gap -1.84%
2025-01-29,gapfade,AMD,short,68,09:35,115.6303,116.3763,114.97,10:00,116.4112,stop,0.2299,-53.33,-1.072,115.645,gap +1.40%
2025-02-07,gapfade,AMD,long,54,09:35,109.6129,108.6213,109.625,09:47,109.625,target,0.1735,0.48,0.01,109.54,gap -0.94%
2025-02-12,gapfade,AMD,long,89,09:35,109.6179,108.9909,110.305,09:42,110.305,target,0.2877,60.87,1.223,109.55,gap -1.41%
2025-02-26,gapfade,AMD,short,95,09:35,104.5786,105.075,104.4825,09:35,104.4825,target,0.292,8.84,0.2,104.61,gap +0.89%
2025-03-06,gapfade,AMD,long,90,09:35,99.3198,98.7162,100.3675,09:36,98.6866,stop,0.2619,-57.25,-1.149,99.27,gap -2.58%
2025-03-11,gapfade,AMD,long,103,09:35,97.0991,96.5434,98.475,10:04,96.5144,stop,0.2935,-60.52,-1.316,96.99,gap -3.66%
2025-04-02,gapfade,AMD,long,64,09:35,101.5455,100.7192,102.11,09:36,102.11,target,0.1923,35.94,0.728,101.49,gap -1.28%
2025-04-30,gapfade,AMD,long,44,09:35,93.6081,92.4674,94.335,09:39,92.4397,stop,0.1204,-51.53,-1.053,93.58,gap -3.57%
2025-05-01,gapfade,AMD,short,82,09:35,98.9803,99.5595,98.325,09:38,98.325,target,0.2392,53.5,1.07,98.95,gap +2.04%
2025-05-06,gapfade,AMD,long,68,09:35,98.5396,97.8021,99.47,09:50,97.7728,stop,0.1961,-52.34,-1.057,98.53,gap -2.25%
2025-05-16,gapfade,AMD,short,57,09:35,117.2248,118.1781,116.4775,09:42,116.4775,target,0.1952,42.4,0.857,117.31,gap +2.62%
2025-05-23,gapfade,AMD,long,45,09:35,108.6776,107.5923,109.3825,10:12,109.3825,target,0.1443,31.58,0.639,108.69,gap -2.34%
2025-05-27,gapfade,AMD,short,57,09:35,112.6812,113.6335,111.755,09:47,113.6676,stop,0.188,-56.41,-1.146,112.77,gap +2.58%
2025-05-29,gapfade,AMD,short,77,09:35,114.9755,115.6155,114.1825,10:06,114.17,target,0.2589,61.76,1.243,114.97,gap +2.31%
2025-06-13,gapfade,AMD,long,70,09:35,115.9848,115.3695,117.2625,10:30,115.3349,stop,0.2361,-45.73,-0.926,116.075,gap -2.06%
2025-06-17,gapfade,AMD,short,47,09:35,127.5417,128.7686,127.18,09:39,128.8073,stop,0.1744,-59.66,-1.21,127.72,gap +1.23%
2025-06-23,gapfade,AMD,short,24,09:35,129.981,132.0619,129.355,09:40,132.1015,stop,0.0907,-50.98,-1.051,130.04,gap +1.72%
2025-07-01,gapfade,AMD,long,51,09:35,139.5218,138.4514,140.35,09:37,138.4099,stop,0.2047,-56.92,-1.152,139.42,gap -2.16%
2025-07-08,gapfade,AMD,short,47,09:35,136.4491,137.6775,136.045,09:39,136.045,target,0.1861,18.8,0.378,136.62,gap +1.91%
2025-08-04,gapfade,AMD,short,29,09:35,174.1677,175.9157,173.1575,09:43,176.0028,stop,0.1452,-53.36,-1.079,174.21,gap +1.69%
2025-08-20,gapfade,AMD,long,60,09:35,164.2743,163.4064,165.2675,09:39,163.3574,stop,0.2824,-55.29,-1.248,164.145,gap -1.56%
2025-08-26,gapfade,AMD,short,18,09:35,167.1198,169.8997,166.0,09:45,166.0,target,0.0866,20.07,0.411,167.185,gap +3.24%
2025-08-29,gapfade,AMD,long,47,09:35,167.3002,166.3035,167.68,09:37,166.2536,stop,0.225,-49.41,-1.005,167.35,gap -1.06%
2025-09-02,gapfade,AMD,long,27,09:35,158.5476,156.5333,160.3675,09:44,160.3675,target,0.1249,49.01,1.005,158.34,gap -2.86%
2025-10-13,gapfade,AMD,short,18,09:35,219.6341,222.1419,217.4775,09:45,222.2086,stop,0.1129,-46.45,-0.979,219.505,gap +2.54%
2025-10-31,gapfade,AMD,short,22,09:35,258.1525,260.0798,257.2075,09:39,260.1578,stop,0.1615,-44.28,-0.907,257.86,gap +1.80%
2025-11-03,gapfade,AMD,short,16,09:35,258.0326,261.0408,257.655,09:35,257.655,target,0.1174,5.92,0.123,258.02,gap +1.21%
2025-11-05,gapfade,AMD,long,14,09:35,246.629,242.8319,246.775,09:35,246.775,target,0.0984,1.95,0.041,246.25,gap -2.77%
2025-11-13,gapfade,AMD,long,29,09:35,253.0559,251.1536,255.49,09:42,251.0782,stop,0.2072,-57.56,-1.163,252.86,gap -2.63%
2025-11-17,gapfade,AMD,long,17,09:35,244.1482,241.1736,244.7975,09:36,244.7975,target,0.1185,10.92,0.223,244.05,gap -1.68%
2026-02-03,gapfade,AMD,short,16,09:35,249.5351,252.7225,248.83,09:37,248.83,target,0.1136,11.17,0.224,249.61,gap +2.14%
2026-02-17,gapfade,AMD,long,15,09:35,204.3213,200.8989,204.7,09:35,204.7,target,0.0878,5.59,0.114,204.18,gap -2.47%
2026-02-20,gapfade,AMD,long,49,09:35,200.9703,199.9848,201.7875,09:35,201.7875,target,0.283,39.76,0.927,200.86,gap -1.58%
2026-02-27,gapfade,AMD,long,21,09:35,199.99,197.8719,201.9075,11:30,200.3799,time,0.1205,8.07,0.168,200.16,gap -1.77%
2026-03-02,gapfade,AMD,long,10,09:35,194.5483,189.81,197.11,11:30,195.0015,time,0.0559,4.48,0.095,194.525,gap -3.26%
2026-03-03,gapfade,AMD,long,32,09:35,192.6628,191.0388,195.04,09:41,190.9815,stop,0.1752,-53.98,-1.084,192.595,gap -3.56%
2026-03-12,gapfade,AMD,long,22,09:35,202.8158,200.749,203.7875,09:43,200.6348,stop,0.1264,-48.11,-0.989,202.96,gap -0.94%
2026-03-26,gapfade,AMD,long,41,09:35,219.1757,217.9019,219.25,09:35,219.25,target,0.2567,2.79,0.056,219.115,gap -0.94%
2026-03-27,gapfade,AMD,long,49,09:35,201.5104,200.4094,202.515,09:39,202.66,target,0.2842,56.04,1.21,201.355,gap -1.20%
2026-04-02,gapfade,AMD,long,33,09:35,204.6614,203.8509,207.1625,09:36,203.199,stop,0.1919,-48.45,-0.973,205.36,gap -2.91%
2026-04-22,gapfade,AMD,short,16,09:35,290.4828,292.9627,287.8675,09:46,287.8675,target,0.1319,41.71,0.863,289.94,gap +2.33%
2026-05-05,gapfade,AMD,short,6,09:35,348.0456,354.9946,346.56,09:35,346.56,target,0.059,8.85,0.201,347.66,gap +2.95%
2026-05-15,gapfade,AMD,long,16,09:35,433.7401,430.3292,441.37,09:36,430.2001,stop,0.194,-56.83,-1.196,433.3,gap -3.70%
2026-05-26,gapfade,AMD,short,6,09:35,481.5305,489.9394,476.105,09:46,490.0864,stop,0.0813,-51.42,-1.037,481.675,gap +3.62%
2026-06-01,gapfade,AMD,long,5,09:35,503.6711,493.8057,508.22,09:38,493.6576,stop,0.0694,-50.14,-1.077,503.12,gap -3.12%
2026-06-03,gapfade,AMD,short,4,09:35,530.5508,543.0125,527.96,09:41,543.1754,stop,0.0597,-50.56,-1.07,531.205,gap +2.48%
2026-06-08,gapfade,AMD,short,16,09:35,483.245,485.6201,475.355,09:36,485.7658,stop,0.2176,-40.55,-0.858,482.665,gap +3.81%
2026-06-10,gapfade,AMD,long,21,09:35,466.3649,464.7448,470.935,09:36,470.935,target,0.2784,95.69,2.77,466.39,gap -1.92%
2026-06-18,gapfade,AMD,short,11,09:35,531.7504,536.3058,522.12,10:24,536.4667,stop,0.1644,-52.04,-1.096,531.99,gap +3.88%
2026-06-22,gapfade,AMD,short,6,09:35,544.6316,550.9604,541.075,09:36,541.075,target,0.0918,21.25,0.446,543.015,gap +1.47%
2026-07-16,gapfade,AMD,long,5,09:35,515.8847,507.7517,518.995,09:44,507.5994,stop,0.0714,-41.5,-0.956,516.43,gap -3.71%
2026-07-23,gapfade,AMD,long,9,09:35,547.8543,541.7877,548.95,09:35,548.95,target,0.1388,9.72,0.202,547.125,gap -1.18%
2026-08-12,gapfade,AMD,short,10,09:35,483.135,488.4179,480.39,10:23,488.5645,stop,0.136,-54.43,-1.102,483.48,gap +2.70%
2026-08-18,gapfade,AMD,long,16,09:35,488.4065,485.0445,497.1475,09:47,484.899,stop,0.2183,-56.34,-1.128,488.165,gap -3.57%
2026-08-21,gapfade,AMD,short,14,09:35,473.4779,477.2568,472.0,09:36,472.0,target,0.1866,20.5,0.417,473.745,gap +1.11%
2026-09-10,gapfade,AMD,long,19,09:35,509.2577,507.7318,514.7,09:50,507.5794,stop,0.2713,-32.16,-1.615,508.78,gap -2.47%
2026-09-11,gapfade,AMD,short,14,09:35,506.7829,510.9004,507.095,09:35,506.935,target,0.1996,-2.33,-0.049,507.48,gap +1.31%
