date,strategy,symbol,side,qty,entry_time,entry,stop,target,exit_time,exit,reason,fees,pnl_usd,r,ref,note
2023-10-12,orb,SPY,short,22,09:46,435.7796,436.41,434.7,10:27,436.4755,stop,0.2702,-15.58,-1.242,435.84,break below 435.86
2023-10-13,orb,SPY,short,22,10:07,435.0197,435.7625,433.79,10:50,433.79,target,0.2697,26.78,1.852,435.105,break below 435.13
2023-10-16,orb,SPY,long,22,10:13,435.0102,434.155,436.33,10:30,436.33,target,0.2705,28.76,1.803,434.88,break above 434.74
2023-10-17,orb,SPY,short,23,09:54,432.5901,433.2375,431.355,10:07,433.3025,stop,0.2804,-16.67,-1.155,432.61,break below 432.77
2023-10-18,orb,SPY,short,23,10:02,433.415,434.19,432.225,10:06,434.2551,stop,0.2809,-19.6,-1.301,433.535,break below 433.65
2023-10-19,orb,SPY,short,23,09:49,430.2055,430.8325,429.13,10:01,430.8971,stop,0.2789,-16.19,-1.24,430.265,break below 430.31
2023-10-20,orb,SPY,short,23,09:54,425.0862,425.965,423.595,10:20,423.595,target,0.2756,34.02,1.872,425.175,break below 425.45
2023-10-23,orb,SPY,long,23,09:54,420.113,418.9025,422.435,11:22,422.435,target,0.2739,53.13,1.962,420.08,break above 419.99
2023-10-24,orb,SPY,long,23,10:25,424.1386,423.265,425.83,11:21,423.2015,stop,0.2744,-21.83,-1.11,424.12,break above 423.89
2023-10-25,orb,SPY,short,23,09:46,419.697,421.035,417.21,10:47,421.0982,stop,0.2722,-32.5,-1.108,419.76,break below 420.16
2023-10-26,orb,SPY,short,24,09:51,415.7776,416.61,414.165,10:51,416.6725,stop,0.2814,-21.76,-1.112,415.795,break below 415.93
2023-10-27,orb,SPY,short,24,09:50,412.7981,413.76,411.0,10:06,413.8221,stop,0.2794,-24.86,-1.126,412.84,break below 413.07
2023-10-30,orb,SPY,long,24,09:46,415.0422,414.23,416.45,10:04,414.1629,stop,0.2803,-21.39,-1.204,414.97,break above 414.90
2023-10-31,orb,SPY,short,24,09:51,414.7378,415.5275,412.955,10:10,415.5898,stop,0.2807,-20.73,-1.007,414.67,break below 414.76
2023-11-01,orb,SPY,long,23,09:47,419.5629,419.0125,420.235,10:00,420.235,target,0.2725,15.19,1.62,419.42,break above 419.35
2023-11-02,orb,SPY,long,23,10:29,428.3993,427.315,429.865,13:30,429.865,target,0.2787,33.43,1.71,428.165,break above 428.03
2023-11-03,orb,SPY,long,23,09:46,434.3651,433.655,435.575,10:27,433.59,stop,0.2811,-18.11,-1.23,434.295,break above 434.20
2023-11-06,orb,SPY,short,22,09:53,435.0297,435.665,433.88,10:39,435.7303,stop,0.2697,-15.68,-1.198,435.07,break below 435.19
2023-11-07,orb,SPY,long,22,10:01,436.0404,435.11,437.75,15:55,436.4545,time,0.2706,8.84,0.457,435.99,break above 435.71
2023-11-09,orb,SPY,short,22,09:48,436.9494,437.84,435.44,09:59,437.9057,stop,0.2709,-21.31,-1.211,437.04,break below 437.21
2023-11-10,orb,SPY,short,23,10:28,434.7548,435.52,433.285,11:00,435.5853,stop,0.2818,-19.38,-1.131,434.775,break below 434.92
2023-11-13,orb,SPY,short,22,09:56,438.4142,439.095,437.19,10:07,439.1609,stop,0.2718,-16.7,-1.195,438.46,break below 438.61
2023-11-14,orb,SPY,long,22,09:46,447.4221,446.66,448.88,10:31,448.885,target,0.2782,31.91,1.96,447.4,break above 447.19
2023-11-15,orb,SPY,short,22,09:47,449.8075,450.32,449.0,10:10,450.3875,stop,0.2788,-13.04,-1.347,449.88,break below 449.90
2023-11-17,orb,SPY,short,22,11:06,449.2626,450.035,448.04,11:13,450.1025,stop,0.2784,-18.76,-1.282,449.37,break below 449.48
2023-11-20,orb,SPY,long,22,09:53,451.8678,451.155,453.255,13:03,453.255,target,0.2809,30.24,1.964,451.855,break above 451.74
2023-11-22,orb,SPY,short,21,09:54,454.6818,455.62,453.01,12:02,455.6883,stop,0.2689,-21.41,-1.172,454.75,break below 454.91
2023-11-27,orb,SPY,short,22,09:53,454.0719,454.6775,452.945,10:00,454.7457,stop,0.2814,-15.11,-1.189,454.1,break below 454.12
2023-11-28,orb,SPY,long,22,10:39,454.4482,453.855,455.04,10:42,455.04,target,0.282,12.74,1.466,454.25,break above 454.20
2023-11-29,orb,SPY,long,21,09:54,458.1487,457.51,459.25,10:05,457.4414,stop,0.2705,-15.12,-1.242,458.09,break above 457.99
2023-11-30,orb,SPY,short,22,10:43,454.2169,454.985,452.81,11:01,455.0682,stop,0.2815,-19.01,-1.192,454.26,break below 454.27
2023-12-01,orb,SPY,long,21,09:46,456.1984,455.635,457.15,10:26,455.5667,stop,0.2694,-13.54,-1.276,456.14,break above 456.05
2023-12-04,orb,SPY,long,21,09:46,456.7385,456.08,457.895,09:57,456.0116,stop,0.2697,-15.53,-1.223,456.685,break above 456.62
2023-12-06,orb,SPY,short,21,09:46,457.9013,458.34,456.87,10:15,458.4088,stop,0.2708,-10.93,-1.062,457.85,break below 457.86
2023-12-08,orb,SPY,long,21,10:01,459.2389,457.9375,461.71,11:38,457.8688,stop,0.2708,-29.04,-1.1,459.195,break above 458.64
2023-12-11,orb,SPY,long,21,09:48,460.319,459.88,461.14,09:55,459.811,stop,0.2719,-10.94,-1.24,460.3,break above 460.29
2023-12-12,orb,SPY,long,21,10:05,461.8143,461.15,462.875,12:25,462.875,target,0.2737,22.0,1.822,461.725,break above 461.69
2023-12-14,orb,SPY,long,21,09:46,473.526,472.855,474.655,09:50,472.7841,stop,0.2795,-15.86,-1.259,473.455,break above 473.44
2023-12-15,orb,SPY,long,21,10:17,469.9305,469.2675,471.015,13:38,469.1971,stop,0.2774,-15.68,-1.282,469.85,break above 469.72
2023-12-19,orb,SPY,long,21,09:52,473.501,472.8875,474.425,11:15,474.425,target,0.2805,19.12,1.777,473.4,break above 473.30
2023-12-20,orb,SPY,long,21,09:52,474.6662,474.195,475.515,10:32,475.515,target,0.2811,17.54,1.899,474.635,break above 474.61
2023-12-21,orb,SPY,short,21,10:05,471.1393,471.71,470.12,10:19,471.7808,stop,0.2785,-13.75,-1.235,471.18,break below 471.21
2023-12-22,orb,SPY,long,21,09:49,475.2113,474.4475,476.435,10:56,474.3763,stop,0.2804,-17.81,-1.28,475.11,break above 475.05
2023-12-26,orb,SPY,long,21,10:08,474.9012,474.375,475.74,14:56,475.74,target,0.2812,17.33,1.814,474.83,break above 474.75
2024-01-02,orb,SPY,short,21,09:49,471.3693,472.255,469.9,10:00,472.3458,stop,0.2787,-20.79,-1.261,471.47,break below 471.73
2024-01-04,orb,SPY,long,21,10:02,469.6154,468.69,471.27,12:45,468.6197,stop,0.2771,-21.19,-1.173,469.55,break above 469.24
2024-01-05,orb,SPY,long,21,10:01,468.9853,467.7925,470.965,12:08,467.7223,stop,0.2765,-26.8,-1.207,468.85,break above 468.44
2024-01-08,orb,SPY,long,21,09:51,469.3804,468.825,470.28,09:54,468.6297,stop,0.2771,-16.04,-1.575,469.31,break above 469.27
2024-01-10,orb,SPY,short,21,10:03,474.1339,474.75,472.665,10:29,474.8212,stop,0.2803,-14.71,-1.008,474.055,break below 474.16
2024-01-11,orb,SPY,short,20,09:46,476.5885,477.495,474.6,10:05,474.6,target,0.2683,39.5,2.047,476.53,break below 476.91
2024-01-12,orb,SPY,short,20,09:58,477.6033,478.14,476.925,10:00,476.845,target,0.2689,14.9,1.839,477.735,break below 477.74
2024-01-16,orb,SPY,short,21,09:47,473.7989,474.785,472.22,10:01,474.8562,stop,0.2801,-22.48,-1.252,473.93,break below 473.99
2024-01-17,orb,SPY,short,21,09:49,471.1693,471.5725,470.425,09:53,471.6432,stop,0.2786,-10.23,-1.274,471.19,break below 471.21
2024-01-18,orb,SPY,short,21,09:46,473.6739,474.09,472.98,10:12,474.1611,stop,0.28,-10.51,-1.353,473.72,break below 473.73
2024-01-19,orb,SPY,long,20,10:01,478.0017,477.4175,479.105,10:07,477.3384,stop,0.2687,-13.53,-1.203,477.98,break above 477.88
2024-01-22,orb,SPY,long,20,09:53,485.0477,484.4,486.11,10:04,484.3273,stop,0.2726,-14.68,-1.288,484.97,break above 484.89
2024-01-23,orb,SPY,short,20,10:24,483.4775,483.94,482.71,13:00,484.0226,stop,0.2721,-11.17,-1.363,483.53,break below 483.56
2024-01-25,orb,SPY,short,20,09:46,486.752,487.26,486.0,09:50,487.3331,stop,0.274,-11.9,-1.416,486.84,break below 486.87
2024-01-26,orb,SPY,short,20,09:52,487.3869,487.8725,486.395,10:25,487.9457,stop,0.2743,-11.45,-1.162,487.38,break below 487.50
2024-01-31,orb,SPY,short,20,09:47,487.7668,488.565,486.63,10:36,486.63,target,0.2745,22.46,1.741,487.92,break below 488.05
2024-02-01,orb,SPY,short,20,10:01,484.3973,485.125,483.13,10:04,485.1978,stop,0.2726,-16.28,-1.224,484.46,break below 484.63
2024-02-02,orb,SPY,long,20,09:46,490.6636,489.835,492.19,09:54,489.7615,stop,0.2756,-18.32,-1.167,490.62,break above 490.33
2024-02-05,orb,SPY,short,20,10:01,492.6061,493.2875,491.555,10:16,491.555,target,0.2772,20.74,1.796,492.71,break below 492.88
2024-02-06,orb,SPY,long,20,09:46,494.3791,493.71,495.525,09:50,493.6359,stop,0.2778,-15.14,-1.251,494.315,break above 494.13
2024-02-07,orb,SPY,short,20,09:46,495.4157,495.975,494.34,09:49,496.0494,stop,0.2788,-12.95,-1.188,495.43,break below 495.52
2024-02-13,orb,SPY,short,20,09:52,493.8759,494.585,492.68,10:26,494.6592,stop,0.2779,-15.94,-1.255,493.95,break below 493.98
2024-02-14,orb,SPY,long,20,10:20,497.4946,496.54,499.0,10:51,496.4655,stop,0.2794,-20.86,-1.272,497.36,break above 497.25
2024-02-15,orb,SPY,long,19,09:48,500.23,499.685,501.08,09:54,499.61,stop,0.267,-12.05,-1.364,500.15,break above 500.07
2024-02-16,orb,SPY,short,19,09:51,500.5349,501.325,499.21,10:00,499.21,target,0.2675,24.91,1.859,500.62,break below 500.77
2024-02-20,orb,SPY,short,20,09:52,496.2955,497.425,494.455,15:55,496.1444,time,0.2793,2.74,0.139,496.435,break below 496.49
2024-02-22,orb,SPY,long,19,09:46,504.3556,503.57,505.73,11:34,505.73,target,0.2703,25.84,1.889,504.29,break above 504.12
2024-02-23,orb,SPY,short,19,10:44,508.9236,509.61,508.11,11:04,508.035,target,0.272,16.61,1.749,509.11,break below 509.12
2024-02-28,orb,SPY,long,19,10:11,505.8959,505.395,506.685,11:00,506.685,target,0.2708,14.72,1.802,505.825,break above 505.79
2024-02-29,orb,SPY,short,19,10:11,507.5239,508.45,505.825,11:40,505.545,target,0.2712,37.33,2.245,507.575,break below 508.06
2024-03-01,orb,SPY,long,19,10:09,509.6714,509.095,510.52,10:46,510.52,target,0.2728,15.85,1.756,509.57,break above 509.52
2024-03-05,orb,SPY,long,19,10:04,510.6566,509.88,512.22,10:07,509.8035,stop,0.2724,-16.48,-1.112,510.66,break above 510.31
2024-03-06,orb,SPY,short,19,10:02,509.3936,510.28,508.27,10:51,510.3565,stop,0.2722,-18.57,-1.459,509.61,break below 509.73
2024-03-07,orb,SPY,short,19,09:46,512.3781,513.17,511.22,09:52,513.267,stop,0.2738,-17.16,-1.39,512.52,break below 512.72
2024-03-08,orb,SPY,long,19,09:46,517.0575,516.095,518.615,11:09,515.7926,stop,0.2756,-24.31,-1.523,516.935,break above 516.70
2024-03-11,orb,SPY,short,19,09:54,509.9335,510.5475,509.025,10:02,509.025,target,0.2725,16.99,1.762,510.04,break below 510.16
2024-03-12,orb,SPY,short,19,09:46,510.8934,512.5425,508.155,09:55,512.6194,stop,0.273,-33.07,-1.19,511.08,break below 511.37
2024-03-13,orb,SPY,short,19,09:47,516.0626,516.6225,515.175,10:33,516.7,stop,0.2757,-12.39,-1.351,516.14,break below 516.19
2024-03-15,orb,SPY,short,19,09:47,509.8685,510.6175,508.555,10:25,510.6941,stop,0.2725,-15.96,-1.222,509.93,break below 509.94
2024-03-18,orb,SPY,long,19,10:13,515.0372,514.04,516.74,11:52,513.9629,stop,0.2746,-20.69,-1.21,514.94,break above 514.82
2024-03-19,orb,SPY,long,19,10:40,512.3068,511.6575,513.165,11:32,513.165,target,0.2742,16.03,1.679,512.16,break above 512.15
2024-03-21,orb,SPY,short,19,09:49,522.8316,523.4825,521.705,10:00,523.561,stop,0.2793,-14.14,-1.256,522.89,break below 522.97
2024-04-01,orb,SPY,short,19,10:05,523.2015,523.8975,521.595,10:13,523.9761,stop,0.2795,-15.0,-1.028,523.13,break below 523.45
2024-04-02,orb,SPY,short,19,09:52,517.0524,517.8025,515.575,10:03,517.8802,stop,0.2763,-16.0,-1.134,517.06,break below 517.16
2024-04-03,orb,SPY,long,19,09:55,518.6778,518.115,519.48,10:01,519.48,target,0.2775,14.96,1.731,518.57,break above 518.56
2024-04-05,orb,SPY,long,19,09:48,515.7273,514.785,517.2,10:50,517.2,target,0.2763,27.7,1.811,515.59,break above 515.52
2024-04-08,orb,SPY,long,19,10:27,519.4779,518.715,520.68,11:36,518.6372,stop,0.2771,-16.25,-1.306,519.37,break above 519.35
2024-04-09,orb,SPY,short,19,09:47,519.712,520.2325,518.86,09:52,518.86,target,0.2777,15.91,1.83,519.775,break below 519.79
2024-04-10,orb,SPY,short,19,09:50,512.8631,513.4875,511.245,09:51,513.5645,stop,0.274,-13.6,-0.958,512.74,break below 512.82
2024-04-11,orb,SPY,short,19,10:01,513.8529,514.9725,512.295,10:16,512.295,target,0.2746,29.33,1.729,514.08,break below 514.12
2024-04-12,orb,SPY,long,19,09:46,515.4373,514.715,516.635,10:00,514.6378,stop,0.275,-15.47,-1.272,515.355,break above 515.30
2024-04-15,orb,SPY,short,19,10:08,513.8229,514.8,512.31,10:11,512.31,target,0.2746,28.47,1.805,513.97,break below 514.30
2024-04-16,orb,SPY,short,19,09:47,503.1895,504.37,501.04,09:56,504.4457,stop,0.2689,-24.14,-1.144,503.26,break below 503.54
2024-04-17,orb,SPY,short,19,09:52,505.0492,505.6625,503.885,10:12,503.885,target,0.2699,21.85,1.941,505.07,break below 505.25
2024-04-18,orb,SPY,long,19,10:28,502.1353,500.8875,504.945,12:52,500.8124,stop,0.2677,-25.4,-0.989,502.24,break above 502.01
2024-04-19,orb,SPY,long,19,09:47,500.335,499.395,502.305,09:50,499.3201,stop,0.2669,-19.55,-1.061,500.365,break above 500.09
2024-04-22,orb,SPY,long,20,10:02,498.2447,497.39,499.73,10:17,497.3154,stop,0.2798,-18.87,-1.209,498.17,break above 498.04
2024-04-23,orb,SPY,long,19,09:46,503.2505,501.7975,505.435,12:33,505.435,target,0.2701,41.24,1.79,503.01,break above 502.34
2024-04-24,orb,SPY,short,19,10:36,505.8941,506.6275,504.415,11:08,504.415,target,0.2704,27.83,1.986,505.89,break below 505.95
2024-04-25,orb,SPY,short,20,09:53,498.1203,498.84,496.935,10:13,498.9548,stop,0.2803,-16.97,-1.336,498.205,break below 498.35
2024-04-26,orb,SPY,long,19,09:51,507.9412,506.595,510.09,15:55,508.6637,time,0.2718,13.46,0.608,507.76,break above 507.44
2024-04-30,orb,SPY,short,19,11:05,508.0738,508.8525,506.835,11:12,506.835,target,0.2715,23.27,1.821,508.18,break below 508.21
2024-05-01,orb,SPY,short,19,09:49,500.8249,501.365,499.88,10:57,501.4402,stop,0.2677,-11.96,-1.272,500.87,break below 500.94
2024-05-02,orb,SPY,short,19,09:48,502.2097,503.49,499.47,13:14,503.6555,stop,0.2684,-27.74,-1.09,502.15,break below 502.41
2024-05-03,orb,SPY,long,19,09:47,511.5767,510.5425,513.355,10:01,510.4659,stop,0.2728,-21.38,-1.2,511.48,break above 511.33
2024-05-06,orb,SPY,long,19,09:49,514.3571,513.77,515.27,12:21,513.6929,stop,0.2745,-12.89,-1.357,514.27,break above 514.24
2024-05-09,orb,SPY,long,19,10:03,517.9077,517.2475,518.995,10:38,518.995,target,0.2773,20.38,1.842,517.83,break above 517.78
2024-05-10,orb,SPY,long,19,09:49,522.5684,521.89,523.72,10:01,521.8117,stop,0.2788,-14.66,-1.264,522.5,break above 522.41
2024-05-13,orb,SPY,short,19,09:47,521.2268,521.9275,519.655,15:55,520.7931,time,0.2785,7.96,0.553,521.17,break below 521.24
2024-05-15,orb,SPY,short,19,09:51,525.2712,526.235,523.79,10:05,526.3139,stop,0.2806,-20.09,-1.298,525.42,break below 525.74
2024-05-23,orb,SPY,short,18,09:48,530.9204,532.2,529.02,11:00,529.01,target,0.2687,34.12,1.788,531.14,break below 531.36
2024-05-30,orb,SPY,short,19,10:12,523.6564,524.435,522.32,12:20,524.5137,stop,0.2797,-16.57,-1.237,523.73,break below 523.92
2024-05-31,orb,SPY,short,19,09:54,523.1315,524.0525,521.645,10:17,521.645,target,0.2795,27.96,1.834,523.25,break below 523.36
2024-06-04,orb,SPY,long,18,10:01,527.2091,526.28,528.86,10:06,526.0811,stop,0.2662,-20.57,-1.329,527.14,break above 526.75
2024-06-05,orb,SPY,short,18,09:51,529.5356,530.3325,528.345,10:26,530.412,stop,0.268,-16.04,-1.345,529.67,break below 529.88
2024-06-07,orb,SPY,long,18,09:51,534.0251,533.19,535.62,10:40,535.62,target,0.271,28.44,1.95,534.0,break above 533.82
2024-06-11,orb,SPY,short,18,09:46,532.8801,533.6175,532.125,10:24,533.6975,stop,0.2696,-14.98,-1.673,533.12,break below 533.15
2024-06-12,orb,SPY,long,18,09:47,542.8014,541.9275,544.095,14:00,541.4538,stop,0.2739,-24.53,-1.886,542.65,break above 542.63
2024-06-14,orb,SPY,short,18,10:04,540.3939,541.135,539.155,10:21,541.2162,stop,0.2734,-15.07,-1.269,540.475,break below 540.69
2024-06-18,orb,SPY,short,18,10:52,547.1179,547.6675,545.905,11:50,547.7522,stop,0.2768,-11.69,-1.106,547.08,break below 547.13
2024-06-20,orb,SPY,long,18,09:46,550.0125,549.3925,551.305,10:08,549.3076,stop,0.2779,-12.97,-1.13,550.03,break above 549.96
2024-06-21,orb,SPY,short,18,09:46,543.4285,544.27,541.66,10:00,544.3516,stop,0.2749,-16.89,-1.079,543.4,break below 543.68
2024-06-27,orb,SPY,short,18,09:53,545.2582,546.1,544.09,10:00,546.2419,stop,0.2758,-17.98,-1.491,545.43,break below 545.46
2024-06-28,orb,SPY,long,18,09:46,547.9822,547.315,549.355,10:03,549.355,target,0.2779,24.43,1.996,547.995,break above 547.92
2024-07-01,orb,SPY,short,18,09:46,544.9332,545.4125,544.145,09:50,544.145,target,0.2757,13.91,1.829,544.99,break below 545.00
2024-07-02,orb,SPY,long,18,10:39,545.6818,544.6425,547.86,14:29,547.88,target,0.2771,39.29,2.035,545.715,break above 545.60
2024-07-12,orb,SPY,long,17,09:48,558.3387,557.62,559.27,10:00,559.27,target,0.2671,15.56,1.665,558.17,break above 558.07
2024-07-15,orb,SPY,short,17,09:46,561.6357,562.35,560.13,10:04,562.4344,stop,0.2683,-13.84,-1.101,561.61,break below 561.89
2024-07-17,orb,SPY,long,17,09:54,560.344,559.5375,561.81,10:00,559.4536,stop,0.2672,-15.41,-1.196,560.295,break above 560.07
2024-07-18,orb,SPY,short,17,09:46,557.8863,558.42,556.725,09:57,558.5038,stop,0.2665,-10.76,-1.121,557.855,break below 557.98
2024-07-19,orb,SPY,short,18,10:28,551.3473,552.9,548.1,13:22,548.1,target,0.2789,58.17,2.02,551.3,break below 551.81
2024-07-22,orb,SPY,long,18,09:48,554.3931,553.1175,556.545,09:57,553.0345,stop,0.2797,-24.73,-1.203,554.26,break above 553.93
2024-07-23,orb,SPY,long,18,09:49,555.6833,554.84,556.91,10:47,554.7568,stop,0.2806,-16.96,-1.365,555.53,break above 555.49
2024-07-24,orb,SPY,short,18,09:48,547.6828,548.47,546.34,10:02,546.34,target,0.277,23.89,1.87,547.76,break below 547.77
2024-07-25,orb,SPY,short,18,09:58,539.914,540.855,538.2,10:09,538.14,target,0.2732,31.66,1.987,539.97,break below 540.23
2024-07-26,orb,SPY,long,18,10:01,543.7616,542.3,545.42,10:08,542.1987,stop,0.2743,-28.41,-1.517,543.34,break above 543.11
2024-07-29,orb,SPY,long,18,09:46,546.3969,545.5,548.38,09:51,545.2432,stop,0.2758,-21.04,-1.218,546.46,break above 546.20
2024-07-30,orb,SPY,short,18,09:56,545.7231,546.615,544.35,10:35,544.35,target,0.2761,24.44,1.798,545.86,break below 545.90
2024-07-31,orb,SPY,long,18,10:06,549.5124,548.4375,551.175,10:32,551.175,target,0.2788,29.65,1.805,549.35,break above 549.24
2024-08-01,orb,SPY,short,18,10:08,552.3371,553.505,549.875,10:29,549.875,target,0.2794,44.04,2.022,552.295,break below 552.33
2024-08-02,orb,SPY,short,18,09:58,533.9899,535.49,530.99,10:10,530.99,target,0.2702,53.73,1.99,533.99,break below 534.06
2024-08-05,orb,SPY,long,17,09:46,515.8274,513.0875,521.555,11:37,521.555,target,0.2493,97.12,2.024,515.91,break above 515.87
2024-08-06,orb,SPY,long,19,09:53,521.2182,519.235,524.53,10:38,524.53,target,0.2802,62.64,1.868,521.0,break above 520.48
2024-08-07,orb,SPY,long,18,09:46,530.0945,528.98,532.01,10:19,528.9007,stop,0.2676,-21.76,-1.197,529.99,break above 529.98
2024-08-08,orb,SPY,short,19,09:48,522.5316,523.6975,520.585,09:53,523.7761,stop,0.2792,-23.92,-1.214,522.66,break below 523.08
2024-08-09,orb,SPY,short,18,09:46,528.9656,530.18,527.705,10:03,530.2595,stop,0.2677,-23.56,-1.586,529.355,break below 529.39
2024-08-12,orb,SPY,short,18,09:47,531.7402,533.24,529.28,10:09,533.32,stop,0.2691,-28.7,-1.208,531.92,break below 532.02
2024-08-13,orb,SPY,long,18,09:46,538.0807,536.9575,539.845,10:06,536.877,stop,0.2716,-21.94,-1.266,537.92,break above 537.63
2024-08-14,orb,SPY,short,18,09:56,541.4338,542.4075,539.73,10:59,542.4889,stop,0.2739,-19.27,-1.199,541.515,break below 541.55
2024-08-15,orb,SPY,long,18,09:59,550.2325,549.5775,551.445,10:04,549.4951,stop,0.278,-13.55,-1.209,550.2,break above 550.20
2024-08-16,orb,SPY,long,18,09:51,552.5329,551.855,553.61,10:48,551.7722,stop,0.2791,-13.97,-1.327,552.44,break above 552.35
2024-08-19,orb,SPY,long,17,10:09,555.6083,555.02,556.67,10:16,554.9367,stop,0.2651,-11.68,-1.249,555.57,break above 555.49
2024-08-20,orb,SPY,long,17,09:46,560.104,559.64,561.14,10:12,559.5561,stop,0.2673,-9.58,-1.127,560.14,break above 560.12
2024-08-26,orb,SPY,short,17,09:55,562.8756,563.37,561.42,10:32,561.26,target,0.2688,27.2,2.461,562.72,break below 562.84
2024-08-27,orb,SPY,long,17,09:52,559.6689,558.945,560.91,10:25,560.91,target,0.2679,20.83,1.871,559.6,break above 559.56
2024-08-28,orb,SPY,short,17,10:02,560.7759,561.17,559.79,10:09,561.2642,stop,0.2678,-8.57,-1.096,560.71,break below 560.72
2024-08-29,orb,SPY,short,17,09:46,559.796,560.335,558.34,09:48,560.4191,stop,0.2674,-10.86,-0.961,559.67,break below 559.74
2024-08-30,orb,SPY,long,17,10:01,562.2543,561.1825,563.53,10:22,561.0058,stop,0.268,-21.49,-1.616,561.965,break above 561.91
2024-09-03,orb,SPY,short,17,09:49,559.1711,560.0,557.6,10:03,557.6,target,0.2671,26.44,1.944,559.2,break below 559.25
2024-09-04,orb,SPY,long,18,09:55,552.4629,551.135,554.6,10:00,551.0523,stop,0.2787,-25.67,-1.235,552.29,break above 552.23
2024-09-05,orb,SPY,long,18,09:46,551.8728,551.24,553.43,09:48,551.1573,stop,0.2788,-13.16,-1.001,551.97,break above 551.77
2024-09-06,orb,SPY,short,18,09:55,548.5377,550.055,545.21,10:25,545.21,target,0.2775,59.62,2.051,548.44,break below 548.54
2024-09-09,orb,SPY,long,18,09:51,545.2518,544.645,546.31,10:11,546.31,target,0.2764,18.77,1.879,545.2,break above 545.19
2024-09-11,orb,SPY,short,18,09:47,545.1782,547.21,541.54,10:17,541.54,target,0.2758,65.21,1.917,545.32,break below 545.73
2024-09-13,orb,SPY,long,17,09:47,560.9341,560.135,562.34,10:44,562.34,target,0.2686,23.63,1.891,560.87,break above 560.81
2024-09-16,orb,SPY,long,17,09:53,562.5644,561.4825,564.085,10:27,561.3983,stop,0.2681,-20.09,-1.362,562.35,break above 562.12
2024-09-17,orb,SPY,short,17,09:50,564.4803,565.085,563.555,10:05,565.3148,stop,0.2696,-14.46,-1.667,564.575,break below 564.62
2024-09-18,orb,SPY,short,17,10:12,562.2756,563.3225,560.18,10:47,563.407,stop,0.2686,-19.5,-1.095,562.275,break below 562.72
2024-09-19,orb,SPY,short,17,09:46,568.8597,570.1125,567.21,10:03,570.198,stop,0.2717,-23.02,-1.4,569.145,break below 569.17
2024-09-23,orb,SPY,short,17,09:47,568.2747,568.9675,567.205,09:48,569.0528,stop,0.2714,-13.5,-1.352,568.38,break below 568.54
2024-09-26,orb,SPY,short,17,09:56,573.264,574.02,571.86,10:00,574.1061,stop,0.2737,-14.59,-1.192,573.3,break below 573.35
2024-09-30,orb,SPY,short,17,10:01,570.8444,570.9825,569.475,10:06,571.0681,stop,0.2726,-4.08,-0.477,570.48,break below 570.50
2024-10-01,orb,SPY,short,17,09:46,569.5845,571.6125,565.365,15:55,568.6953,time,0.272,14.85,0.419,569.53,break below 569.79
2024-10-02,orb,SPY,long,17,10:03,567.9952,566.495,570.455,15:55,568.9196,time,0.2717,15.44,0.688,567.815,break above 567.72
2024-10-03,orb,SPY,short,17,09:52,566.865,567.63,565.44,09:55,567.7151,stop,0.2707,-14.72,-1.186,566.9,break below 567.08
2024-10-04,orb,SPY,short,17,09:55,571.0393,571.99,569.92,09:58,569.92,target,0.2727,18.76,1.599,571.3,break below 571.30
2024-10-08,orb,SPY,long,17,09:56,570.7456,570.0125,571.445,10:42,571.445,target,0.2729,11.62,1.431,570.49,break above 570.48
2024-10-09,orb,SPY,long,17,10:07,573.8861,573.185,575.03,11:00,575.03,target,0.2746,19.17,1.834,573.8,break above 573.77
2024-10-11,orb,SPY,long,17,09:47,577.2116,576.4725,578.145,10:06,578.145,target,0.2761,15.59,1.645,577.03,break above 576.99
2024-10-14,orb,SPY,long,17,09:46,582.4924,581.455,584.02,13:04,584.02,target,0.2788,25.69,1.768,582.31,break above 582.18
2024-10-17,orb,SPY,short,17,10:07,582.9026,584.665,579.82,11:59,584.7527,stop,0.2783,-31.73,-1.156,583.05,break below 583.24
2024-10-18,orb,SPY,long,17,11:30,584.4377,583.43,585.95,15:55,584.4773,time,0.279,0.4,0.028,584.27,break above 584.22
2024-10-24,orb,SPY,short,17,09:46,578.6532,579.4775,577.145,09:55,579.5644,stop,0.2763,-15.77,-1.193,578.7,break below 578.90
2024-10-25,orb,SPY,long,17,09:46,582.8424,582.05,584.12,10:02,584.12,target,0.2789,21.44,1.828,582.74,break above 582.60
2024-10-28,orb,SPY,short,17,09:51,581.4028,582.13,580.57,10:24,582.2173,stop,0.2776,-14.12,-1.598,581.61,break below 581.64
2024-10-29,orb,SPY,long,17,09:57,579.907,579.15,581.385,10:24,581.385,target,0.2776,24.85,1.962,579.895,break above 579.87
2024-10-30,orb,SPY,long,17,09:56,581.7522,580.4475,584.175,13:40,580.3604,stop,0.2771,-23.94,-1.133,581.69,break above 581.57
2024-10-31,orb,SPY,short,17,09:48,574.0039,574.91,572.6,10:11,572.6,target,0.2741,23.59,1.802,574.14,break below 574.29
2024-11-01,orb,SPY,long,17,09:50,573.176,571.885,575.44,10:29,575.44,target,0.2748,38.21,1.897,573.07,break above 573.03
2024-11-04,orb,SPY,long,17,10:00,571.5357,570.405,573.75,11:35,570.3194,stop,0.2724,-20.95,-1.105,571.52,break above 571.51
2024-11-05,orb,SPY,long,17,09:49,572.9609,571.595,575.12,10:46,575.12,target,0.2746,36.43,1.824,572.77,break above 572.66
2024-11-06,orb,SPY,short,17,09:47,586.9419,588.54,583.98,10:24,588.6283,stop,0.2802,-28.95,-1.12,587.02,break below 587.71
2024-11-14,orb,SPY,short,16,10:19,595.5407,596.8475,593.03,10:44,596.937,stop,0.2676,-22.61,-1.11,595.575,break below 595.88
2024-11-15,orb,SPY,short,16,09:56,589.0416,589.585,587.68,10:08,587.68,target,0.2647,21.52,2.118,588.95,break below 589.00
2024-11-18,orb,SPY,long,17,10:05,586.778,585.875,588.38,11:02,588.38,target,0.2809,26.95,1.899,586.71,break above 586.38
2024-11-19,orb,SPY,short,17,09:51,584.1624,585.1675,582.355,09:52,585.2553,stop,0.2789,-18.86,-1.183,584.23,break below 584.57
2024-11-20,orb,SPY,short,17,09:58,587.7218,589.19,585.05,10:17,585.05,target,0.2806,45.14,1.924,587.81,break below 587.90
2024-11-21,orb,SPY,short,16,10:08,588.4467,591.08,583.34,10:15,591.1687,stop,0.2644,-43.82,-1.061,588.5,break below 588.62
2024-11-22,orb,SPY,long,16,09:46,595.8194,594.675,598.23,10:09,594.5858,stop,0.2671,-20.0,-1.055,595.86,break above 595.77
2024-11-25,orb,SPY,short,16,09:54,598.7002,599.81,596.75,12:12,596.75,target,0.269,30.93,1.895,598.79,break below 598.86
2024-11-26,orb,SPY,long,16,09:51,599.5399,598.99,600.67,09:54,598.9002,stop,0.269,-10.51,-1.172,599.55,break above 599.46
2024-12-02,orb,SPY,short,16,09:57,602.5196,603.155,601.7,10:00,603.2455,stop,0.2707,-11.88,-1.532,602.67,break below 602.70
2024-12-10,orb,SPY,long,16,10:19,605.5808,604.83,606.72,11:00,604.7393,stop,0.2716,-13.74,-1.363,605.46,break above 605.36
2024-12-17,orb,SPY,long,16,09:49,604.7557,604.13,605.78,10:00,604.0394,stop,0.2713,-11.73,-1.333,604.68,break above 604.60
2024-12-19,orb,SPY,short,16,09:52,590.3814,591.82,587.68,12:31,587.68,target,0.2653,42.96,1.946,590.44,break below 590.64
2024-12-20,orb,SPY,short,17,09:51,581.4678,582.675,578.22,09:55,582.7624,stop,0.2776,-22.29,-0.883,581.19,break below 581.21
2024-12-23,orb,SPY,short,16,09:47,590.0015,591.175,588.49,10:09,588.47,target,0.2651,24.24,1.693,590.28,break below 590.58
2024-12-24,orb,SPY,long,16,09:52,597.1546,596.235,598.5,10:33,598.51,target,0.2689,21.42,1.773,596.99,break above 596.96
2024-12-27,orb,SPY,short,16,10:01,595.9206,597.1175,594.125,10:11,594.125,target,0.2677,28.46,1.783,596.12,break below 596.53
2024-12-30,orb,SPY,short,17,09:47,585.8221,586.83,583.23,10:40,586.918,stop,0.2797,-18.91,-0.927,585.63,break below 585.69
2024-12-31,orb,SPY,short,16,10:10,588.4317,589.5775,586.075,10:18,589.6659,stop,0.2644,-20.01,-1.071,588.41,break below 588.58
2025-01-02,orb,SPY,long,16,09:55,590.1385,587.905,594.01,10:22,587.8168,stop,0.2641,-37.41,-1.149,589.94,break above 589.56
2025-01-03,orb,SPY,short,17,10:21,586.612,588.23,583.76,10:27,588.3182,stop,0.2801,-29.29,-1.156,586.74,break below 586.92
2025-01-06,orb,SPY,long,16,09:47,597.9197,596.8125,600.225,13:02,596.723,stop,0.2681,-19.42,-1.067,597.95,break above 597.71
2025-01-07,orb,SPY,short,16,10:01,594.9108,596.915,591.83,10:38,591.83,target,0.2673,49.02,1.808,595.22,break below 596.11
2025-01-08,orb,SPY,short,17,09:47,586.912,587.93,585.59,09:49,588.0182,stop,0.2802,-19.09,-1.439,587.15,break below 587.17
2025-01-10,orb,SPY,short,17,09:48,582.9325,584.64,579.72,10:08,579.72,target,0.2783,54.33,1.949,583.0,break below 583.41
2025-01-13,orb,SPY,long,17,09:54,577.3966,576.1625,579.125,10:28,576.0761,stop,0.2751,-22.72,-1.354,577.15,break above 576.85
2025-01-14,orb,SPY,short,17,09:53,583.2025,584.165,581.495,10:08,584.2526,stop,0.2784,-18.13,-1.198,583.275,break below 583.34
2025-01-15,orb,SPY,long,16,09:46,591.3587,590.23,593.26,11:31,590.1415,stop,0.2652,-19.74,-1.222,591.24,break above 591.21
2025-01-16,orb,SPY,short,16,09:46,592.6011,593.61,591.72,10:00,591.72,target,0.2662,13.83,1.372,592.98,break below 592.99
2025-01-17,orb,SPY,long,16,10:06,597.5596,596.4625,598.945,10:22,596.373,stop,0.2679,-19.25,-1.454,597.29,break above 597.20
2025-01-21,orb,SPY,long,16,09:48,601.2302,600.375,602.58,09:53,600.2849,stop,0.2697,-15.39,-1.309,601.11,break above 601.10
2025-01-27,orb,SPY,long,16,09:57,598.4197,596.51,602.03,11:27,596.4205,stop,0.2679,-32.26,-1.096,598.35,break above 598.34
2025-01-28,orb,SPY,short,16,09:47,597.6903,599.505,594.39,10:01,599.5949,stop,0.2685,-30.74,-1.127,597.8,break below 598.29
2025-01-29,orb,SPY,long,16,10:08,604.1106,603.235,605.83,10:12,603.1445,stop,0.2709,-15.73,-1.136,604.1,break above 603.98
2025-01-30,orb,SPY,long,16,09:47,605.1908,604.02,606.45,10:02,603.9294,stop,0.2713,-20.45,-1.578,604.83,break above 604.63
2025-02-03,orb,SPY,short,16,09:54,591.6712,593.13,589.2,10:23,593.219,stop,0.2658,-25.03,-1.194,591.82,break below 591.93
2025-02-04,orb,SPY,long,16,09:53,598.6598,597.92,599.87,10:05,599.87,target,0.2695,19.09,1.836,598.57,break above 598.53
2025-02-07,orb,SPY,long,16,09:48,607.8662,607.18,609.01,10:00,606.9989,stop,0.2726,-14.15,-1.45,607.79,break above 607.73
2025-02-10,orb,SPY,long,16,10:06,604.5507,603.42,606.72,12:10,603.3295,stop,0.271,-19.81,-1.126,604.52,break above 604.10
2025-02-11,orb,SPY,long,16,10:02,603.8706,603.005,605.33,10:05,602.9145,stop,0.2708,-15.57,-1.255,603.78,break above 603.54
2025-02-12,orb,SPY,long,16,09:47,601.0551,599.635,603.61,10:12,599.5451,stop,0.2693,-24.43,-1.152,600.96,break above 600.74
2025-02-13,orb,SPY,long,16,10:01,605.0407,604.11,606.825,10:39,606.825,target,0.2726,28.28,1.953,605.015,break above 604.98
2025-02-20,orb,SPY,short,16,09:46,610.3634,611.0925,609.315,09:53,609.315,target,0.2741,16.5,1.741,610.5,break below 610.54
2025-02-21,orb,SPY,short,16,09:51,608.3587,609.56,606.05,10:44,606.05,target,0.2733,36.67,1.959,608.39,break below 608.91
2025-02-24,orb,SPY,short,16,09:50,600.5299,601.8625,597.91,10:03,597.91,target,0.2698,41.65,1.976,600.545,break below 600.73
2025-02-25,orb,SPY,short,16,09:48,595.9556,597.155,593.69,10:01,593.69,target,0.2677,35.98,1.947,596.0,break below 596.45
2025-02-26,orb,SPY,long,16,09:49,596.8495,595.7675,598.625,10:14,598.625,target,0.2689,28.14,1.846,596.72,break above 596.43
2025-02-27,orb,SPY,short,16,09:51,594.9207,596.55,592.14,10:00,592.14,target,0.2673,44.22,1.88,595.08,break below 595.11
2025-02-28,orb,SPY,long,17,10:01,586.698,584.8275,589.665,12:46,584.7398,stop,0.2792,-33.57,-1.225,586.44,break above 586.32
2025-03-03,orb,SPY,short,16,09:50,594.1409,596.0075,590.705,13:05,590.705,target,0.2669,54.71,1.934,594.24,break below 594.69
2025-03-04,orb,SPY,short,17,09:51,577.4684,578.8925,574.805,10:00,574.805,target,0.2757,45.0,1.943,577.53,break below 577.62
2025-03-05,orb,SPY,short,17,09:57,575.1737,577.73,571.88,10:00,577.8167,stop,0.2746,-45.2,-1.364,575.78,break below 576.37
2025-03-06,orb,SPY,long,17,10:04,576.2264,574.6075,578.995,10:39,578.995,target,0.2765,46.79,1.882,576.07,break above 575.71
2025-03-07,orb,SPY,long,17,09:48,574.8762,572.83,578.98,10:00,572.7441,stop,0.2735,-36.52,-1.048,574.88,break above 574.75
2025-03-11,orb,SPY,long,17,09:49,561.2692,559.695,564.99,09:54,559.611,stop,0.2673,-28.46,-0.948,561.46,break above 560.97
2025-03-12,orb,SPY,short,17,09:49,559.646,561.5975,556.205,09:52,561.6817,stop,0.2673,-34.87,-1.141,559.8,break below 560.13
2025-03-13,orb,SPY,short,17,09:46,557.0864,557.8975,554.605,09:57,554.605,target,0.2661,41.92,2.247,556.8,break below 557.10
2025-03-14,orb,SPY,long,17,09:46,558.7938,557.015,562.22,10:00,556.9314,stop,0.266,-31.93,-1.082,558.75,break above 558.21
2025-03-17,orb,SPY,long,17,09:47,566.2149,564.28,569.95,10:30,564.1954,stop,0.2695,-34.6,-1.077,566.17,break above 566.13
2025-03-18,orb,SPY,short,17,09:46,561.4058,563.3075,558.59,15:55,561.0241,time,0.2681,6.22,0.233,561.735,break below 561.83
2025-03-19,orb,SPY,long,17,09:49,563.3145,562.4375,565.145,10:07,565.145,target,0.2699,30.85,2.011,563.34,break above 563.24
2025-03-20,orb,SPY,long,17,09:46,565.5848,564.085,568.3,10:03,568.3,target,0.2714,45.89,1.921,565.49,break above 565.48
2025-03-21,orb,SPY,short,17,10:12,558.1163,559.215,556.14,10:14,559.2989,stop,0.2666,-20.37,-1.169,558.19,break below 558.29
2025-03-24,orb,SPY,long,17,09:47,572.5959,571.295,574.43,15:47,574.43,target,0.2743,30.91,1.74,572.34,break above 572.30
2025-03-25,orb,SPY,short,17,09:49,574.2339,575.0175,573.015,09:56,575.1038,stop,0.2742,-15.06,-1.327,574.35,break below 574.38
2025-03-26,orb,SPY,short,17,09:51,574.6538,575.4825,573.105,10:20,573.105,target,0.2744,26.06,1.934,574.69,break below 574.75
2025-03-27,orb,SPY,long,17,09:55,567.9502,566.26,571.21,15:55,567.8448,time,0.2712,-2.06,-0.074,567.91,break above 567.51
2025-03-28,orb,SPY,short,17,09:53,564.1454,565.32,562.2,10:08,562.2,target,0.2694,32.8,1.855,564.28,break below 564.38
2025-03-31,orb,SPY,short,18,09:46,546.9679,549.015,543.12,09:52,549.0974,stop,0.2767,-38.61,-1.091,547.05,break below 547.45
2025-04-01,orb,SPY,long,17,09:48,558.0287,556.96,559.51,10:00,556.8765,stop,0.266,-19.85,-1.374,557.81,break above 557.72
2025-04-02,orb,SPY,long,17,09:46,559.2439,556.9225,563.575,11:27,563.575,target,0.2692,73.36,1.946,559.14,break above 559.00
2025-04-03,orb,SPY,short,18,09:57,544.4683,546.445,541.06,10:48,541.06,target,0.2754,61.07,1.89,544.65,break below 544.94
2025-04-04,orb,SPY,short,14,10:11,519.1121,522.505,512.26,10:47,512.26,target,0.2044,95.73,2.002,519.09,break below 519.15
2025-04-08,orb,SPY,long,17,09:59,523.1685,519.965,528.77,10:53,519.887,stop,0.2485,-56.03,-1.123,522.9,break above 522.14
2025-04-10,orb,SPY,short,18,10:01,528.4107,530.905,523.57,10:36,531.0046,stop,0.2674,-46.96,-1.067,528.46,break below 528.55
2025-04-11,orb,SPY,long,14,09:47,527.4241,523.71,534.09,10:03,523.6314,stop,0.2061,-53.3,-1.1,527.17,break above 526.27
2025-04-14,orb,SPY,short,18,11:28,539.0591,541.6825,534.385,12:11,534.385,target,0.2727,83.86,1.915,539.25,break below 539.31
2025-04-15,orb,SPY,long,18,09:49,542.4264,540.68,545.57,10:18,540.5589,stop,0.2735,-33.89,-1.155,542.31,break above 542.08
2025-04-16,orb,SPY,short,18,09:51,531.5553,532.7,529.49,10:43,532.7799,stop,0.269,-22.31,-1.158,531.63,break below 531.64
2025-04-17,orb,SPY,long,18,09:51,528.7293,527.385,530.64,10:07,527.3059,stop,0.2669,-25.89,-1.326,528.47,break above 528.40
2025-04-21,orb,SPY,short,19,09:48,519.0021,520.32,516.27,10:16,516.27,target,0.2773,51.63,2.013,518.97,break below 519.00
2025-04-22,orb,SPY,long,19,09:46,522.2783,520.305,525.705,11:22,525.705,target,0.2808,64.83,1.895,522.105,break above 521.41
2025-04-23,orb,SPY,long,18,09:52,544.8517,542.0375,550.295,09:55,541.9562,stop,0.2742,-52.39,-1.057,544.79,break above 544.49
2025-04-24,orb,SPY,long,18,09:47,538.4508,536.755,541.6,10:26,541.6,target,0.274,56.41,1.941,538.37,break above 537.91
2025-04-25,orb,SPY,short,18,09:50,545.4732,546.89,542.9,10:07,546.972,stop,0.2759,-27.26,-1.138,545.56,break below 545.73
2025-04-28,orb,SPY,long,18,09:47,553.503,552.1425,555.84,09:49,552.0597,stop,0.2792,-26.26,-1.184,553.375,break above 553.18
2025-04-29,orb,SPY,long,18,09:46,550.4726,549.6175,551.905,10:05,551.905,target,0.2792,25.5,1.858,550.38,break above 550.35
2025-04-30,orb,SPY,short,16,09:57,541.9187,545.09,536.105,10:19,545.1718,stop,0.2437,-52.29,-1.091,542.095,break below 542.64
2025-05-01,orb,SPY,long,17,09:52,561.2942,559.99,563.56,09:57,559.906,stop,0.2674,-23.87,-1.18,561.18,break above 560.87
2025-05-02,orb,SPY,short,17,09:48,563.8154,564.6775,562.195,10:03,564.7622,stop,0.2693,-16.36,-1.163,563.85,break below 563.90
2025-05-05,orb,SPY,long,17,09:58,563.3045,562.53,564.72,10:06,562.4456,stop,0.2686,-14.87,-1.198,563.26,break above 563.15
2025-05-06,orb,SPY,short,17,09:52,557.0714,558.62,554.075,10:09,558.7038,stop,0.2661,-28.02,-1.088,557.105,break below 557.58
2025-05-07,orb,SPY,long,17,09:57,561.5142,560.365,563.08,10:52,560.2809,stop,0.2676,-21.23,-1.38,561.27,break above 561.17
2025-05-08,orb,SPY,short,17,09:49,563.5854,564.89,562.16,10:32,564.9747,stop,0.2692,-23.89,-1.544,563.98,break below 564.17
2025-05-09,orb,SPY,short,17,09:53,565.8801,566.7975,564.285,09:58,566.8825,stop,0.2703,-17.31,-1.216,565.96,break below 566.14
2025-05-12,orb,SPY,short,17,10:29,577.9233,580.06,574.375,10:54,580.257,stop,0.2759,-39.95,-1.24,578.165,break below 578.46
2025-05-13,orb,SPY,long,17,09:52,584.7877,583.76,586.94,10:14,586.94,target,0.2802,36.31,2.015,584.82,break above 584.62
2025-05-14,orb,SPY,short,17,09:46,587.4819,588.3125,585.635,11:38,588.4082,stop,0.2805,-16.03,-1.056,587.42,break below 587.66
2025-05-15,orb,SPY,short,17,09:47,585.2122,585.9825,584.1,09:54,586.0704,stop,0.2794,-14.87,-1.394,585.355,break below 585.50
2025-05-16,orb,SPY,long,16,09:57,591.3937,590.66,592.64,10:00,590.5614,stop,0.2653,-13.58,-1.286,591.32,break above 591.28
2025-05-19,orb,SPY,long,16,09:48,591.0136,589.305,593.88,12:27,593.88,target,0.2668,45.59,1.869,590.83,break above 590.46
2025-05-21,orb,SPY,long,16,09:50,590.2335,589.27,591.895,10:34,589.1816,stop,0.2647,-17.1,-1.221,590.145,break above 589.96
2025-05-22,orb,SPY,long,17,09:54,584.0076,582.495,586.74,10:37,582.4076,stop,0.2781,-27.48,-1.142,583.91,break above 583.50
2025-05-23,orb,SPY,long,17,10:13,578.6068,576.905,582.14,11:06,576.8185,stop,0.2754,-30.68,-1.034,578.65,break above 578.16
2025-05-27,orb,SPY,long,17,10:01,586.868,585.3975,589.665,12:36,589.665,target,0.2815,47.27,1.955,586.82,break above 586.33
2025-05-28,orb,SPY,short,16,09:50,591.1713,592.065,589.71,10:37,589.71,target,0.2656,23.12,1.84,591.28,break below 591.37
2025-05-29,orb,SPY,short,16,09:46,590.8314,592.0725,588.6,10:19,588.6,target,0.2655,35.44,1.913,590.915,break below 591.04
2025-05-30,orb,SPY,short,17,09:50,587.1619,588.24,585.555,10:01,588.3282,stop,0.2803,-20.11,-1.322,587.345,break below 587.42
2025-06-02,orb,SPY,short,17,09:52,587.3619,588.71,585.26,10:01,585.16,target,0.2804,37.15,1.9,587.56,break below 587.75
2025-06-03,orb,SPY,long,16,10:17,593.244,592.66,594.565,11:02,594.565,target,0.2671,20.87,2.054,593.295,break above 593.26
2025-06-04,orb,SPY,short,16,10:04,596.6655,597.395,595.49,10:26,597.4846,stop,0.2681,-13.37,-1.316,596.76,break below 596.87
2025-06-05,orb,SPY,short,16,09:46,594.8908,596.57,591.95,10:41,596.6595,stop,0.2673,-28.57,-1.159,595.03,break below 595.26
2025-06-06,orb,SPY,long,16,09:46,600.6001,599.275,603.22,10:28,599.1851,stop,0.2692,-22.91,-1.089,600.59,break above 600.49
2025-06-09,orb,SPY,long,16,10:28,600.01,599.215,601.39,10:45,599.1251,stop,0.2691,-14.43,-1.244,599.94,break above 599.91
2025-06-11,orb,SPY,short,16,09:47,602.2496,603.5275,600.265,09:52,603.618,stop,0.2705,-22.16,-1.274,602.44,break below 602.88
2025-06-12,orb,SPY,long,16,09:50,600.9851,600.185,602.33,10:23,602.33,target,0.2706,21.25,1.857,600.9,break above 600.80
2025-06-13,orb,SPY,short,16,09:59,598.0603,599.275,595.87,10:55,599.3649,stop,0.2687,-21.14,-1.164,598.14,break below 598.20
2025-06-16,orb,SPY,long,16,09:46,601.8503,600.955,603.34,09:56,603.34,target,0.271,23.56,1.853,601.75,break above 601.67
2025-06-17,orb,SPY,long,16,10:01,601.0501,600.335,602.24,11:31,600.2449,stop,0.2696,-13.15,-1.295,600.97,break above 600.86
2025-06-18,orb,SPY,long,16,09:48,598.7398,597.8925,599.955,10:13,599.96,target,0.2695,19.25,1.75,598.58,break above 598.40
2025-06-20,orb,SPY,short,16,09:51,597.6503,598.5725,595.955,10:24,595.955,target,0.2685,26.86,1.924,597.7,break below 597.73
2025-06-23,orb,SPY,long,16,09:47,595.9094,594.68,598.01,10:18,598.01,target,0.2687,33.34,1.877,595.79,break above 595.74
2025-06-24,orb,SPY,long,16,09:47,605.4508,604.6725,606.885,09:50,604.5818,stop,0.2716,-14.18,-1.201,605.41,break above 605.38
2025-06-27,orb,SPY,long,16,09:46,613.8521,613.22,614.825,10:00,614.825,target,0.2761,15.29,1.786,613.755,break above 613.71
2025-06-30,orb,SPY,short,16,09:50,616.0776,616.8,614.82,10:16,616.8925,stop,0.2767,-13.32,-1.261,616.14,break below 616.20
2025-07-03,orb,SPY,long,16,09:46,623.7135,623.04,624.87,10:03,624.87,target,0.2806,18.22,1.867,623.65,break above 623.62
2025-07-07,orb,SPY,long,16,09:55,623.8836,623.4125,624.875,10:01,623.3165,stop,0.2799,-9.35,-1.199,623.9,break above 623.89
2025-07-09,orb,SPY,long,16,09:46,624.3736,623.4225,625.875,10:28,623.329,stop,0.2799,-16.99,-1.299,624.24,break above 624.16
2025-07-11,orb,SPY,short,16,09:47,621.5867,622.5875,620.045,09:49,622.6809,stop,0.2791,-17.79,-1.312,621.74,break below 621.75
2025-07-14,orb,SPY,long,16,09:52,623.5385,622.61,624.98,09:58,622.4916,stop,0.2795,-17.03,-1.347,623.4,break above 623.32
2025-07-15,orb,SPY,short,15,09:48,625.8611,626.8875,623.91,10:59,623.89,target,0.2635,29.3,1.968,625.895,break below 625.92
2025-07-16,orb,SPY,short,16,09:49,622.7566,623.4725,621.635,10:58,621.635,target,0.2797,17.67,1.803,622.86,break below 622.91
2025-07-17,orb,SPY,long,15,09:49,625.7238,624.905,627.02,11:40,627.02,target,0.264,19.18,1.814,625.61,break above 625.60
2025-07-23,orb,SPY,short,15,09:46,630.2355,631.015,628.57,11:52,631.1097,stop,0.2653,-13.38,-1.094,630.2,break below 630.47
2025-07-31,orb,SPY,long,15,09:57,639.6959,638.695,641.65,10:26,638.5992,stop,0.2688,-16.72,-1.132,639.68,break above 639.55
2025-08-01,orb,SPY,short,16,09:46,621.6567,624.3075,616.905,12:01,624.4011,stop,0.2792,-44.19,-1.119,621.84,break below 622.28
2025-08-04,orb,SPY,long,15,09:46,628.3042,626.735,631.07,15:55,630.7254,time,0.2655,36.05,1.663,628.18,break above 627.87
2025-08-05,orb,SPY,long,15,09:46,632.5399,631.7725,633.835,09:56,631.6777,stop,0.2659,-13.2,-1.28,632.46,break above 632.27
2025-08-06,orb,SPY,long,15,09:49,629.6594,628.85,630.77,09:50,628.7557,stop,0.2647,-13.82,-1.44,629.49,break above 629.42
2025-08-07,orb,SPY,short,15,09:46,635.5297,636.3325,633.91,09:56,636.4279,stop,0.2675,-13.74,-1.135,635.525,break below 635.71
2025-08-08,orb,SPY,long,15,09:46,635.0852,634.285,636.58,10:06,636.58,target,0.2679,22.15,1.931,635.05,break above 634.79
2025-08-12,orb,SPY,short,15,09:49,637.5444,638.87,635.51,10:14,638.9658,stop,0.2683,-21.59,-1.285,637.75,break below 637.88
2025-08-13,orb,SPY,long,15,09:48,645.8319,645.02,647.18,10:11,644.9232,stop,0.2714,-13.9,-1.287,645.74,break above 645.54
2025-08-14,orb,SPY,long,15,09:48,643.6965,642.9,645.12,10:46,645.12,target,0.2715,21.08,1.899,643.64,break above 643.44
2025-08-19,orb,SPY,long,15,10:04,643.7365,642.7025,645.35,10:38,642.6061,stop,0.2705,-17.23,-1.301,643.585,break above 643.38
2025-08-20,orb,SPY,short,15,09:46,637.8643,638.87,636.08,09:53,636.08,target,0.2685,26.5,1.899,637.94,break below 638.14
2025-08-21,orb,SPY,short,15,09:46,634.6648,635.8625,633.245,09:49,635.9579,stop,0.2671,-19.66,-1.502,634.99,break below 635.29
2025-08-22,orb,SPY,long,15,09:46,639.7359,638.35,642.13,09:57,638.2542,stop,0.2686,-22.49,-1.19,639.61,break above 639.40
2025-08-27,orb,SPY,long,15,10:03,645.6368,644.97,646.53,11:22,646.53,target,0.2721,13.13,1.683,645.49,break above 645.48
2025-08-28,orb,SPY,short,15,09:46,646.853,647.4925,645.28,11:16,647.5896,stop,0.2722,-11.32,-1.023,646.755,break below 646.89
2025-08-29,orb,SPY,short,15,09:46,646.483,647.315,645.515,09:57,645.515,target,0.2721,14.25,1.583,646.715,break below 646.81
2025-09-02,orb,SPY,long,15,09:50,637.8907,636.78,639.825,10:00,639.825,target,0.2693,28.75,1.888,637.795,break above 637.50
2025-09-04,orb,SPY,short,15,10:05,643.9734,644.7475,642.655,10:24,644.8567,stop,0.271,-13.52,-1.292,644.05,break below 644.23
2025-09-16,orb,SPY,short,15,09:46,660.6209,661.195,659.545,11:02,659.545,target,0.278,15.86,1.922,660.645,break below 660.69
2025-09-18,orb,SPY,short,15,09:46,660.3609,661.5975,658.545,09:50,661.6967,stop,0.2779,-20.31,-1.331,660.58,break below 660.76
2025-09-24,orb,SPY,short,15,09:46,663.3905,664.0075,662.155,11:34,662.155,target,0.2791,18.25,1.971,663.39,break below 663.44
2025-09-25,orb,SPY,long,15,10:11,658.2437,656.5225,661.255,13:36,656.424,stop,0.2762,-27.57,-1.165,658.1,break above 657.93
2025-09-26,orb,SPY,long,15,09:59,661.8393,660.335,664.49,10:06,660.2359,stop,0.2778,-24.33,-1.171,661.72,break above 661.67
2025-10-01,orb,SPY,long,15,10:22,665.6298,664.2675,667.86,13:26,667.91,target,0.281,33.92,1.888,665.465,break above 665.38
2025-10-02,orb,SPY,short,14,10:11,668.7347,669.73,667.075,11:04,667.075,target,0.2626,22.97,1.854,668.845,break below 668.91
2025-10-03,orb,SPY,long,14,09:52,671.4207,670.615,672.67,10:00,670.5144,stop,0.2633,-12.95,-1.351,671.3,break above 671.29
2025-10-06,orb,SPY,short,14,09:58,669.9195,670.845,668.19,11:00,670.9456,stop,0.2631,-14.63,-1.181,669.96,break below 670.06
2025-10-09,orb,SPY,short,14,09:46,672.5191,673.3025,671.045,10:30,671.045,target,0.2641,20.37,1.934,672.55,break below 672.67
2025-10-10,orb,SPY,long,14,09:46,673.9011,672.755,676.04,09:50,672.6541,stop,0.2641,-17.72,-1.156,673.85,break above 673.60
2025-10-13,orb,SPY,long,15,09:51,662.0393,660.75,664.47,10:22,660.6509,stop,0.278,-21.1,-1.135,661.99,break above 661.64
2025-10-14,orb,SPY,long,15,10:05,657.6636,655.275,662.01,11:47,662.01,target,0.2785,64.92,1.928,657.52,break above 657.24
2025-10-15,orb,SPY,long,14,09:46,667.7251,666.92,669.26,09:47,666.82,stop,0.2619,-12.93,-1.184,667.7,break above 667.61
2025-10-16,orb,SPY,long,14,09:46,668.0402,666.81,670.23,09:47,666.71,stop,0.2618,-18.88,-1.183,667.95,break above 667.38
2025-10-17,orb,SPY,long,15,09:54,661.6442,659.8175,665.585,10:00,659.7185,stop,0.2776,-29.16,-1.011,661.74,break above 661.33
2025-10-20,orb,SPY,long,14,09:47,669.3004,668.205,671.19,10:49,671.19,target,0.2636,26.19,1.88,669.2,break above 669.11
2025-10-22,orb,SPY,short,14,10:24,670.1995,671.18,668.87,10:43,668.805,target,0.2632,19.26,1.787,670.41,break below 670.56
2025-10-23,orb,SPY,long,14,09:46,669.9405,668.675,672.275,10:17,668.5697,stop,0.2625,-19.45,-1.158,669.875,break above 669.47
2025-10-24,orb,SPY,long,14,10:08,677.8217,676.69,679.87,10:30,676.5885,stop,0.2657,-17.53,-1.181,677.75,break above 677.70
2025-10-27,orb,SPY,long,14,10:04,683.6825,682.645,685.39,10:19,682.5426,stop,0.268,-16.23,-1.267,683.56,break above 683.17
2025-10-28,orb,SPY,short,14,09:46,685.7771,686.5375,684.445,12:30,686.6405,stop,0.2692,-12.36,-1.265,685.84,break below 685.88
2025-10-29,orb,SPY,long,14,09:53,689.4384,688.69,690.64,10:12,688.5867,stop,0.2703,-12.19,-1.34,689.34,break above 689.22
2025-10-30,orb,SPY,long,14,09:49,684.2526,682.62,687.3,14:15,682.5176,stop,0.268,-24.56,-1.124,684.18,break above 683.74
2025-10-31,orb,SPY,short,14,09:46,682.8726,684.075,680.91,09:52,684.1776,stop,0.2681,-18.54,-1.255,683.02,break below 683.09
2025-11-03,orb,SPY,short,14,09:51,682.6426,684.43,679.435,15:55,682.9624,time,0.268,-4.75,-0.204,682.765,break below 683.09
2025-11-04,orb,SPY,long,14,09:49,677.3816,675.95,679.88,10:40,679.88,target,0.2669,34.71,1.893,677.26,break above 677.15
2025-11-05,orb,SPY,long,14,09:47,675.5513,674.765,676.55,09:51,676.55,target,0.2656,13.72,1.647,675.36,break above 675.31
2025-11-06,orb,SPY,short,14,09:51,675.5786,676.54,674.05,10:00,674.05,target,0.2653,21.14,1.819,675.71,break below 675.73
2025-11-07,orb,SPY,short,15,10:07,664.1504,666.14,660.35,10:11,666.2399,stop,0.2794,-31.62,-1.092,664.21,break below 664.39
2025-11-10,orb,SPY,long,14,09:47,679.2519,678.0525,681.27,09:53,677.9508,stop,0.2662,-18.48,-1.231,679.125,break above 679.06
2025-11-13,orb,SPY,short,14,10:38,677.2884,679.1675,673.835,13:10,673.835,target,0.2659,48.08,1.932,677.39,break below 677.73
2025-11-14,orb,SPY,long,14,09:46,667.2101,665.055,671.13,10:40,671.13,target,0.2635,54.62,1.926,667.08,break above 666.83
2025-11-17,orb,SPY,long,14,09:47,672.8059,670.8075,676.605,10:09,670.7069,stop,0.2634,-29.65,-1.096,672.74,break above 672.66
2025-11-18,orb,SPY,short,15,09:51,660.7609,662.6,656.9,10:05,656.9,target,0.278,57.64,2.022,660.7,break below 660.99
2025-11-19,orb,SPY,long,15,09:48,663.5295,661.73,666.65,10:11,666.65,target,0.2805,46.53,1.891,663.37,break above 663.31
2025-11-20,orb,SPY,long,14,09:48,674.7412,673.305,677.07,10:08,673.204,stop,0.2643,-21.79,-1.24,674.56,break above 674.13
2025-11-21,orb,SPY,short,15,09:46,653.7819,655.1925,651.015,09:48,655.2908,stop,0.2751,-22.91,-1.097,653.8,break below 654.06
2025-11-24,orb,SPY,short,15,09:50,661.9607,663.9825,658.695,09:59,664.0821,stop,0.2785,-32.1,-1.214,662.22,break below 662.47
2025-11-25,orb,SPY,short,14,09:46,666.5,668.665,662.815,09:59,668.7653,stop,0.2617,-31.98,-1.171,666.715,break below 667.38
2025-11-26,orb,SPY,long,14,09:46,678.9918,678.1125,680.385,09:56,678.0108,stop,0.2662,-14.0,-1.32,678.87,break above 678.79
2025-11-28,orb,SPY,long,14,10:16,681.9173,681.2025,683.175,12:57,683.175,target,0.2682,17.34,1.884,681.86,break above 681.85
2025-12-01,orb,SPY,long,14,09:48,680.7621,679.515,682.23,10:30,679.4131,stop,0.2668,-19.15,-1.512,680.42,break above 680.29
2025-12-02,orb,SPY,short,14,09:55,681.4078,682.295,680.135,09:58,682.4624,stop,0.2675,-15.03,-1.491,681.575,break below 681.67
2025-12-03,orb,SPY,long,14,10:03,682.1823,680.75,684.11,13:03,684.17,target,0.2686,27.56,1.758,681.87,break above 681.48
2025-12-04,orb,SPY,short,14,09:47,683.4875,684.485,681.8,10:38,684.5877,stop,0.2683,-15.67,-1.251,683.59,break below 683.65
2025-12-05,orb,SPY,long,14,09:53,686.928,685.965,688.11,10:13,688.18,target,0.2702,17.26,1.724,686.68,break above 686.54
2025-12-08,orb,SPY,short,14,10:10,685.0772,685.955,683.78,10:56,683.74,target,0.269,18.45,1.818,685.23,break below 685.32
2025-12-09,orb,SPY,long,14,09:51,684.3226,683.4675,685.68,13:45,683.365,stop,0.2683,-13.68,-1.324,684.205,break above 684.12
2025-12-10,orb,SPY,long,14,09:48,683.3975,682.18,685.45,10:36,682.0777,stop,0.2678,-18.75,-1.228,683.27,break above 683.04
2025-12-11,orb,SPY,short,14,09:49,684.0774,685.125,682.38,09:56,682.38,target,0.2686,23.49,1.834,684.21,break below 684.49
2025-12-12,orb,SPY,short,14,09:49,687.5419,688.3275,686.28,10:07,686.28,target,0.2699,17.4,1.821,687.645,break below 687.79
2025-12-15,orb,SPY,short,14,09:46,683.2975,684.6575,680.915,10:16,680.88,target,0.2683,33.58,1.923,683.41,break below 683.57
2025-12-16,orb,SPY,short,14,09:46,677.7583,679.335,675.03,09:47,679.4369,stop,0.2661,-23.77,-1.183,677.9,break below 678.19
2025-12-17,orb,SPY,short,14,09:47,677.8383,679.2475,674.995,09:57,679.3494,stop,0.2661,-21.42,-1.079,677.83,break below 678.11
2025-12-18,orb,SPY,long,14,10:27,678.9618,677.34,681.99,12:08,677.2384,stop,0.2659,-24.39,-1.124,678.89,break above 678.59
2025-12-19,orb,SPY,long,14,09:48,679.5819,677.9325,682.545,15:55,680.3979,time,0.2671,11.16,0.518,679.47,break above 679.39
2025-12-22,orb,SPY,short,14,10:13,682.8176,683.76,681.48,10:20,683.8626,stop,0.2681,-14.9,-1.4,683.0,break below 683.01
2025-12-23,orb,SPY,long,14,09:46,685.8829,684.8275,687.85,10:02,684.7248,stop,0.2688,-16.48,-1.169,685.835,break above 685.77
2025-12-26,orb,SPY,long,14,09:46,691.6887,690.9475,692.815,09:50,690.8439,stop,0.2712,-12.1,-1.388,691.57,break above 691.55
2025-12-29,orb,SPY,short,14,10:10,686.9819,688.1925,684.975,10:35,688.3382,stop,0.2697,-19.26,-1.283,687.12,break below 687.21
2025-12-31,orb,SPY,short,14,09:46,685.4672,686.5375,683.455,15:01,683.455,target,0.2691,27.9,1.94,685.51,break below 685.73
2026-01-02,orb,SPY,long,14,09:51,686.803,685.1425,689.905,10:12,685.0397,stop,0.2689,-24.95,-1.123,686.73,break above 686.11
2026-01-05,orb,SPY,long,14,09:46,687.8732,687.0,689.37,09:48,686.897,stop,0.2697,-13.94,-1.26,687.79,break above 687.62
2026-01-07,orb,SPY,long,14,09:46,692.9339,692.26,694.03,10:00,692.1562,stop,0.2717,-11.16,-1.351,692.85,break above 692.78
2026-01-08,orb,SPY,long,14,10:08,689.4234,688.4625,690.915,11:36,688.3592,stop,0.2702,-15.17,-1.325,689.28,break above 689.27
2026-01-09,orb,SPY,short,14,10:06,690.3164,691.3625,688.295,10:15,691.4662,stop,0.271,-16.37,-1.143,690.34,break below 690.47
2026-01-12,orb,SPY,long,14,09:51,693.609,691.94,696.23,15:55,695.4957,time,0.273,26.14,1.306,693.37,break above 693.20
2026-01-13,orb,SPY,short,14,09:48,694.7758,695.4975,693.615,10:02,693.615,target,0.2727,15.98,1.819,694.87,break below 694.91
2026-01-14,orb,SPY,short,14,09:46,689.1816,690.565,686.65,10:15,690.6936,stop,0.2706,-21.44,-1.173,689.26,break below 689.45
2026-01-15,orb,SPY,short,14,09:52,693.186,694.1275,691.63,09:55,694.2316,stop,0.2721,-14.91,-1.279,693.295,break below 693.58
2026-01-16,orb,SPY,short,14,09:54,692.8261,693.6875,691.55,10:19,691.55,target,0.272,17.59,1.764,692.975,break below 693.14
2026-01-20,orb,SPY,short,14,10:09,681.0528,682.355,678.29,10:21,682.4574,stop,0.2674,-19.93,-1.051,681.0,break below 681.47
2026-01-21,orb,SPY,long,14,09:48,681.1822,679.85,683.6,10:32,683.6,target,0.2684,33.58,1.919,681.1,break above 680.70
2026-01-22,orb,SPY,short,14,09:47,688.6317,689.78,686.6,11:15,689.8835,stop,0.2703,-17.8,-1.199,688.72,break below 688.93
2026-01-23,orb,SPY,long,14,09:59,688.7633,687.905,690.17,10:48,690.17,target,0.2709,19.42,1.838,688.66,break above 688.63
2026-01-26,orb,SPY,long,14,09:46,692.4789,691.1175,694.845,15:55,692.941,time,0.272,6.2,0.356,692.36,break above 692.28
2026-01-29,orb,SPY,short,14,09:46,692.996,695.13,689.175,10:14,689.175,target,0.272,53.22,1.915,693.145,break below 693.20
2026-01-30,orb,SPY,long,14,10:12,693.9441,692.49,696.465,10:25,692.3861,stop,0.2718,-22.08,-1.19,693.815,break above 693.63
2026-02-02,orb,SPY,long,14,09:47,692.9339,691.0725,696.255,12:01,696.255,target,0.2733,46.22,1.911,692.8,break above 692.70
2026-02-03,orb,SPY,short,14,09:56,694.5908,695.9425,692.5,10:02,692.5,target,0.2727,29.0,1.805,694.795,break below 694.94
2026-02-04,orb,SPY,long,14,09:49,691.4237,690.1325,693.845,09:50,690.029,stop,0.2709,-19.8,-1.143,691.37,break above 691.24
2026-02-05,orb,SPY,short,14,10:07,678.5682,681.045,673.8,11:54,681.1472,stop,0.2664,-36.37,-1.076,678.63,break below 678.79
2026-02-06,orb,SPY,long,14,09:49,685.8029,683.35,690.01,10:16,683.1175,stop,0.2682,-37.86,-1.218,685.57,break above 685.56
2026-02-09,orb,SPY,long,14,10:07,691.9488,689.955,695.115,11:45,695.115,target,0.2729,44.05,1.829,691.675,break above 691.52
2026-02-10,orb,SPY,long,14,09:56,695.7844,694.485,698.16,11:15,694.3808,stop,0.2726,-19.92,-1.162,695.71,break above 695.50
2026-02-11,orb,SPY,short,14,09:51,694.9607,696.13,692.89,10:09,692.89,target,0.2728,28.72,1.899,695.05,break below 695.18
2026-02-12,orb,SPY,short,14,09:46,693.406,694.6875,691.455,10:38,691.455,target,0.2722,27.04,1.793,693.61,break below 694.03
2026-02-13,orb,SPY,long,14,10:11,682.6424,680.0,687.62,15:42,679.898,stop,0.2669,-38.69,-1.088,682.54,break above 682.47
2026-02-17,orb,SPY,short,14,09:46,679.968,681.445,677.29,09:55,677.29,target,0.267,37.22,1.92,680.06,break below 680.12
2026-02-18,orb,SPY,long,14,09:56,685.7378,684.15,688.44,10:17,688.44,target,0.2703,37.56,1.876,685.58,break above 685.43
2026-02-19,orb,SPY,long,14,09:53,685.0227,683.61,687.585,11:46,683.5025,stop,0.2683,-21.55,-1.162,684.935,break above 684.74
2026-02-20,orb,SPY,long,14,10:01,685.6528,683.6075,689.48,13:45,689.48,target,0.2707,53.31,1.945,685.565,break above 685.35
2026-02-23,orb,SPY,short,14,09:46,686.9869,688.735,684.58,10:13,684.58,target,0.2697,33.43,1.724,687.35,break below 687.47
2026-02-24,orb,SPY,long,14,09:47,684.9227,682.14,689.4,10:00,682.0377,stop,0.2678,-40.66,-1.2,684.56,break above 684.28
2026-02-25,orb,SPY,long,14,09:46,691.4737,690.725,692.87,10:06,690.6214,stop,0.2711,-12.2,-1.219,691.44,break above 691.31
2026-02-26,orb,SPY,short,14,09:49,690.7464,692.0425,688.345,10:15,688.345,target,0.2712,33.35,1.933,690.81,break below 690.91
2026-02-27,orb,SPY,long,14,10:06,684.5027,682.895,687.17,15:55,685.5072,time,0.2691,13.79,0.691,684.32,break above 684.13
2026-03-02,orb,SPY,long,14,09:46,682.6524,680.245,687.04,12:16,687.04,target,0.2697,61.16,1.929,682.51,break above 682.46
2026-03-03,orb,SPY,short,14,09:49,673.059,675.17,668.93,11:13,675.2713,stop,0.2643,-31.24,-1.073,673.09,break below 673.29
2026-03-04,orb,SPY,short,14,09:46,679.968,681.7725,676.095,10:00,681.8748,stop,0.267,-26.96,-1.018,679.88,break below 680.08
2026-03-05,orb,SPY,long,14,09:58,684.6427,683.2,687.22,10:08,683.0975,stop,0.2682,-21.9,-1.167,684.54,break above 684.44
2026-03-06,orb,SPY,short,14,09:59,670.0045,672.225,665.76,10:00,672.3258,stop,0.2631,-32.76,-1.086,670.07,break below 670.44
2026-03-09,orb,SPY,short,15,09:46,664.0904,665.5875,659.25,10:04,665.6873,stop,0.2794,-24.23,-0.765,663.475,break below 663.66
2026-03-10,orb,SPY,short,14,09:58,675.7886,677.345,673.13,10:22,677.4466,stop,0.2653,-23.48,-1.194,675.94,break below 675.96
2026-03-11,orb,SPY,short,14,09:48,676.7385,677.815,675.64,09:58,677.9167,stop,0.2657,-16.76,-1.651,677.09,break below 677.20
2026-03-12,orb,SPY,short,14,09:46,669.4096,670.7775,667.335,09:50,670.8781,stop,0.2629,-20.82,-1.296,669.63,break below 669.92
2026-03-13,orb,SPY,long,14,09:46,672.2108,670.475,675.395,09:58,670.3694,stop,0.2632,-26.04,-1.134,672.115,break above 671.94
2026-03-16,orb,SPY,long,14,09:46,670.5306,668.75,673.4,10:38,668.6497,stop,0.2626,-26.59,-1.226,670.3,break above 669.70
2026-03-17,orb,SPY,long,14,09:47,674.3611,672.94,677.05,10:11,672.8141,stop,0.2642,-21.92,-1.143,674.31,break above 673.95
2026-03-18,orb,SPY,long,14,09:47,669.6704,668.755,671.35,09:51,668.6547,stop,0.2626,-14.48,-1.196,669.62,break above 669.56
2026-03-19,orb,SPY,long,15,09:50,657.9087,656.415,660.96,10:28,656.2515,stop,0.2761,-25.13,-1.106,657.93,break above 657.63
2026-03-20,orb,SPY,short,15,09:51,654.1719,655.5775,652.105,10:12,652.105,target,0.2753,30.73,1.77,654.42,break below 654.66
2026-03-23,orb,SPY,long,15,09:53,659.849,657.87,663.54,11:52,657.7713,stop,0.2768,-31.44,-1.109,659.76,break above 659.52
2026-03-24,orb,SPY,long,15,10:08,653.188,651.475,657.13,15:55,652.7921,time,0.2747,-6.21,-0.22,653.36,break above 653.03
2026-03-25,orb,SPY,short,15,09:47,658.4812,659.745,656.43,09:59,656.43,target,0.2771,30.49,1.84,658.64,break below 658.66
2026-03-26,orb,SPY,long,15,09:46,653.418,651.805,656.5,10:53,651.7072,stop,0.2743,-25.94,-1.105,653.37,break above 652.88
2026-03-27,orb,SPY,short,15,09:56,639.4391,641.21,636.41,11:23,641.3062,stop,0.2691,-28.28,-1.178,639.61,break below 639.81
2026-03-30,orb,SPY,short,15,09:47,636.3645,638.55,632.1,11:05,638.6458,stop,0.2679,-34.49,-1.069,636.4,break below 636.82
2026-03-31,orb,SPY,long,15,09:47,640.7861,639.455,643.19,10:49,639.3591,stop,0.2691,-21.67,-1.161,640.7,break above 640.50
2026-04-01,orb,SPY,short,15,09:48,653.182,654.7025,650.165,09:53,654.8007,stop,0.2749,-24.56,-1.082,653.19,break below 653.38
2026-04-02,orb,SPY,long,15,09:52,647.7772,646.275,650.55,10:16,650.55,target,0.2738,41.32,1.933,647.7,break above 647.42
2026-04-06,orb,SPY,long,15,09:58,658.1087,656.705,660.395,10:04,656.6065,stop,0.2763,-22.81,-1.236,657.935,break above 657.89
2026-04-07,orb,SPY,short,15,09:46,654.8718,656.205,651.84,11:02,651.84,target,0.2756,45.2,2.071,654.75,break below 654.87
2026-04-08,orb,SPY,short,14,09:52,674.3188,675.925,671.23,12:45,676.0264,stop,0.2648,-24.17,-1.103,674.36,break below 674.79
2026-04-09,orb,SPY,short,14,10:17,674.3688,675.115,672.955,10:54,675.2163,stop,0.2648,-12.13,-1.203,674.395,break below 674.46
2026-04-10,orb,SPY,short,14,09:48,680.3979,681.2175,678.915,10:14,681.3197,stop,0.2671,-13.17,-1.226,680.45,break below 680.52
2026-04-13,orb,SPY,long,14,09:50,678.8618,677.265,681.81,12:33,681.81,target,0.2677,41.01,1.933,678.78,break above 677.86
2026-04-14,orb,SPY,long,14,10:08,690.1435,688.84,692.56,11:32,692.58,target,0.2719,33.84,1.949,690.08,break above 689.97
2026-04-15,orb,SPY,long,14,10:23,696.5045,695.315,698.51,14:02,698.51,target,0.2742,27.8,1.865,696.38,break above 696.33
2026-04-17,orb,SPY,long,14,09:52,707.6611,706.785,709.44,10:31,709.44,target,0.2784,24.63,1.988,707.67,break above 707.57
2026-04-21,orb,SPY,long,14,09:49,710.5066,709.56,712.11,10:46,709.4536,stop,0.2784,-15.02,-1.262,710.41,break above 710.36
2026-04-23,orb,SPY,long,14,09:47,710.8766,709.9375,712.465,10:00,709.831,stop,0.2786,-14.92,-1.265,710.78,break above 710.58
2026-04-24,orb,SPY,short,14,09:55,709.3686,710.34,707.7,10:12,710.4466,stop,0.2784,-15.37,-1.248,709.46,break below 709.56
2026-04-27,orb,SPY,short,14,09:50,712.7981,713.6325,711.24,09:53,713.7395,stop,0.2797,-13.46,-1.206,712.835,break below 712.87
2026-04-28,orb,SPY,short,14,10:36,710.4734,711.84,707.94,15:06,711.9468,stop,0.2788,-20.91,-1.149,710.54,break below 710.80
2026-04-29,orb,SPY,short,14,09:46,709.7035,710.4875,708.395,09:53,710.5941,stop,0.2785,-12.75,-1.305,709.79,break below 709.96
2026-04-30,orb,SPY,short,14,09:56,711.1233,713.0725,707.665,10:51,713.1795,stop,0.2791,-29.07,-1.152,711.27,break below 711.47
2026-05-01,orb,SPY,long,13,09:51,722.7484,721.69,724.54,10:02,724.54,target,0.264,23.03,1.865,722.64,break above 722.61
2026-05-06,orb,SPY,long,13,09:55,729.6694,728.675,731.57,10:41,731.57,target,0.2665,24.44,1.948,729.64,break above 729.53
2026-05-11,orb,SPY,long,13,09:46,738.8258,737.4525,741.165,15:55,738.7892,time,0.2692,-0.75,-0.046,738.69,break above 738.38
2026-05-12,orb,SPY,short,13,09:52,735.3197,736.355,733.67,09:53,736.4655,stop,0.2679,-15.16,-1.303,735.46,break below 735.53
2026-05-13,orb,SPY,short,13,09:47,736.2295,737.48,734.0,10:13,737.5906,stop,0.2682,-17.96,-1.191,736.32,break below 736.55
2026-05-14,orb,SPY,long,13,09:48,745.7218,744.6025,747.715,09:59,744.4908,stop,0.2712,-16.27,-1.207,745.64,break above 745.61
2026-05-15,orb,SPY,short,13,09:46,738.1593,740.28,734.175,09:54,740.391,stop,0.2689,-29.28,-1.107,738.245,break below 738.66
2026-05-18,orb,SPY,long,13,09:53,740.401,739.035,742.95,10:03,738.9241,stop,0.2692,-19.47,-1.148,740.34,break above 740.05
2026-05-19,orb,SPY,short,13,09:47,733.09,734.57,730.19,09:47,734.6802,stop,0.2671,-20.94,-1.103,733.11,break below 733.48
2026-05-20,orb,SPY,long,13,09:46,736.5705,735.22,738.82,10:03,735.1097,stop,0.2678,-19.26,-1.234,736.42,break above 736.12
2026-05-22,orb,SPY,short,13,10:07,745.5382,746.925,743.19,11:05,747.037,stop,0.2716,-19.76,-1.221,745.68,break below 745.76
2026-05-26,orb,SPY,long,13,09:46,751.0026,749.92,752.845,09:53,749.8075,stop,0.2731,-15.81,-1.247,750.895,break above 750.68
2026-05-27,orb,SPY,short,13,11:20,749.1176,750.245,746.99,12:40,750.3575,stop,0.2729,-16.39,-1.162,749.16,break below 749.24
2026-05-29,orb,SPY,long,13,09:46,757.6136,756.475,759.52,10:24,756.3615,stop,0.2755,-16.55,-1.254,757.49,break above 757.38
2026-06-01,orb,SPY,long,13,11:31,757.2036,755.665,759.79,13:43,759.79,target,0.2767,33.35,1.866,757.04,break above 756.59
2026-06-03,orb,SPY,short,13,09:46,756.2166,757.635,753.78,12:41,753.78,target,0.2755,31.4,1.88,756.35,break below 756.48
2026-06-04,orb,SPY,long,13,09:59,753.768,752.42,755.87,10:05,752.3071,stop,0.274,-19.27,-1.289,753.57,break above 753.37
2026-06-05,orb,SPY,short,13,09:46,749.9075,751.5425,746.975,11:38,746.975,target,0.2732,37.85,1.912,750.02,break below 750.28
2026-06-08,orb,SPY,short,13,09:58,741.2288,742.9975,737.995,10:27,743.1089,stop,0.27,-24.71,-1.14,741.33,break below 741.49
2026-06-09,orb,SPY,long,13,09:46,745.7618,744.3425,748.265,09:59,744.2308,stop,0.2711,-20.17,-1.187,745.65,break above 745.35
2026-06-10,orb,SPY,long,13,09:49,736.9305,733.925,742.61,10:55,733.8149,stop,0.2674,-40.77,-1.083,736.82,break above 736.25
2026-06-11,orb,SPY,long,13,09:47,729.5994,727.73,733.04,10:16,727.6208,stop,0.2651,-25.99,-1.129,729.5,break above 729.09
2026-06-12,orb,SPY,short,13,09:46,735.1697,738.3075,729.135,10:01,738.4182,stop,0.2678,-42.5,-1.069,735.25,break below 735.83
2026-06-15,orb,SPY,long,13,09:49,753.8231,752.61,755.85,10:14,752.4971,stop,0.2741,-17.51,-1.247,753.69,break above 753.44
2026-06-17,orb,SPY,short,13,10:00,749.7825,750.8475,747.975,10:08,750.9601,stop,0.2731,-15.58,-1.252,749.89,break below 750.17
2026-06-18,orb,SPY,short,13,09:48,743.9884,746.07,739.71,10:09,746.1819,stop,0.271,-28.79,-1.045,743.95,break below 743.96
2026-06-22,orb,SPY,long,13,10:10,750.1125,748.73,752.39,10:17,748.6177,stop,0.2727,-19.71,-1.242,749.95,break above 749.89
2026-06-23,orb,SPY,long,13,09:48,736.1104,733.825,740.35,14:43,733.7149,stop,0.2673,-31.41,-1.111,736.0,break above 735.35
2026-06-24,orb,SPY,short,13,09:49,734.3798,735.875,731.3,09:50,735.9854,stop,0.2676,-21.14,-1.066,734.35,break below 734.49
2026-06-25,orb,SPY,short,13,09:46,733.2,736.69,726.97,10:33,736.8005,stop,0.2671,-47.07,-1.118,733.45,break below 734.07
2026-06-26,orb,SPY,long,13,09:57,730.7496,728.25,735.63,11:37,735.63,target,0.268,63.18,1.976,730.71,break above 729.62
2026-06-29,orb,SPY,long,13,09:46,739.7509,737.31,744.36,09:56,737.1994,stop,0.2686,-33.44,-1.095,739.66,break above 739.24
2026-06-30,orb,SPY,long,13,09:52,743.0514,741.5975,745.655,11:53,745.655,target,0.2716,33.57,1.91,742.95,break above 742.29
2026-07-01,orb,SPY,long,13,10:00,745.5318,743.755,748.42,11:19,748.42,target,0.2726,37.27,1.844,745.31,break above 745.12
2026-07-02,orb,SPY,long,13,09:48,750.3525,748.665,753.51,10:27,748.5527,stop,0.2727,-23.67,-1.127,750.28,break above 750.21
2026-07-06,orb,SPY,long,13,10:15,749.5224,748.44,751.41,13:06,751.41,target,0.2737,24.26,1.885,749.43,break above 749.42
2026-07-07,orb,SPY,short,13,09:54,748.8227,750.0575,746.975,10:14,746.975,target,0.2728,23.75,1.778,749.03,break below 749.18
2026-07-08,orb,SPY,long,13,09:47,744.9017,743.7225,747.165,09:49,743.6109,stop,0.2709,-17.05,-1.143,744.87,break above 744.71
2026-07-09,orb,SPY,long,13,09:47,748.7123,747.11,751.67,10:15,746.9979,stop,0.2721,-22.56,-1.142,748.63,break above 748.50
2026-07-10,orb,SPY,long,13,10:03,753.348,752.485,754.75,10:15,752.3721,stop,0.2741,-12.96,-1.32,753.24,break above 753.16
2026-07-13,orb,SPY,short,13,09:52,751.9722,753.1275,749.775,09:58,753.253,stop,0.2739,-16.92,-1.165,752.01,break below 752.42
2026-07-14,orb,SPY,long,13,09:46,751.8078,750.52,753.94,10:02,750.4074,stop,0.2734,-18.48,-1.247,751.66,break above 751.50
2026-07-15,orb,SPY,short,13,09:46,753.8819,754.8775,752.425,10:00,754.9907,stop,0.2746,-14.69,-1.382,754.06,break below 754.22
2026-07-16,orb,SPY,short,13,09:49,750.7874,752.32,748.135,10:00,752.4328,stop,0.2735,-21.66,-1.195,750.925,break below 751.13
2026-07-17,orb,SPY,long,13,09:48,742.8614,741.73,744.67,09:58,744.67,target,0.2713,23.24,1.824,742.71,break above 742.66
2026-07-20,orb,SPY,short,13,09:53,746.613,747.78,744.6,10:20,744.6,target,0.272,25.9,1.879,746.72,break below 746.87
2026-07-21,orb,SPY,long,13,10:28,746.972,745.45,749.32,15:55,748.2877,time,0.2726,16.83,1.004,746.74,break above 746.60
2026-07-22,orb,SPY,long,13,09:46,748.0522,747.0525,749.73,10:41,746.9404,stop,0.2721,-14.72,-1.269,747.945,break above 747.68
2026-07-23,orb,SPY,short,13,10:51,738.3342,740.5275,734.505,15:55,736.8955,time,0.269,18.43,0.706,738.52,break below 738.54
2026-07-24,orb,SPY,long,13,09:50,739.911,739.0175,741.44,09:50,738.9066,stop,0.2692,-13.33,-1.269,739.825,break above 739.62
2026-07-27,orb,SPY,short,13,09:47,743.1785,744.485,740.84,10:11,740.84,target,0.2707,30.13,1.908,743.27,break below 743.45
2026-07-28,orb,SPY,short,13,09:47,736.2595,737.995,733.465,09:50,738.1057,stop,0.2682,-24.27,-1.236,736.485,break below 736.57
2026-07-29,orb,SPY,short,13,09:51,738.0993,739.6,735.76,10:13,735.705,target,0.2689,30.86,1.854,738.32,break below 738.83
2026-07-30,orb,SPY,long,13,09:47,737.3806,735.72,740.37,10:56,735.6096,stop,0.268,-23.29,-1.156,737.27,break above 736.77
2026-07-31,orb,SPY,short,13,09:46,742.7786,744.5825,739.34,10:07,739.34,target,0.2706,44.43,1.956,742.835,break below 742.87
2026-08-03,orb,SPY,long,13,09:48,752.1178,750.565,754.9,10:39,754.9,target,0.275,35.89,1.911,752.01,break above 751.92
2026-08-04,orb,SPY,long,13,09:46,762.5844,761.365,764.605,10:12,764.605,target,0.2785,25.99,1.851,762.445,break above 762.20
2026-08-05,orb,SPY,short,12,09:51,774.5988,776.035,772.06,09:57,776.1514,stop,0.2604,-18.89,-1.188,774.71,break below 775.26
2026-08-06,orb,SPY,long,12,09:47,771.1607,769.9825,773.215,10:39,769.867,stop,0.2588,-15.78,-1.221,771.06,break above 770.88
2026-08-07,orb,SPY,long,12,09:53,772.2808,771.35,773.51,09:56,771.2343,stop,0.2593,-12.82,-1.484,772.07,break above 772.05
2026-08-11,orb,SPY,short,12,09:48,772.6741,773.705,770.84,10:00,773.8211,stop,0.2598,-14.02,-1.224,772.75,break below 772.88
2026-08-12,orb,SPY,short,12,09:57,772.0642,773.605,769.12,14:41,773.721,stop,0.2596,-20.14,-1.123,772.11,break below 772.47
2026-08-13,orb,SPY,long,12,09:47,776.6965,775.3225,779.215,10:28,779.215,target,0.2619,29.96,1.924,776.62,break above 776.46
2026-08-17,orb,SPY,short,12,09:47,775.1137,776.04,773.655,13:25,773.655,target,0.2606,17.24,1.808,775.245,break below 775.34
2026-08-18,orb,SPY,short,13,10:12,767.7048,768.71,766.175,10:18,768.8253,stop,0.2796,-14.85,-1.351,767.865,break below 767.92
2026-08-19,orb,SPY,short,13,09:49,768.7747,769.94,766.97,09:55,770.0555,stop,0.28,-16.93,-1.316,768.95,break below 769.29
2026-08-20,orb,SPY,short,13,10:16,765.4952,766.7975,763.475,10:23,766.9125,stop,0.2788,-18.7,-1.299,765.69,break below 765.89
2026-08-21,orb,SPY,short,13,09:53,764.4203,765.3125,762.965,10:06,765.4273,stop,0.2784,-13.37,-1.314,764.53,break below 764.63
2026-08-26,orb,SPY,long,13,09:46,766.775,765.64,768.7,10:22,765.5252,stop,0.2788,-16.53,-1.246,766.66,break above 766.55
2026-08-27,orb,SPY,long,12,09:46,769.6504,768.16,772.225,09:47,768.0448,stop,0.2582,-19.53,-1.201,769.515,break above 769.16
2026-08-28,orb,SPY,long,12,09:49,772.8609,772.155,774.09,09:49,772.0392,stop,0.2595,-10.12,-1.308,772.8,break above 772.78
2026-08-31,orb,SPY,short,13,10:04,765.6151,766.6775,763.925,13:51,766.7925,stop,0.2789,-15.58,-1.307,765.76,break below 765.76
2026-09-03,orb,SPY,long,12,09:51,770.0305,768.885,771.96,10:00,768.7697,stop,0.2585,-15.39,-1.251,769.91,break above 769.88
2026-09-08,orb,SPY,short,13,09:54,766.855,768.39,764.145,15:55,765.8549,time,0.2793,12.72,0.692,766.975,break below 767.09
2026-09-10,orb,SPY,long,13,09:47,758.8238,758.14,759.97,09:50,758.0263,stop,0.2761,-10.64,-1.342,758.75,break above 758.71
2026-09-11,orb,SPY,long,13,10:00,766.3549,765.105,768.6,10:06,764.9902,stop,0.2786,-18.02,-1.19,766.27,break above 765.97
2026-09-15,orb,SPY,short,13,10:07,758.5612,759.5325,756.99,10:40,756.99,target,0.2763,20.15,1.829,758.685,break below 758.75
2026-09-17,orb,SPY,short,13,10:03,760.3359,761.995,757.63,10:23,762.1093,stop,0.2769,-23.33,-1.233,760.54,break below 760.63
2026-09-18,orb,SPY,short,13,09:50,760.3259,761.1725,759.14,10:02,759.14,target,0.2769,15.14,1.719,760.495,break below 760.60
2026-09-22,orb,SPY,short,12,09:56,773.8339,774.515,772.67,10:13,774.6312,stop,0.2601,-9.83,-1.332,773.9,break below 773.91
2026-09-24,orb,SPY,long,13,09:47,765.2998,764.3375,766.535,10:58,764.2228,stop,0.2783,-14.28,-1.499,765.07,break above 765.05
2026-09-25,orb,SPY,long,12,09:55,770.2155,768.8975,772.355,10:01,768.7822,stop,0.2585,-17.46,-1.262,770.05,break above 770.01
2026-09-28,orb,SPY,short,13,10:38,766.665,767.79,764.76,10:46,764.76,target,0.2792,24.49,1.865,766.78,break below 767.00
2026-09-29,orb,SPY,short,13,09:49,764.7753,765.9,762.78,11:24,762.78,target,0.2785,25.66,1.898,764.86,break below 764.95
2026-10-01,orb,SPY,short,13,09:48,762.8556,764.3,760.715,10:01,760.715,target,0.2779,27.55,1.773,763.105,break below 763.26
2026-10-02,orb,SPY,long,12,09:46,771.9058,770.57,774.5,09:54,770.4544,stop,0.259,-17.68,-1.124,771.88,break above 771.63
2026-10-07,orb,SPY,short,12,09:48,773.9939,775.22,772.07,11:13,775.3363,stop,0.2602,-16.37,-1.299,774.17,break below 774.30
2026-10-09,orb,SPY,long,12,10:52,777.1316,776.1,778.815,14:46,778.815,target,0.2618,19.94,1.836,777.005,break above 776.83
2023-10-12,orb,QQQ,short,26,09:50,371.1243,371.7225,370.035,10:04,371.7783,stop,0.2726,-17.27,-1.181,371.16,break below 371.17
2023-10-13,orb,QQQ,short,27,10:08,369.2946,370.3875,367.485,10:52,367.485,target,0.2817,48.58,1.86,369.42,break below 369.65
2023-10-16,orb,QQQ,long,27,10:13,368.7903,367.595,371.105,13:25,367.5399,stop,0.2804,-34.04,-1.078,368.765,break above 368.63
2023-10-17,orb,QQQ,short,27,09:46,364.4403,365.395,362.455,10:07,365.4498,stop,0.278,-27.53,-1.041,364.415,break below 364.94
2023-10-18,orb,QQQ,short,27,10:02,365.9751,366.46,363.88,10:06,366.515,stop,0.2792,-14.86,-0.64,365.6,break below 365.61
2023-10-19,orb,QQQ,short,27,10:29,363.1005,364.2925,360.94,12:01,364.3471,stop,0.277,-33.94,-1.125,363.175,break below 363.27
2023-10-20,orb,QQQ,short,27,10:12,357.7963,359.125,355.0,11:19,355.0,target,0.273,75.23,2.026,357.75,break below 358.22
2023-10-23,orb,QQQ,long,28,09:56,353.9481,352.55,356.465,11:20,356.465,target,0.2821,70.19,1.921,353.855,break above 353.82
2023-10-24,orb,QQQ,long,27,10:28,358.8838,358.07,360.62,11:21,358.0163,stop,0.2732,-23.7,-1.033,358.92,break above 358.90
2023-10-25,orb,QQQ,short,28,09:46,353.7369,355.3725,350.295,13:41,350.295,target,0.28,96.09,2.028,353.68,break below 353.96
2023-10-26,orb,QQQ,short,28,09:49,347.7078,348.9625,345.355,11:23,345.355,target,0.2753,65.6,1.948,347.76,break below 347.88
2023-10-27,orb,QQQ,short,28,09:50,346.1681,346.8975,344.595,09:57,346.9495,stop,0.2741,-22.16,-1.031,346.13,break below 346.35
2023-10-30,orb,QQQ,long,28,09:46,349.9475,348.365,352.61,10:17,348.3127,stop,0.2758,-46.05,-1.162,349.78,break above 349.53
2023-10-31,orb,QQQ,short,28,09:53,346.728,348.21,343.65,10:10,348.2622,stop,0.2745,-43.23,-1.016,346.69,break below 347.00
2023-11-01,orb,QQQ,long,28,09:47,353.103,352.2875,354.245,10:05,352.2347,stop,0.2788,-24.59,-1.346,352.94,break above 352.88
2023-11-02,orb,QQQ,short,27,10:07,361.2158,361.7275,359.95,10:28,361.7818,stop,0.2756,-15.56,-0.972,361.135,break below 361.17
2023-11-03,orb,QQQ,long,27,09:46,366.1649,365.195,367.82,10:26,365.1402,stop,0.2786,-27.95,-1.183,366.07,break above 365.82
2023-11-06,orb,QQQ,short,27,09:49,368.4747,369.14,367.22,10:39,369.1954,stop,0.2811,-19.74,-1.142,368.5,break below 368.56
2023-11-07,orb,QQQ,long,26,09:56,370.7856,369.81,372.12,10:32,372.12,target,0.2733,34.42,1.719,370.58,break above 370.52
2023-11-08,orb,QQQ,short,26,10:02,372.5641,373.3,371.65,12:00,371.65,target,0.2736,23.49,1.643,372.75,break below 372.86
2023-11-09,orb,QQQ,long,26,10:00,374.1661,373.345,375.43,10:05,373.269,stop,0.2741,-23.6,-1.306,374.04,break above 373.94
2023-11-10,orb,QQQ,long,26,09:53,373.226,372.185,375.11,10:03,372.1292,stop,0.2733,-28.79,-1.136,373.16,break above 373.07
2023-11-13,orb,QQQ,short,26,09:53,375.5937,376.36,374.215,10:13,376.4165,stop,0.2758,-21.67,-1.166,375.645,break below 375.72
2023-11-14,orb,QQQ,long,25,09:46,384.7977,383.935,386.47,14:08,383.8774,stop,0.2709,-23.28,-1.102,384.78,break above 384.67
2023-11-15,orb,QQQ,short,25,09:47,386.727,387.1675,385.63,10:24,387.2256,stop,0.2729,-12.74,-0.994,386.655,break below 386.74
2023-11-16,orb,QQQ,long,25,09:46,385.0377,384.5775,386.145,10:06,386.145,target,0.2725,27.41,2.098,385.1,break above 384.93
2023-11-17,orb,QQQ,long,25,09:53,385.5478,384.955,386.575,10:03,384.8623,stop,0.2716,-17.41,-1.29,385.495,break above 385.43
2023-11-20,orb,QQQ,long,25,09:52,388.3082,387.125,390.59,10:24,387.0669,stop,0.2732,-31.31,-1.084,388.28,break above 388.15
2023-11-21,orb,QQQ,short,25,10:17,388.0918,388.745,387.29,10:26,387.29,target,0.2739,19.77,1.631,388.26,break below 388.28
2023-11-22,orb,QQQ,short,25,09:54,390.3114,391.855,387.52,15:55,390.0885,time,0.2754,5.3,0.147,390.41,break below 390.67
2023-11-24,orb,QQQ,short,25,10:17,388.8667,389.615,387.5,12:59,389.5584,eod,0.2744,-17.57,-0.997,388.91,break below 389.00
2023-11-27,orb,QQQ,long,25,10:10,390.1285,389.125,391.96,10:24,389.0616,stop,0.2745,-26.95,-1.141,390.07,break above 389.91
2023-11-28,orb,QQQ,short,25,09:55,388.0218,388.68,387.015,10:03,388.7383,stop,0.2738,-18.19,-1.311,388.125,break below 388.18
2023-11-29,orb,QQQ,short,25,10:06,392.4961,393.395,390.92,11:10,390.92,target,0.2769,39.13,1.897,392.57,break below 392.68
2023-11-30,orb,QQQ,short,25,09:47,388.2518,389.445,385.71,15:55,388.5283,time,0.274,-7.19,-0.231,388.2,break below 388.41
2023-12-01,orb,QQQ,long,25,09:46,387.8982,387.055,389.32,10:15,386.9969,stop,0.2731,-22.8,-1.208,387.81,break above 387.77
2023-12-04,orb,QQQ,short,25,09:51,385.0822,385.855,384.115,09:54,385.9129,stop,0.2718,-21.04,-1.451,385.275,break below 385.36
2023-12-05,orb,QQQ,long,25,09:51,385.8379,384.97,387.37,10:02,387.37,target,0.2734,38.03,1.901,385.77,break above 385.69
2023-12-06,orb,QQQ,short,25,10:01,387.8568,389.18,385.13,15:50,385.13,target,0.2737,67.9,2.012,387.83,break below 388.02
2023-12-07,orb,QQQ,short,25,09:51,387.1969,388.35,384.99,10:11,388.4083,stop,0.2733,-30.56,-1.091,387.23,break below 387.49
2023-12-08,orb,QQQ,long,25,10:01,390.6586,389.4825,392.775,15:55,392.1912,time,0.2767,38.04,1.386,390.58,break above 390.35
2023-12-11,orb,QQQ,long,25,09:48,393.709,392.51,395.96,15:55,395.3707,time,0.2789,41.26,1.435,393.66,break above 393.41
2023-12-12,orb,QQQ,long,25,09:52,395.6343,395.005,396.82,10:59,396.83,target,0.2799,29.61,1.958,395.61,break above 395.59
2023-12-13,orb,QQQ,short,25,09:51,399.5701,400.1975,398.375,10:18,400.2575,stop,0.2819,-17.47,-1.15,399.59,break below 399.62
2023-12-14,orb,QQQ,long,24,09:47,406.0559,405.395,407.24,09:50,405.3342,stop,0.2744,-17.6,-1.192,406.01,break above 405.93
2023-12-15,orb,QQQ,long,24,10:16,405.6158,404.82,407.13,12:47,404.7593,stop,0.274,-20.83,-1.127,405.59,break above 405.57
2023-12-18,orb,QQQ,long,24,09:58,405.7909,405.17,406.94,12:16,406.94,target,0.2755,27.3,1.928,405.76,break above 405.69
2023-12-19,orb,QQQ,long,24,10:32,408.6213,407.95,409.69,10:40,407.8888,stop,0.2761,-17.86,-1.283,408.53,break above 408.51
2023-12-20,orb,QQQ,long,24,09:56,409.2714,408.56,410.51,14:32,408.4987,stop,0.2765,-18.82,-1.206,409.21,break above 409.14
2023-12-21,orb,QQQ,short,24,09:58,406.409,407.23,404.95,10:23,407.2911,stop,0.2751,-21.44,-1.176,406.47,break below 406.54
2023-12-22,orb,QQQ,long,24,09:51,410.0115,409.325,411.17,10:01,409.2636,stop,0.277,-18.23,-1.235,409.94,break above 409.83
2023-12-26,orb,QQQ,long,24,10:27,410.2965,409.735,411.37,10:51,409.6485,stop,0.2773,-15.83,-1.21,410.28,break above 410.24
2023-12-28,orb,QQQ,short,24,09:51,411.8482,412.4,410.87,10:40,412.4619,stop,0.2788,-15.01,-1.226,411.89,break below 411.91
2024-01-02,orb,QQQ,short,24,09:46,403.4895,404.8,401.02,14:59,401.02,target,0.2732,58.99,1.951,403.54,break below 403.61
2024-01-03,orb,QQQ,long,24,09:49,400.7501,400.005,402.21,09:56,399.945,stop,0.2708,-19.59,-1.111,400.74,break above 400.71
2024-01-04,orb,QQQ,long,25,10:08,397.7697,396.86,399.02,11:12,399.07,target,0.2815,32.23,1.79,397.58,break above 397.51
2024-01-05,orb,QQQ,long,25,10:01,397.8697,396.9,399.09,10:34,399.09,target,0.2815,30.23,1.656,397.63,break above 397.51
2024-01-08,orb,QQQ,long,25,09:46,399.85,398.71,401.65,10:49,401.65,target,0.2833,44.72,1.825,399.69,break above 399.56
2024-01-09,orb,QQQ,long,24,10:10,403.2205,402.36,404.61,11:24,404.64,target,0.274,33.79,1.877,403.11,break above 402.99
2024-01-10,orb,QQQ,short,24,09:51,405.7491,406.505,404.465,10:16,406.566,stop,0.2747,-19.88,-1.218,405.825,break below 406.14
2024-01-11,orb,QQQ,short,24,09:46,409.3286,410.38,407.29,10:05,407.29,target,0.2771,48.65,1.968,409.35,break below 409.62
2024-01-12,orb,QQQ,long,24,09:46,411.2217,410.375,412.76,09:59,410.3134,stop,0.2777,-22.08,-1.157,411.17,break above 411.11
2024-01-16,orb,QQQ,short,24,09:47,407.0089,408.075,405.24,09:57,408.1362,stop,0.2755,-27.33,-1.205,407.13,break below 407.21
2024-01-17,orb,QQQ,short,24,09:47,403.7694,405.275,401.15,11:02,405.3358,stop,0.2734,-37.87,-1.147,403.9,break below 403.97
2024-01-18,orb,QQQ,short,24,10:03,410.4184,411.31,409.12,10:17,411.3717,stop,0.2778,-23.16,-1.322,410.58,break below 410.79
2024-01-19,orb,QQQ,long,24,09:55,415.7724,415.1375,416.765,10:07,415.0752,stop,0.2809,-17.01,-1.307,415.68,break above 415.63
2024-01-22,orb,QQQ,short,23,10:29,422.4416,423.6,420.24,15:55,421.7533,time,0.2739,15.56,0.604,422.48,break below 422.51
2024-01-24,orb,QQQ,long,23,10:16,427.6941,426.785,429.62,12:34,429.62,target,0.2785,44.02,2.025,427.73,break above 427.45
2024-01-25,orb,QQQ,short,23,09:57,426.926,427.8325,425.335,10:10,427.8967,stop,0.2768,-22.6,-1.18,427.0,break below 427.25
2024-01-26,orb,QQQ,short,23,09:53,423.5715,424.275,422.52,09:59,424.3386,stop,0.2746,-17.92,-1.332,423.69,break below 423.80
2024-01-29,orb,QQQ,short,23,10:51,423.8714,424.49,422.585,11:17,424.5637,stop,0.2748,-16.2,-1.109,423.855,break below 423.88
2024-01-30,orb,QQQ,short,23,10:01,426.626,427.32,425.34,12:26,425.34,target,0.2766,29.3,1.93,426.66,break below 426.99
2024-01-31,orb,QQQ,short,23,10:14,419.657,420.64,417.52,13:15,420.7131,stop,0.2721,-24.56,-1.027,419.6,break below 419.78
2024-02-01,orb,QQQ,short,23,09:59,418.5372,419.035,417.37,10:04,419.0979,stop,0.2714,-13.17,-1.031,418.48,break below 418.56
2024-02-02,orb,QQQ,long,23,09:46,426.0739,424.16,429.83,14:14,429.83,target,0.2787,86.11,1.981,426.05,break above 425.48
2024-02-05,orb,QQQ,short,23,09:50,428.2008,428.86,427.18,10:15,427.18,target,0.2776,23.2,1.801,428.3,break below 428.33
2024-02-06,orb,QQQ,short,23,09:49,428.5257,429.4125,426.675,10:10,426.675,target,0.2778,42.29,2.015,428.5,break below 428.67
2024-02-07,orb,QQQ,short,23,09:46,429.3656,429.8425,427.885,09:49,429.907,stop,0.2784,-12.73,-0.848,429.19,break below 429.20
2024-02-08,orb,QQQ,long,23,10:00,432.5749,431.955,433.545,10:30,431.8902,stop,0.28,-16.03,-1.315,432.485,break above 432.46
2024-02-09,orb,QQQ,long,23,09:49,433.9751,433.5825,434.835,10:00,434.835,target,0.2819,19.5,2.03,434.0,break above 433.99
2024-02-12,orb,QQQ,long,22,10:40,437.5956,436.9125,438.525,11:27,438.525,target,0.2719,20.17,1.706,437.45,break above 437.44
2024-02-13,orb,QQQ,long,23,09:55,428.5343,427.285,430.75,10:39,430.75,target,0.2792,50.68,1.908,428.44,break above 428.22
2024-02-14,orb,QQQ,long,23,10:20,432.2448,431.075,434.33,10:50,431.0103,stop,0.2794,-28.67,-1.149,432.16,break above 431.94
2024-02-15,orb,QQQ,short,23,09:55,432.2751,433.5375,430.065,12:38,433.6025,stop,0.2802,-30.81,-1.157,432.38,break below 432.82
2024-02-16,orb,QQQ,short,23,09:49,433.475,434.3325,432.315,09:52,432.315,target,0.281,26.4,1.707,433.66,break below 433.75
2024-02-20,orb,QQQ,short,23,09:52,425.8561,428.055,421.71,15:55,426.714,time,0.2761,-20.01,-0.411,425.94,break below 426.10
2024-02-21,orb,QQQ,short,23,09:48,423.5165,424.29,422.205,09:57,424.3536,stop,0.2746,-19.53,-1.222,423.595,break below 423.63
2024-02-22,orb,QQQ,long,22,09:46,435.4453,434.39,437.24,12:53,437.24,target,0.2711,39.21,1.876,435.34,break above 435.04
2024-02-23,orb,QQQ,short,22,09:57,438.9541,440.035,437.44,11:00,437.44,target,0.2721,33.04,1.736,439.17,break below 439.50
2024-02-26,orb,QQQ,short,22,09:47,436.7045,437.66,435.17,10:19,437.7256,stop,0.2707,-22.74,-1.245,436.83,break below 436.95
2024-02-27,orb,QQQ,long,22,10:20,438.0157,436.8275,439.91,10:45,436.762,stop,0.2708,-27.85,-1.232,437.855,break above 437.82
2024-02-28,orb,QQQ,short,22,09:50,434.9148,435.42,433.995,10:11,435.4853,stop,0.2696,-12.82,-1.227,434.945,break below 434.95
2024-02-29,orb,QQQ,short,22,10:11,437.6593,438.61,436.0,11:38,436.0,target,0.2713,36.23,1.893,437.74,break below 438.00
2024-03-01,orb,QQQ,long,22,10:02,441.2562,440.45,442.85,11:06,442.85,target,0.2745,34.79,1.977,441.25,break above 441.06
2024-03-04,orb,QQQ,short,22,10:01,444.7233,445.1075,443.585,10:13,445.1743,stop,0.2756,-10.2,-0.913,444.6,break below 444.63
2024-03-05,orb,QQQ,short,22,09:47,438.6642,439.95,436.5,10:30,436.5,target,0.2719,47.34,1.871,438.8,break below 439.12
2024-03-06,orb,QQQ,short,22,09:51,439.1591,440.115,437.43,10:06,437.43,target,0.2722,37.77,1.918,439.22,break below 439.50
2024-03-07,orb,QQQ,short,22,09:46,441.2338,442.645,439.15,09:54,442.8564,stop,0.2735,-35.97,-1.403,441.48,break below 441.91
2024-03-08,orb,QQQ,long,22,09:49,446.727,445.9425,448.185,10:13,448.185,target,0.2778,31.8,1.934,446.69,break above 446.59
2024-03-11,orb,QQQ,short,22,10:00,435.6646,436.96,433.39,10:30,437.0255,stop,0.2701,-30.21,-1.154,435.77,break below 435.89
2024-03-12,orb,QQQ,short,22,09:46,436.6045,438.7425,433.515,09:57,438.8083,stop,0.2707,-48.75,-1.272,437.0,break below 437.19
2024-03-13,orb,QQQ,short,22,09:46,440.9738,441.95,438.65,15:55,440.346,time,0.2734,13.54,0.559,440.85,break below 441.23
2024-03-14,orb,QQQ,short,22,09:48,439.904,441.3125,438.365,09:51,438.365,target,0.2727,33.59,1.554,440.33,break below 440.63
2024-03-15,orb,QQQ,short,23,10:02,434.1849,435.645,431.4,10:36,435.7103,stop,0.2814,-35.37,-1.087,434.23,break below 434.56
2024-03-18,orb,QQQ,long,22,09:46,440.326,439.425,441.87,09:53,439.3591,stop,0.2724,-21.55,-1.202,440.24,break above 440.18
2024-03-20,orb,QQQ,short,22,09:49,438.1743,439.215,435.81,10:27,439.2809,stop,0.2716,-24.62,-0.986,438.08,break below 438.28
2024-03-21,orb,QQQ,short,22,09:49,447.6878,448.6875,445.98,10:22,448.7673,stop,0.2775,-24.03,-1.21,447.785,break below 448.06
2024-03-22,orb,QQQ,short,22,09:46,444.5283,445.15,443.83,09:52,445.2168,stop,0.2755,-15.42,-1.593,444.71,break below 444.77
2024-03-25,orb,QQQ,long,22,09:52,444.1866,443.33,445.79,11:49,445.8,target,0.2763,35.22,1.952,444.15,break above 444.07
2024-03-26,orb,QQQ,long,22,10:01,447.1171,446.4075,448.155,10:11,446.3405,stop,0.2766,-17.36,-1.355,446.99,break above 446.90
2024-03-27,orb,QQQ,short,22,09:54,444.2983,445.495,442.51,10:02,442.51,target,0.2754,39.07,1.785,444.5,break below 444.53
2024-03-28,orb,QQQ,long,22,09:46,445.1868,444.405,446.58,10:13,444.3383,stop,0.2754,-18.94,-1.188,445.13,break above 444.97
2024-04-01,orb,QQQ,long,22,09:47,447.3971,445.995,450.36,10:19,445.7581,stop,0.2763,-36.33,-1.135,447.45,break above 447.44
2024-04-02,orb,QQQ,short,22,10:13,438.4342,439.3775,436.58,11:17,439.4434,stop,0.2718,-22.47,-1.095,438.445,break below 438.61
2024-04-03,orb,QQQ,long,22,09:55,439.956,439.465,440.98,10:00,440.98,target,0.2734,22.26,2.003,439.97,break above 439.90
2024-04-04,orb,QQQ,short,22,09:52,445.6431,446.4575,444.095,12:05,446.547,stop,0.2762,-20.16,-1.164,445.67,break below 446.01
2024-04-05,orb,QQQ,long,22,09:48,438.0557,436.95,439.8,10:49,439.8,target,0.2726,38.1,1.823,437.9,break above 437.86
2024-04-08,orb,QQQ,long,22,10:29,441.5912,440.3475,443.955,11:56,440.2814,stop,0.2729,-29.09,-1.1,441.55,break above 441.50
2024-04-09,orb,QQQ,short,22,09:51,441.7037,442.535,440.06,10:30,440.06,target,0.2738,35.89,1.977,441.71,break below 441.89
2024-04-10,orb,QQQ,short,22,09:47,436.3445,437.465,434.36,09:52,437.9007,stop,0.2705,-34.51,-1.515,436.43,break below 436.61
2024-04-11,orb,QQQ,long,22,09:59,440.4911,439.905,441.48,10:00,439.839,stop,0.2727,-14.62,-1.266,440.43,break above 440.37
2024-04-12,orb,QQQ,long,22,09:47,442.0363,441.28,443.23,10:02,441.2138,stop,0.2735,-18.37,-1.284,441.93,break above 441.82
2024-04-15,orb,QQQ,short,22,10:09,439.984,441.19,437.725,12:23,437.725,target,0.2727,49.43,1.945,440.035,break below 440.27
2024-04-16,orb,QQQ,short,23,09:47,430.0355,430.635,428.43,09:49,430.6996,stop,0.2788,-15.55,-0.92,429.9,break below 430.10
2024-04-17,orb,QQQ,short,23,09:50,431.9752,432.595,430.42,10:04,430.42,target,0.28,35.49,2.128,431.87,break below 432.07
2024-04-18,orb,QQQ,long,23,10:36,426.774,425.06,430.4,12:52,424.9862,stop,0.2756,-41.39,-1.011,426.84,break above 426.57
2024-04-19,orb,QQQ,long,23,09:47,422.6334,421.535,424.67,09:48,421.4718,stop,0.2733,-26.99,-1.123,422.58,break above 422.34
2024-04-22,orb,QQQ,long,23,09:49,418.1927,417.215,419.81,09:59,417.1524,stop,0.2705,-24.2,-1.216,418.08,break above 417.70
2024-04-23,orb,QQQ,long,23,09:46,422.9334,421.205,426.17,15:55,425.1462,time,0.2757,50.62,1.33,422.86,break above 421.94
2024-04-24,orb,QQQ,long,23,09:50,429.6094,428.645,431.24,09:55,428.5807,stop,0.2779,-23.94,-1.203,429.51,break above 429.48
2024-04-25,orb,QQQ,long,23,09:46,419.923,418.975,421.48,09:56,418.9122,stop,0.2717,-23.52,-1.225,419.81,break above 419.77
2024-04-26,orb,QQQ,long,23,09:51,429.5994,428.0875,432.835,15:55,431.4053,time,0.2797,41.25,1.133,429.67,break above 429.19
2024-04-30,orb,QQQ,long,23,10:03,431.8048,431.5825,433.975,10:12,431.4353,stop,0.2797,-8.78,-0.479,432.38,break above 432.26
2024-05-01,orb,QQQ,short,23,10:01,422.0567,422.925,420.24,10:36,423.0084,stop,0.2737,-22.16,-1.077,422.03,break below 422.43
2024-05-02,orb,QQQ,short,23,09:49,423.1465,424.725,421.02,10:09,421.02,target,0.2744,48.64,1.712,423.49,break below 423.77
2024-05-03,orb,QQQ,long,22,09:46,435.1553,434.1575,437.315,10:04,434.0924,stop,0.2691,-23.65,-1.021,435.21,break above 434.78
2024-05-06,orb,QQQ,long,22,09:49,437.9857,437.205,439.26,14:27,439.26,target,0.2723,27.76,1.842,437.89,break above 437.88
2024-05-07,orb,QQQ,short,22,09:51,440.164,440.85,439.44,10:16,440.9161,stop,0.2729,-16.82,-1.627,440.38,break below 440.45
2024-05-08,orb,QQQ,long,22,09:46,438.9358,438.17,439.88,10:01,439.9,target,0.2727,20.94,1.67,438.74,break above 438.67
2024-05-09,orb,QQQ,short,22,09:48,438.6742,439.795,436.96,10:01,439.861,stop,0.2719,-26.38,-1.269,438.85,break below 438.87
2024-05-10,orb,QQQ,long,22,09:49,444.2166,443.09,445.7,10:01,443.0235,stop,0.2746,-26.52,-1.386,443.96,break above 443.86
2024-05-13,orb,QQQ,short,22,09:46,442.1937,443.2375,440.425,10:18,443.304,stop,0.2741,-24.7,-1.198,442.3,break below 442.44
2024-05-14,orb,QQQ,long,22,09:46,443.8466,443.0525,445.28,09:59,442.986,stop,0.2746,-19.21,-1.176,443.795,break above 443.61
2024-05-15,orb,QQQ,short,22,09:48,448.1228,448.455,447.06,09:51,446.94,target,0.2777,25.74,2.516,447.99,break below 448.03
2024-05-20,orb,QQQ,long,22,09:51,454.0181,452.725,456.04,15:55,454.3418,time,0.2815,6.84,0.281,453.83,break above 453.61
2024-05-21,orb,QQQ,long,22,09:53,453.7581,453.285,454.545,10:36,454.545,target,0.2817,17.03,1.843,453.705,break above 453.70
2024-05-22,orb,QQQ,long,21,09:53,456.6135,456.0575,457.685,10:07,455.9716,stop,0.2697,-13.75,-1.207,456.6,break above 456.48
2024-05-23,orb,QQQ,short,21,09:49,458.4712,459.695,456.185,13:37,456.185,target,0.2711,47.74,1.943,458.525,break below 458.87
2024-05-24,orb,QQQ,long,21,09:47,455.8384,455.195,456.65,09:49,455.0117,stop,0.2691,-17.63,-1.731,455.68,break above 455.65
2024-05-28,orb,QQQ,short,21,09:46,457.4414,458.605,455.59,10:11,458.6888,stop,0.2705,-26.47,-1.254,457.6,break below 458.00
2024-05-29,orb,QQQ,long,21,09:51,457.1886,455.93,459.44,15:55,456.0816,time,0.2697,-23.52,-0.957,457.1,break above 456.52
2024-05-30,orb,QQQ,short,22,10:12,453.7919,454.805,452.39,11:05,452.17,target,0.2812,35.4,1.999,454.0,break below 454.39
2024-05-31,orb,QQQ,short,22,09:51,450.7574,451.795,449.11,10:14,449.11,target,0.2793,35.96,1.826,450.9,break below 451.17
2024-06-03,orb,QQQ,long,21,09:47,455.4483,454.845,456.63,09:50,454.7768,stop,0.269,-14.37,-1.15,455.44,break above 455.42
2024-06-04,orb,QQQ,long,22,10:02,453.328,452.29,455.545,10:05,452.2222,stop,0.2802,-24.61,-1.031,453.375,break above 453.05
2024-06-05,orb,QQQ,long,21,09:48,457.9887,457.56,458.82,09:50,457.4914,stop,0.2706,-10.71,-1.215,457.98,break above 457.93
2024-06-07,orb,QQQ,long,21,09:48,462.5444,462.305,463.64,10:37,463.64,target,0.2742,22.73,2.433,462.75,break above 462.73
2024-06-10,orb,QQQ,long,21,10:22,462.7094,462.11,463.76,11:01,463.85,target,0.2743,23.68,2.05,462.66,break above 462.61
2024-06-11,orb,QQQ,short,21,09:48,462.3056,463.815,459.945,10:11,463.8846,stop,0.2734,-33.43,-1.234,462.525,break below 463.33
2024-06-12,orb,QQQ,long,21,09:47,474.0911,472.6,476.98,15:55,474.0489,time,0.2802,-1.17,-0.038,474.06,break above 473.88
2024-06-13,orb,QQQ,short,20,10:11,476.8485,477.81,475.83,10:23,475.8,target,0.2684,20.7,1.568,477.15,break below 477.29
2024-06-14,orb,QQQ,long,20,09:46,477.4916,476.56,478.81,10:38,476.4685,stop,0.2682,-20.73,-1.382,477.31,break above 477.07
2024-06-17,orb,QQQ,short,20,09:48,478.5082,479.265,477.54,09:59,479.3619,stop,0.2694,-17.34,-1.508,478.69,break below 478.73
2024-06-18,orb,QQQ,short,20,09:47,484.8673,485.235,483.72,09:57,485.3078,stop,0.2729,-9.08,-0.899,484.73,break below 484.82
2024-06-20,orb,QQQ,short,20,10:10,485.1372,486.055,483.34,12:22,483.34,target,0.2731,35.67,1.971,485.15,break below 485.32
2024-06-21,orb,QQQ,short,20,09:46,480.048,480.7075,478.735,09:53,478.72,target,0.2702,26.29,1.999,480.05,break below 480.17
2024-06-24,orb,QQQ,short,20,09:49,477.1384,478.2575,475.235,09:54,478.3292,stop,0.2686,-24.09,-1.195,477.25,break below 477.38
2024-06-25,orb,QQQ,long,20,09:48,476.6115,475.765,477.385,10:09,477.385,target,0.2687,15.2,1.408,476.305,break above 476.21
2024-06-27,orb,QQQ,long,20,10:15,483.0274,481.38,485.85,10:46,481.2678,stop,0.2709,-35.46,-1.19,482.87,break above 482.62
2024-06-28,orb,QQQ,long,20,09:49,483.7175,482.485,485.08,10:02,485.5,target,0.2733,35.38,2.045,483.35,break above 483.19
2024-07-01,orb,QQQ,short,20,09:46,478.2283,479.5725,476.715,10:14,476.56,target,0.2692,33.1,1.737,478.62,break below 478.79
2024-07-02,orb,QQQ,long,20,09:47,482.8874,481.605,486.24,10:11,481.4678,stop,0.271,-28.66,-0.928,483.15,break above 482.85
2024-07-03,orb,QQQ,long,20,09:51,487.5631,486.835,489.04,11:13,489.04,target,0.2752,29.26,1.991,487.57,break above 487.42
2024-07-05,orb,QQQ,short,20,09:47,491.7462,492.47,490.04,09:50,492.6039,stop,0.2767,-17.43,-1.076,491.66,break below 491.93
2024-07-08,orb,QQQ,long,20,09:51,497.0245,496.295,497.6,10:00,496.2206,stop,0.2792,-16.36,-1.88,496.73,break above 496.72
2024-07-09,orb,QQQ,short,20,10:26,498.4452,499.285,497.29,12:46,497.29,target,0.2805,22.82,1.716,498.62,break below 498.76
2024-07-10,orb,QQQ,long,19,09:50,500.185,499.415,501.425,10:36,499.2951,stop,0.2669,-17.18,-1.349,500.085,break above 499.89
2024-07-11,orb,QQQ,short,19,09:53,501.5348,502.65,499.65,10:15,499.65,target,0.2681,35.54,1.871,501.65,break below 502.15
2024-07-12,orb,QQQ,long,20,09:48,493.464,492.65,494.51,09:56,494.51,target,0.2783,20.64,1.665,493.27,break above 493.22
2024-07-15,orb,QQQ,short,20,09:47,496.1356,497.12,493.91,09:48,497.1946,stop,0.2792,-21.46,-1.003,496.05,break below 496.30
2024-07-16,orb,QQQ,short,20,09:50,496.4455,497.775,495.51,10:01,495.51,target,0.2793,18.43,1.221,497.02,break below 497.19
2024-07-17,orb,QQQ,short,20,09:53,487.0269,487.945,485.41,09:54,488.0182,stop,0.2741,-20.1,-1.189,487.1,break below 487.12
2024-07-18,orb,QQQ,short,20,09:46,482.8176,484.4,479.45,10:10,484.6927,stop,0.2718,-37.77,-1.145,482.75,break below 483.10
2024-07-19,orb,QQQ,short,20,10:28,478.0183,480.015,473.49,15:55,475.0512,time,0.2691,59.07,1.358,477.84,break below 478.35
2024-07-22,orb,QQQ,long,20,09:47,482.2973,480.69,485.13,10:03,480.6179,stop,0.2705,-33.86,-1.144,482.17,break above 481.70
2024-07-23,orb,QQQ,long,20,09:50,483.0024,482.005,485.65,10:02,481.9327,stop,0.2713,-21.67,-0.892,483.22,break above 483.00
2024-07-24,orb,QQQ,short,21,09:57,470.6244,472.625,467.045,12:00,467.045,target,0.2782,74.89,1.917,470.765,break below 471.23
2024-07-25,orb,QQQ,short,21,09:55,460.5959,462.54,457.02,10:09,457.02,target,0.2724,74.82,1.936,460.7,break below 461.13
2024-07-26,orb,QQQ,short,21,09:48,460.8109,461.6875,458.845,09:59,461.9093,stop,0.2725,-23.34,-1.173,460.74,break below 460.92
2024-07-29,orb,QQQ,long,21,09:46,467.4401,465.57,471.06,10:12,465.5002,stop,0.2752,-41.01,-1.067,467.4,break above 466.88
2024-07-30,orb,QQQ,short,21,09:47,465.1402,465.7525,463.045,10:29,462.96,target,0.275,45.51,2.401,464.85,break below 465.10
2024-07-31,orb,QQQ,long,21,10:02,469.2054,467.6325,471.615,14:33,471.63,target,0.2788,50.64,1.816,468.96,break above 468.84
2024-08-01,orb,QQQ,long,21,09:47,474.4512,472.985,477.74,10:06,472.9141,stop,0.2796,-32.56,-0.978,474.57,break above 474.44
2024-08-02,orb,QQQ,short,13,10:06,447.0629,450.8875,439.555,15:55,448.2372,time,0.1637,-15.43,-0.314,447.11,break below 448.33
2024-08-06,orb,QQQ,long,19,10:03,439.7059,437.14,444.73,12:52,444.73,target,0.2381,95.22,1.981,439.67,break above 439.42
2024-08-07,orb,QQQ,long,22,09:51,448.5273,447.465,451.5,09:55,447.3979,stop,0.2773,-25.12,-0.849,448.81,break above 448.50
2024-08-08,orb,QQQ,short,22,09:47,438.9441,440.245,436.78,09:59,440.311,stop,0.2721,-30.34,-1.194,439.09,break below 439.19
2024-08-09,orb,QQQ,short,22,09:48,446.603,447.61,444.7,10:05,447.7372,stop,0.2768,-25.23,-1.182,446.64,break below 446.65
2024-08-12,orb,QQQ,short,22,09:47,449.1926,450.77,446.18,10:08,450.8776,stop,0.2784,-37.35,-1.11,449.24,break below 449.50
2024-08-13,orb,QQQ,long,21,09:46,457.2886,456.535,458.59,10:48,458.75,target,0.2713,30.42,2.115,457.22,break above 457.16
2024-08-14,orb,QQQ,short,21,09:52,461.2008,462.85,457.75,11:30,462.9494,stop,0.2727,-36.99,-1.036,461.15,break below 461.30
2024-08-15,orb,QQQ,long,21,09:49,469.9505,469.09,471.16,09:58,471.16,target,0.2785,25.12,1.734,469.78,break above 469.72
2024-08-16,orb,QQQ,long,21,10:04,473.601,472.58,475.31,10:49,472.5091,stop,0.2793,-23.21,-1.215,473.49,break above 473.24
2024-08-19,orb,QQQ,long,21,09:48,475.5013,474.665,476.84,09:54,474.5938,stop,0.2806,-19.34,-1.27,475.39,break above 475.34
2024-08-20,orb,QQQ,long,20,09:49,482.0823,481.095,483.6,10:12,481.0228,stop,0.2708,-21.46,-1.285,481.93,break above 481.80
2024-08-21,orb,QQQ,long,20,09:47,481.6122,480.895,483.52,10:41,483.67,target,0.2722,40.88,2.336,481.77,break above 481.37
2024-08-22,orb,QQQ,short,20,09:48,484.3773,484.935,482.385,09:56,485.0077,stop,0.2726,-12.88,-0.758,484.085,break below 484.37
2024-08-23,orb,QQQ,long,20,10:01,480.7821,478.72,484.3,10:47,478.6482,stop,0.2694,-42.95,-1.155,480.58,break above 479.33
2024-08-26,orb,QQQ,short,20,09:46,478.7982,479.66,477.26,10:08,477.26,target,0.2695,30.49,1.906,478.86,break below 478.98
2024-08-27,orb,QQQ,short,21,09:46,471.8392,473.025,469.8,09:49,473.096,stop,0.2789,-26.67,-1.181,471.95,break below 472.04
2024-08-28,orb,QQQ,short,21,09:46,474.8688,476.1575,472.535,10:49,472.49,target,0.2807,49.67,1.959,474.95,break below 475.33
2024-08-29,orb,QQQ,long,20,09:50,476.1414,474.385,480.07,10:18,474.3138,stop,0.267,-36.82,-0.971,476.28,break above 475.92
2024-08-30,orb,QQQ,long,21,09:47,475.2613,474.6975,477.105,09:50,474.6263,stop,0.2806,-13.62,-0.808,475.5,break above 475.30
2024-09-03,orb,QQQ,short,21,09:55,469.8195,471.8,466.1,10:49,466.1,target,0.2778,77.83,1.951,469.9,break below 470.35
2024-09-04,orb,QQQ,long,21,09:49,461.2192,459.51,464.28,10:00,459.4411,stop,0.2717,-37.61,-1.126,461.1,break above 460.76
2024-09-05,orb,QQQ,long,21,09:57,463.0344,460.73,466.64,11:01,460.2809,stop,0.2722,-58.1,-1.404,462.7,break above 462.48
2024-09-06,orb,QQQ,short,16,10:00,455.0517,458.765,449.78,11:18,449.78,target,0.2051,84.14,1.756,455.77,break below 456.39
2024-09-09,orb,QQQ,long,22,09:53,454.1281,453.325,455.89,10:21,453.257,stop,0.2809,-19.45,-1.034,454.18,break above 454.10
2024-09-10,orb,QQQ,short,21,10:14,454.9218,456.575,452.24,10:29,456.6435,stop,0.2691,-36.43,-1.2,455.13,break below 455.42
2024-09-11,orb,QQQ,short,21,09:47,457.3014,458.75,454.73,10:15,454.73,target,0.2705,53.73,1.909,457.41,break below 457.66
2024-09-12,orb,QQQ,short,21,09:50,467.2899,468.385,465.46,09:53,468.4553,stop,0.2763,-24.75,-1.209,467.41,break below 467.52
2024-09-13,orb,QQQ,long,21,10:06,474.3811,473.5,476.77,10:30,473.429,stop,0.2799,-20.28,-0.886,474.59,break above 474.56
2024-09-16,orb,QQQ,long,21,09:55,473.241,471.895,476.02,10:26,471.8242,stop,0.2789,-30.03,-1.04,473.27,break above 473.17
2024-09-17,orb,QQQ,short,21,09:50,475.0587,476.16,473.04,10:04,476.2314,stop,0.2808,-24.91,-1.14,475.12,break below 475.50
2024-09-18,orb,QQQ,short,21,10:12,473.099,474.045,470.58,10:40,474.1161,stop,0.2797,-21.64,-0.892,472.89,break below 473.27
2024-09-19,orb,QQQ,short,20,09:51,480.9878,482.23,478.69,10:03,482.3023,stop,0.2707,-26.56,-1.125,481.05,break below 481.42
2024-09-20,orb,QQQ,short,20,09:55,482.3876,482.915,481.46,10:00,481.46,target,0.2715,18.28,1.885,482.43,break below 482.46
2024-09-23,orb,QQQ,long,20,09:49,483.3125,482.53,484.435,10:00,482.4576,stop,0.2716,-17.37,-1.368,483.165,break above 483.13
2024-09-24,orb,QQQ,short,20,09:50,483.4275,484.2175,482.635,10:00,482.635,target,0.2721,15.58,1.477,483.69,break below 483.70
2024-09-25,orb,QQQ,long,20,09:57,486.693,485.5425,488.445,12:06,485.4572,stop,0.2732,-24.99,-1.291,486.51,break above 486.29
2024-09-26,orb,QQQ,short,20,09:49,491.0363,492.53,487.955,10:52,487.95,target,0.2763,61.45,2.015,491.005,break below 491.41
2024-09-27,orb,QQQ,short,20,10:13,488.7367,489.76,486.76,12:13,486.76,target,0.2751,39.26,1.963,488.76,break below 488.94
2024-09-30,orb,QQQ,short,20,10:16,485.2372,486.645,482.55,11:27,486.853,stop,0.2731,-32.59,-1.194,485.28,break below 485.55
2024-10-01,orb,QQQ,short,20,09:46,483.5675,485.74,479.23,10:28,479.23,target,0.2722,86.48,1.993,483.57,break below 483.58
2024-10-02,orb,QQQ,long,20,10:12,480.7921,479.335,484.63,15:55,482.2377,time,0.2714,28.64,0.811,481.1,break above 480.89
2024-10-03,orb,QQQ,long,20,09:56,482.8024,480.685,486.37,10:22,480.6129,stop,0.2705,-44.06,-1.163,482.58,break above 481.98
2024-10-04,orb,QQQ,short,20,09:52,486.2521,487.0675,485.155,09:56,485.155,target,0.2737,21.67,1.699,486.43,break below 486.45
2024-10-07,orb,QQQ,short,20,09:47,485.4172,485.355,483.45,09:47,485.5628,stop,0.2732,-3.19,-0.251,484.72,break below 484.73
2024-10-08,orb,QQQ,long,20,09:54,485.4928,484.38,487.29,10:42,487.29,target,0.2743,35.67,1.839,485.35,break above 484.88
2024-10-09,orb,QQQ,long,20,10:14,489.2834,488.6825,490.925,11:00,490.99,target,0.2763,33.86,2.265,489.43,break above 489.35
2024-10-10,orb,QQQ,short,20,09:49,489.7065,490.965,487.8,09:55,491.0386,stop,0.2756,-26.92,-1.276,489.91,break below 490.49
2024-10-11,orb,QQQ,long,20,09:46,491.1837,490.6025,492.185,10:07,492.185,target,0.277,19.75,1.872,491.13,break above 491.00
2024-10-14,orb,QQQ,long,20,09:46,497.2246,496.4025,498.645,10:00,498.81,target,0.2807,31.43,2.102,497.15,break above 497.09
2024-10-15,orb,QQQ,short,20,09:51,497.3454,497.88,496.08,09:54,497.9547,stop,0.2798,-12.47,-1.039,497.28,break below 497.35
2024-10-16,orb,QQQ,short,20,09:46,488.1668,489.8625,485.685,10:13,490.0535,stop,0.2747,-38.01,-1.365,488.47,break below 488.55
2024-10-17,orb,QQQ,short,18,10:03,492.0962,494.415,486.12,11:57,494.5842,stop,0.2492,-45.03,-0.905,491.65,break below 492.44
2024-10-18,orb,QQQ,long,20,10:08,495.1343,494.14,496.96,10:54,494.0659,stop,0.278,-21.65,-1.151,495.08,break above 494.92
2024-10-21,orb,QQQ,long,20,09:49,494.8442,493.915,496.09,10:17,496.09,target,0.2791,24.64,1.699,494.64,break above 494.61
2024-10-22,orb,QQQ,long,20,09:46,494.5742,493.02,496.74,13:58,496.74,target,0.2795,43.04,1.735,494.26,break above 494.05
2024-10-23,orb,QQQ,short,20,10:02,492.9011,493.645,491.47,10:07,491.47,target,0.2774,28.34,1.955,492.92,break below 493.08
2024-10-24,orb,QQQ,short,20,09:49,490.2664,491.42,488.36,10:01,491.4937,stop,0.2759,-24.82,-1.217,490.4,break below 490.68
2024-10-25,orb,QQQ,long,20,09:46,497.8747,496.275,500.055,10:22,500.055,target,0.2814,43.33,1.719,497.535,break above 497.41
2024-10-28,orb,QQQ,short,20,09:51,496.4055,497.6475,493.995,10:09,497.7221,stop,0.2793,-26.61,-1.093,496.43,break below 496.83
2024-10-29,orb,QQQ,long,20,10:04,496.4345,494.95,499.12,12:51,499.12,target,0.2808,53.43,1.922,496.34,break above 496.03
2024-10-30,orb,QQQ,long,20,10:10,499.6749,498.09,502.53,13:34,498.0153,stop,0.2802,-33.47,-1.131,499.57,break above 499.56
2024-10-31,orb,QQQ,short,20,09:46,489.2166,490.955,486.32,10:46,486.32,target,0.2753,57.66,1.866,489.41,break below 489.70
2024-11-01,orb,QQQ,long,20,09:56,488.0032,486.565,490.78,15:55,487.5369,time,0.2744,-9.6,-0.342,487.97,break above 487.67
2024-11-04,orb,QQQ,long,20,10:02,487.5831,485.745,490.62,11:55,485.6271,stop,0.2733,-39.39,-1.212,487.37,break above 487.18
2024-11-05,orb,QQQ,long,20,09:49,489.8935,488.6625,492.075,11:54,492.075,target,0.2769,43.35,1.906,489.8,break above 489.75
2024-11-06,orb,QQQ,short,20,09:51,499.825,501.8575,496.255,10:13,501.9328,stop,0.2812,-42.44,-1.136,499.99,break below 500.32
2024-11-07,orb,QQQ,long,19,09:57,510.6666,509.385,512.85,11:54,512.94,target,0.2741,42.92,1.956,510.54,break above 510.37
2024-11-08,orb,QQQ,short,19,09:46,512.973,513.585,511.83,09:48,513.717,stop,0.2741,-14.41,-1.296,513.0,break below 513.05
2024-11-11,orb,QQQ,short,19,09:46,513.083,514.71,510.06,15:55,513.277,time,0.2742,-3.96,-0.134,513.16,break below 513.89
2024-11-12,orb,QQQ,long,19,09:54,514.1571,513.655,515.95,10:04,513.333,stop,0.2743,-15.93,-1.096,514.42,break above 514.36
2024-11-13,orb,QQQ,short,19,09:50,511.5133,512.53,510.22,10:07,510.22,target,0.2733,24.3,1.661,511.76,break below 512.07
2024-11-14,orb,QQQ,short,19,09:47,510.4734,511.6,508.03,10:44,511.6767,stop,0.2728,-23.14,-1.023,510.41,break below 510.54
2024-11-15,orb,QQQ,short,19,09:59,501.1148,502.3,498.85,10:22,498.85,target,0.2678,42.76,1.957,501.15,break below 501.27
2024-11-18,orb,QQQ,short,20,09:47,497.0654,497.835,495.96,10:02,497.9147,stop,0.2797,-17.26,-1.381,497.21,break below 497.31
2024-11-19,orb,QQQ,long,20,10:30,499.4549,498.08,502.1,13:10,502.1,target,0.2825,52.62,1.963,499.42,break above 498.95
2024-11-20,orb,QQQ,short,19,09:58,500.2749,501.7775,497.465,10:16,497.465,target,0.2674,53.12,1.945,500.34,break below 500.39
2024-11-21,orb,QQQ,short,14,10:02,499.885,503.765,493.28,11:29,503.9856,stop,0.1969,-57.61,-1.177,500.27,break below 500.62
2024-11-22,orb,QQQ,long,19,09:46,505.9759,504.96,508.26,09:50,504.8843,stop,0.2698,-21.01,-1.005,506.06,break above 505.83
2024-11-25,orb,QQQ,short,19,09:54,507.7338,509.92,503.89,15:55,506.621,time,0.2713,20.87,0.547,507.91,break below 508.53
2024-11-26,orb,QQQ,long,19,09:46,509.8065,508.95,511.05,09:55,508.7037,stop,0.2719,-21.22,-1.596,509.65,break above 509.50
2024-11-27,orb,QQQ,short,19,09:55,505.8741,507.16,503.545,10:37,503.545,target,0.2704,43.98,1.921,505.955,break below 506.19
2024-11-29,orb,QQQ,long,19,09:47,507.2311,506.115,508.71,10:10,508.73,target,0.2719,28.21,1.716,506.98,break above 506.87
2024-12-02,orb,QQQ,long,19,09:50,513.8271,512.02,516.76,15:55,515.4627,time,0.2754,30.8,1.026,513.6,break above 513.33
2024-12-03,orb,QQQ,long,19,09:46,515.1273,514.18,516.82,15:55,516.5925,time,0.276,27.56,1.649,515.06,break above 514.86
2024-12-04,orb,QQQ,long,19,09:53,520.6181,520.155,521.94,10:00,519.892,stop,0.2778,-14.07,-1.245,520.75,break above 520.71
2024-12-06,orb,QQQ,long,19,09:46,524.3686,523.2375,526.095,10:19,526.095,target,0.281,32.52,1.797,524.19,break above 523.94
2024-12-09,orb,QQQ,long,19,09:50,526.3889,525.515,527.78,10:11,525.4362,stop,0.2807,-18.38,-1.282,526.27,break above 526.19
2024-12-10,orb,QQQ,long,19,09:46,524.9787,523.74,527.28,09:54,523.6014,stop,0.2797,-26.45,-1.18,524.92,break above 524.54
2024-12-11,orb,QQQ,long,18,09:46,526.729,525.375,528.81,11:24,528.81,target,0.2676,37.19,1.804,526.52,break above 526.15
2024-12-12,orb,QQQ,short,18,10:10,526.631,527.27,525.155,10:21,527.3891,stop,0.2665,-13.91,-1.096,526.565,break below 526.81
2024-12-13,orb,QQQ,long,18,09:46,532.9299,531.4375,536.125,10:07,531.3578,stop,0.2689,-28.57,-1.016,533.0,break above 532.49
2024-12-16,orb,QQQ,long,18,09:50,534.2051,533.54,535.4,10:32,535.4,target,0.2709,21.24,1.903,534.16,break above 534.08
2024-12-17,orb,QQQ,short,18,10:01,535.1397,536.12,533.33,11:07,536.2004,stop,0.2708,-19.36,-1.157,535.19,break below 535.21
2024-12-18,orb,QQQ,long,18,10:12,535.8204,534.57,537.96,14:01,534.0299,stop,0.2702,-32.5,-1.598,535.7,break above 535.64
2024-12-19,orb,QQQ,short,19,09:55,518.3922,520.21,515.47,12:52,515.47,target,0.277,55.25,1.84,518.63,break below 518.79
2024-12-20,orb,QQQ,short,19,09:51,509.3536,511.36,506.005,09:53,511.4367,stop,0.2722,-39.85,-1.175,509.575,break below 509.89
2024-12-23,orb,QQQ,short,19,09:47,519.1221,520.035,517.53,09:58,520.113,stop,0.2774,-19.1,-1.204,519.2,break below 519.34
2024-12-24,orb,QQQ,long,19,09:48,526.2289,525.14,527.75,10:42,527.75,target,0.2819,28.62,1.731,526.01,break above 525.99
2024-12-26,orb,QQQ,short,18,09:51,527.9858,528.9025,526.0,10:25,528.9993,stop,0.2672,-18.51,-1.063,527.935,break below 528.29
2024-12-27,orb,QQQ,short,18,10:01,521.5518,524.335,516.19,15:55,521.9883,time,0.264,-8.12,-0.166,521.62,break below 522.35
2024-12-30,orb,QQQ,short,19,09:47,513.293,514.44,510.69,09:51,514.5172,stop,0.2743,-23.53,-0.991,513.19,break below 513.28
2024-12-31,orb,QQQ,short,19,10:08,514.4728,516.395,511.52,10:24,516.5475,stop,0.2749,-39.69,-1.286,514.77,break below 515.13
2025-01-02,orb,QQQ,long,19,09:55,515.2073,512.485,520.33,10:23,512.3931,stop,0.2738,-53.74,-1.082,515.1,break above 514.88
2025-01-03,orb,QQQ,long,19,10:06,516.6075,514.74,520.32,10:12,514.6628,stop,0.275,-37.22,-1.053,516.6,break above 516.47
2025-01-06,orb,QQQ,long,19,09:50,526.509,525.045,528.84,12:45,524.9312,stop,0.2804,-30.26,-1.259,526.31,break above 526.16
2025-01-07,orb,QQQ,short,19,10:01,522.2367,524.65,518.11,10:38,518.11,target,0.279,78.13,1.886,522.47,break below 523.32
2025-01-08,orb,QQQ,long,19,10:04,516.2574,514.655,518.75,10:10,514.5778,stop,0.275,-32.19,-1.241,516.02,break above 515.74
2025-01-10,orb,QQQ,short,19,09:48,507.5339,510.0725,503.165,13:28,510.1515,stop,0.2712,-50.01,-1.143,507.77,break below 508.62
2025-01-13,orb,QQQ,long,19,09:54,502.1453,500.68,504.19,10:25,500.6049,stop,0.2676,-29.54,-1.329,501.85,break above 501.65
2025-01-14,orb,QQQ,short,19,09:54,506.784,508.895,503.84,10:11,509.2514,stop,0.2708,-47.15,-1.473,507.21,break below 507.64
2025-01-15,orb,QQQ,long,19,09:47,514.7172,513.06,516.96,11:53,512.983,stop,0.2741,-33.22,-1.345,514.36,break above 514.28
2025-01-16,orb,QQQ,short,19,09:46,516.6425,517.95,514.77,11:04,518.0277,stop,0.276,-26.59,-1.32,516.89,break below 516.90
2025-01-17,orb,QQQ,short,19,10:23,519.792,521.205,515.04,10:50,521.2832,stop,0.2777,-28.61,-0.733,519.15,break below 519.40
2025-01-21,orb,QQQ,short,19,09:55,521.4518,523.19,517.91,11:51,523.2685,stop,0.2786,-34.8,-1.041,521.43,break below 521.72
2025-01-22,orb,QQQ,long,18,09:50,531.3697,530.275,533.005,11:36,533.005,target,0.2697,29.17,1.781,531.185,break above 531.17
2025-01-23,orb,QQQ,long,18,09:51,529.6394,529.055,530.78,09:56,528.9756,stop,0.2677,-12.22,-1.18,529.63,break above 529.60
2025-01-24,orb,QQQ,long,18,09:46,533.18,532.5,534.51,10:03,532.3901,stop,0.2694,-14.49,-1.201,533.17,break above 533.10
2025-01-27,orb,QQQ,long,19,09:47,515.0722,512.8175,519.755,11:28,512.7406,stop,0.274,-44.58,-1.015,515.13,break above 515.08
2025-01-28,orb,QQQ,short,19,09:48,511.7932,513.83,508.1,09:52,513.9071,stop,0.2735,-40.44,-1.114,511.92,break below 512.16
2025-01-29,orb,QQQ,short,19,09:50,520.022,521.4075,517.425,10:02,521.4857,stop,0.2778,-28.09,-1.114,520.08,break below 520.33
2025-01-30,orb,QQQ,long,19,09:47,524.5187,523.3,526.3,10:02,522.9116,stop,0.2794,-30.81,-1.622,524.3,break above 524.08
2025-01-31,orb,QQQ,long,18,09:53,528.5243,527.61,530.52,10:33,530.52,target,0.2685,35.65,2.042,528.58,break above 528.41
2025-02-03,orb,QQQ,short,19,10:03,512.0332,514.05,508.14,10:23,514.1271,stop,0.2736,-40.06,-1.07,512.08,break below 512.61
2025-02-04,orb,QQQ,long,19,09:51,521.1282,519.635,524.6,10:41,524.67,target,0.2803,67.01,2.131,521.29,break above 520.98
2025-02-05,orb,QQQ,long,19,09:49,522.6784,521.93,524.24,09:53,521.8517,stop,0.2788,-15.99,-1.093,522.7,break above 522.63
2025-02-06,orb,QQQ,long,18,09:46,528.0392,527.025,528.81,10:15,528.81,target,0.2676,13.61,1.27,527.62,break above 527.59
2025-02-07,orb,QQQ,short,18,10:01,528.3907,531.09,524.34,10:54,524.34,target,0.2674,72.65,1.794,528.84,break below 530.18
2025-02-10,orb,QQQ,long,18,09:47,528.2242,527.4425,529.595,09:49,527.3634,stop,0.2669,-15.76,-1.22,528.16,break above 528.11
2025-02-11,orb,QQQ,long,18,09:53,528.2142,526.99,530.5,12:05,526.871,stop,0.2666,-24.45,-1.161,528.16,break above 528.01
2025-02-12,orb,QQQ,long,19,09:47,525.1388,523.5075,528.915,10:07,523.3715,stop,0.2796,-33.86,-0.989,525.31,break above 525.00
2025-02-13,orb,QQQ,long,18,10:03,532.1148,530.515,535.12,15:08,535.12,target,0.2708,53.82,1.948,532.05,break above 531.81
2025-02-14,orb,QQQ,long,18,09:52,536.9005,536.215,538.03,10:01,536.1346,stop,0.2713,-14.06,-1.291,536.82,break above 536.70
2025-02-18,orb,QQQ,short,18,09:46,538.3892,539.535,536.52,14:07,536.52,target,0.2724,33.37,1.845,538.53,break below 539.11
2025-02-19,orb,QQQ,short,18,09:50,537.6643,538.37,535.52,10:47,538.4708,stop,0.272,-14.79,-0.865,537.42,break below 537.84
2025-02-20,orb,QQQ,short,18,09:46,537.5194,538.4,536.36,09:52,536.36,target,0.272,20.6,1.683,537.72,break below 537.81
2025-02-21,orb,QQQ,short,18,09:51,536.3595,537.345,534.21,10:27,534.21,target,0.2714,38.42,2.043,536.3,break below 536.33
2025-02-24,orb,QQQ,short,19,09:50,526.0761,527.55,523.44,09:58,523.44,target,0.281,49.8,1.913,526.18,break below 526.22
2025-02-25,orb,QQQ,short,19,09:47,516.9924,518.32,515.11,09:52,515.11,target,0.2762,35.49,1.746,517.25,break below 517.35
2025-02-26,orb,QQQ,long,19,09:50,516.5375,515.385,518.52,10:19,518.52,target,0.277,37.39,1.883,516.43,break above 516.31
2025-02-27,orb,QQQ,short,19,09:50,514.1829,516.51,508.92,10:00,508.92,target,0.2747,99.72,2.074,513.98,break below 514.00
2025-02-28,orb,QQQ,long,19,10:08,501.1952,499.1,505.685,12:59,499.0251,stop,0.2667,-41.5,-0.995,501.295,break above 501.25
2025-03-03,orb,QQQ,short,19,09:50,508.5837,510.94,503.92,13:09,503.92,target,0.2718,88.34,1.987,508.6,break below 508.97
2025-03-04,orb,QQQ,short,18,10:00,491.0863,494.215,486.19,12:21,494.2891,stop,0.2487,-57.9,-1.202,491.54,break below 492.23
2025-03-05,orb,QQQ,short,20,09:57,492.5261,495.435,490.02,10:00,495.5093,stop,0.2772,-59.94,-1.66,493.63,break below 493.81
2025-03-06,orb,QQQ,long,20,09:51,494.2441,492.86,496.28,09:56,492.7861,stop,0.2773,-29.44,-1.291,494.0,break above 493.77
2025-03-07,orb,QQQ,long,20,09:49,491.1987,488.905,495.85,10:00,488.8317,stop,0.2751,-47.62,-1.028,491.22,break above 490.80
2025-03-11,orb,QQQ,long,18,09:49,476.2014,473.485,481.45,10:02,473.414,stop,0.2399,-50.41,-1.055,476.14,break above 475.42
2025-03-12,orb,QQQ,short,20,09:49,477.8383,479.75,474.5,10:41,474.5,target,0.269,66.5,1.9,478.0,break below 478.60
2025-03-13,orb,QQQ,short,21,09:52,472.969,474.94,470.53,10:00,470.53,target,0.2796,50.94,1.65,473.47,break below 473.81
2025-03-14,orb,QQQ,long,20,09:51,477.4816,475.33,481.63,10:00,475.1787,stop,0.2675,-46.33,-1.103,477.43,break above 477.05
2025-03-17,orb,QQQ,short,20,10:37,479.3481,481.17,474.93,13:27,481.2822,stop,0.2698,-38.95,-0.936,479.09,break below 479.22
2025-03-18,orb,QQQ,short,20,09:46,474.7588,477.07,469.78,15:55,474.5512,time,0.2673,3.88,0.08,474.64,break below 474.91
2025-03-19,orb,QQQ,long,20,09:55,477.9817,476.19,481.32,14:45,481.32,target,0.2709,66.5,1.944,477.9,break above 477.42
2025-03-20,orb,QQQ,long,20,09:46,480.072,478.0,483.79,10:27,483.98,target,0.2724,77.89,2.018,479.93,break above 479.72
2025-03-21,orb,QQQ,long,21,09:51,475.7614,474.12,478.335,12:18,478.335,target,0.2827,53.76,1.822,475.525,break above 475.29
2025-03-24,orb,QQQ,long,20,09:48,488.8133,487.83,490.77,15:05,490.77,target,0.2762,38.86,1.983,488.81,break above 488.49
2025-03-25,orb,QQQ,short,20,09:50,490.5664,491.325,489.27,09:54,491.4037,stop,0.2761,-17.02,-1.242,490.64,break below 490.68
2025-03-26,orb,QQQ,short,20,09:48,491.4613,492.44,490.28,09:55,490.28,target,0.2766,23.35,1.621,491.72,break below 491.77
2025-03-27,orb,QQQ,long,20,09:55,483.5125,481.77,486.39,10:55,486.39,target,0.2738,57.28,1.86,483.31,break above 483.25
2025-03-28,orb,QQQ,short,20,10:04,478.0133,479.305,475.72,10:11,475.72,target,0.2691,45.6,1.908,478.11,break below 478.18
2025-03-31,orb,QQQ,short,18,09:46,457.3514,460.24,451.93,09:55,460.309,stop,0.2318,-53.47,-1.072,457.47,break below 458.00
2025-04-01,orb,QQQ,long,21,09:49,469.0603,467.435,472.025,09:56,467.3649,stop,0.2763,-35.88,-1.117,468.965,break above 468.53
2025-04-02,orb,QQQ,long,16,09:46,471.5007,468.45,477.42,12:49,477.42,target,0.215,94.49,1.975,471.44,break above 470.99
2025-04-03,orb,QQQ,short,20,10:11,455.5717,458.0825,450.695,15:50,450.695,target,0.2566,97.28,1.975,455.62,break below 456.15
2025-04-04,orb,QQQ,short,14,10:13,433.9449,437.385,427.35,10:50,427.35,target,0.1712,92.16,1.968,434.04,break below 434.58
2025-04-08,orb,QQQ,long,22,09:47,439.5859,437.76,443.04,09:48,437.6943,stop,0.2713,-41.89,-1.082,439.52,break above 439.40
2025-04-10,orb,QQQ,short,19,09:59,450.7124,453.4125,445.77,10:41,453.4805,stop,0.2412,-52.84,-1.092,450.865,break below 451.36
2025-04-11,orb,QQQ,long,15,09:47,449.4574,445.9,455.41,10:03,445.4332,stop,0.1882,-60.55,-1.273,449.07,break above 448.46
2025-04-14,orb,QQQ,short,16,09:48,459.5161,461.83,452.65,10:03,461.8993,stop,0.207,-38.34,-0.783,458.77,break below 458.89
2025-04-15,orb,QQQ,long,21,09:49,461.4092,459.57,464.67,10:18,459.5011,stop,0.2717,-40.34,-1.13,461.27,break above 460.89
2025-04-16,orb,QQQ,short,22,09:53,448.3327,449.975,445.94,10:25,450.0425,stop,0.2779,-37.89,-1.281,448.63,break below 448.74
2025-04-17,orb,QQQ,short,22,09:47,444.4933,445.9,441.22,09:50,445.9669,stop,0.2755,-32.69,-0.953,444.34,break below 444.53
2025-04-21,orb,QQQ,short,22,09:47,436.3845,437.8625,434.24,10:02,434.24,target,0.2705,46.91,1.766,436.655,break below 436.67
2025-04-22,orb,QQQ,long,22,09:46,441.0561,439.005,445.08,12:00,445.08,target,0.2759,88.25,1.981,441.03,break above 440.25
2025-04-23,orb,QQQ,long,19,09:52,462.2743,459.615,467.43,09:55,459.5461,stop,0.2459,-52.08,-1.052,462.22,break above 461.79
2025-04-24,orb,QQQ,long,21,09:46,458.7688,457.24,461.65,10:07,461.65,target,0.273,60.23,1.951,458.71,break above 458.54
2025-04-25,orb,QQQ,short,21,09:53,465.7901,467.2525,462.925,10:00,467.3226,stop,0.2754,-32.46,-1.071,465.81,break below 466.04
2025-04-28,orb,QQQ,long,21,09:46,474.3911,472.885,477.01,09:54,472.8141,stop,0.2795,-33.4,-1.157,474.26,break above 474.22
2025-04-29,orb,QQQ,long,21,09:46,471.8608,470.4725,473.765,10:05,473.765,target,0.2801,39.71,1.723,471.57,break above 471.31
2025-04-30,orb,QQQ,short,21,09:57,462.7206,465.3125,458.345,10:13,465.4698,stop,0.2736,-58.01,-1.189,462.99,break below 463.44
2025-05-01,orb,QQQ,short,20,10:00,481.4978,482.745,477.72,10:00,482.8174,stop,0.271,-26.66,-0.796,481.07,break below 481.64
2025-05-02,orb,QQQ,short,20,09:53,485.0272,486.42,482.73,09:55,486.493,stop,0.273,-29.59,-1.203,485.19,break below 485.24
2025-05-05,orb,QQQ,long,20,09:50,485.5878,484.91,487.55,09:52,484.7973,stop,0.2729,-16.08,-0.914,485.79,break above 485.72
2025-05-06,orb,QQQ,short,20,09:52,478.6982,480.215,475.805,10:09,480.287,stop,0.2695,-32.05,-1.09,478.745,break below 479.25
2025-05-07,orb,QQQ,short,20,09:50,481.9177,482.105,479.87,09:53,482.3723,stop,0.2713,-9.36,-0.628,481.36,break below 481.37
2025-05-08,orb,QQQ,short,20,09:48,487.0269,487.9,485.14,10:54,485.14,target,0.2741,37.46,2.036,486.98,break below 487.06
2025-05-09,orb,QQQ,short,20,09:53,489.7865,490.845,487.935,09:58,490.9186,stop,0.2756,-22.92,-1.181,489.875,break below 490.17
2025-05-12,orb,QQQ,short,19,10:29,502.5046,504.99,498.0,12:24,505.0657,stop,0.2686,-48.93,-1.105,502.66,break below 502.94
2025-05-13,orb,QQQ,long,19,09:51,511.3567,509.775,513.87,10:14,513.87,target,0.2746,47.48,1.831,511.14,break above 511.01
2025-05-14,orb,QQQ,short,19,09:46,516.9924,517.955,515.09,10:53,518.0327,stop,0.2762,-20.04,-1.104,517.0,break below 517.01
2025-05-15,orb,QQQ,short,19,09:48,515.7126,516.65,514.4,09:54,516.7875,stop,0.2756,-20.7,-1.453,515.9,break below 515.97
2025-05-16,orb,QQQ,short,19,10:35,518.5422,519.75,516.54,11:42,519.958,stop,0.277,-27.18,-1.337,518.68,break below 518.82
2025-05-19,orb,QQQ,long,19,09:46,517.5676,515.905,520.9,12:53,520.9,target,0.2783,63.04,1.993,517.57,break above 517.45
2025-05-20,orb,QQQ,short,19,09:48,518.1423,519.55,516.01,09:53,519.6279,stop,0.2768,-28.5,-1.271,518.37,break below 519.02
2025-05-21,orb,QQQ,long,19,09:49,518.6578,517.39,521.05,11:07,521.05,target,0.2784,45.17,1.949,518.61,break above 518.51
2025-05-22,orb,QQQ,long,19,09:53,515.4273,513.5575,518.755,15:55,515.2427,time,0.2753,-3.78,-0.115,515.29,break above 514.79
2025-05-23,orb,QQQ,long,19,10:13,509.4564,507.11,513.95,11:16,507.0339,stop,0.271,-46.3,-1.069,509.39,break above 508.61
2025-05-27,orb,QQQ,long,19,09:56,516.9075,515.695,519.04,10:26,519.04,target,0.2773,40.24,1.899,516.81,break above 516.76
2025-05-28,orb,QQQ,short,19,09:49,521.8017,522.8,520.04,14:52,520.04,target,0.2788,33.19,1.899,521.88,break below 521.96
2025-05-29,orb,QQQ,short,19,09:48,522.5216,524.615,518.9,11:57,518.9,target,0.2791,68.53,1.893,522.71,break below 522.75
2025-05-30,orb,QQQ,short,19,09:50,517.0924,518.48,514.88,10:05,518.5578,stop,0.2763,-28.12,-1.233,517.28,break below 517.44
2025-06-02,orb,QQQ,short,16,10:01,516.0526,519.43,510.145,10:28,519.5079,stop,0.2322,-55.52,-1.121,516.335,break below 517.51
2025-06-03,orb,QQQ,long,19,09:58,525.0287,523.7325,527.355,12:17,527.355,target,0.2817,43.92,1.914,524.94,break above 524.73
2025-06-04,orb,QQQ,short,18,10:04,527.3509,528.725,525.11,10:59,528.8593,stop,0.2669,-27.42,-1.264,527.52,break below 527.84
2025-06-05,orb,QQQ,short,18,09:46,528.0008,529.6725,525.555,10:25,529.752,stop,0.2672,-31.79,-1.287,528.3,break below 528.51
2025-06-06,orb,QQQ,long,18,09:46,531.3397,530.325,533.46,09:56,530.2455,stop,0.2683,-19.96,-1.061,531.37,break above 531.33
2025-06-09,orb,QQQ,long,18,10:09,530.6096,529.81,531.85,10:31,531.85,target,0.2691,22.06,1.802,530.49,break above 530.45
2025-06-10,orb,QQQ,long,18,09:53,532.4899,531.61,533.89,09:56,531.5153,stop,0.269,-17.81,-1.302,532.37,break above 532.35
2025-06-11,orb,QQQ,short,18,09:47,533.4,535.0325,530.165,09:53,535.1128,stop,0.2699,-31.1,-1.065,533.41,break below 534.28
2025-06-12,orb,QQQ,long,18,09:49,532.3998,531.61,534.235,09:58,531.5303,stop,0.269,-15.92,-1.011,532.485,break above 532.33
2025-06-13,orb,QQQ,short,18,10:21,526.921,528.7525,523.615,10:41,528.8318,stop,0.2667,-34.66,-1.124,527.04,break below 527.26
2025-06-16,orb,QQQ,long,18,09:46,532.6099,531.4475,534.365,10:12,534.4,target,0.2704,31.95,1.825,532.42,break above 532.34
2025-06-17,orb,QQQ,long,18,10:11,532.8099,531.81,534.6,12:49,531.7302,stop,0.2691,-19.7,-1.177,532.74,break above 532.73
2025-06-18,orb,QQQ,long,18,09:48,530.2595,529.2925,531.565,10:18,531.565,target,0.269,23.23,1.704,530.05,break above 530.03
2025-06-20,orb,QQQ,short,18,09:54,531.4603,532.5,529.2,10:24,529.2,target,0.2689,40.42,2.041,531.4,break below 531.49
2025-06-23,orb,QQQ,long,18,09:47,527.2591,525.6525,530.145,10:45,530.145,target,0.2683,51.68,1.917,527.15,break above 527.14
2025-06-24,orb,QQQ,long,18,09:48,538.0407,537.17,539.51,09:51,537.0894,stop,0.2717,-17.39,-1.239,537.95,break above 537.87
2025-06-25,orb,QQQ,short,18,09:52,542.0137,542.645,540.5,09:56,542.7414,stop,0.2742,-13.37,-1.039,541.93,break below 542.01
2025-06-26,orb,QQQ,short,18,09:51,541.7187,542.83,539.635,09:58,542.9114,stop,0.2741,-21.74,-1.134,541.765,break below 542.00
2025-06-27,orb,QQQ,long,18,09:56,548.6923,547.5025,550.135,13:46,547.4204,stop,0.2769,-23.17,-1.467,548.38,break above 548.05
2025-06-30,orb,QQQ,short,18,09:50,549.4926,550.5025,547.765,10:11,550.5851,stop,0.278,-19.94,-1.214,549.59,break below 549.72
2025-07-02,orb,QQQ,long,18,09:46,547.8522,546.79,549.73,10:36,549.73,target,0.2781,33.52,1.9,547.77,break above 547.41
2025-07-03,orb,QQQ,long,18,09:52,554.6732,553.8475,556.345,11:08,556.345,target,0.2814,29.81,1.989,554.68,break above 554.49
2025-07-07,orb,QQQ,short,18,10:57,552.0672,553.3925,549.965,12:00,553.4755,stop,0.2792,-25.63,-1.246,552.25,break below 552.53
2025-07-08,orb,QQQ,short,18,10:00,551.9922,552.8925,550.86,10:34,552.9754,stop,0.2792,-17.98,-1.474,552.215,break below 552.37
2025-07-09,orb,QQQ,long,17,09:46,556.8835,555.5,559.31,10:31,555.4167,stop,0.2653,-25.2,-1.167,556.77,break above 556.51
2025-07-10,orb,QQQ,short,17,09:46,555.6166,556.5,554.07,09:58,554.07,target,0.2654,26.03,1.89,555.69,break below 555.75
2025-07-11,orb,QQQ,long,18,09:58,554.4031,553.2375,556.305,11:15,553.087,stop,0.2798,-23.97,-1.302,554.26,break above 554.19
2025-07-14,orb,QQQ,long,18,10:22,555.0032,553.335,557.97,15:55,556.0166,time,0.2812,17.96,0.646,554.88,break above 554.76
2025-07-15,orb,QQQ,short,17,10:53,558.2463,559.6375,555.835,11:48,559.789,stop,0.2666,-26.49,-1.229,558.37,break below 558.54
2025-07-16,orb,QQQ,short,18,09:50,555.3167,556.5575,553.505,11:20,553.505,target,0.2809,32.33,1.765,555.54,break below 555.72
2025-07-17,orb,QQQ,long,17,09:47,558.7638,557.9325,560.055,10:48,560.06,target,0.2675,21.77,1.81,558.64,break above 558.60
2025-07-18,orb,QQQ,short,17,09:57,561.8957,562.645,561.1,10:00,562.7294,stop,0.2684,-14.44,-1.649,562.13,break below 562.14
2025-07-21,orb,QQQ,long,17,09:46,564.9547,563.1675,568.005,15:55,564.1654,time,0.2694,-13.69,-0.499,564.78,break above 564.25
2025-07-22,orb,QQQ,short,17,09:47,561.5758,563.265,558.21,15:55,561.5242,time,0.2682,0.61,0.021,561.58,break below 562.19
2025-07-23,orb,QQQ,short,17,09:46,560.006,561.435,557.355,11:53,561.6192,stop,0.2675,-27.69,-1.198,560.075,break below 560.51
2025-07-24,orb,QQQ,long,17,09:48,565.7448,564.755,567.53,09:54,564.6703,stop,0.2697,-18.54,-1.179,565.68,break above 565.63
2025-07-25,orb,QQQ,long,17,09:48,565.4198,564.845,566.48,11:30,566.48,target,0.2705,17.75,1.916,565.39,break above 565.32
2025-07-29,orb,QQQ,short,17,09:50,570.4744,571.415,567.98,11:26,567.9,target,0.2724,43.49,2.234,570.27,break below 570.74
2025-07-30,orb,QQQ,long,17,09:46,569.0203,567.98,570.8,09:54,567.8948,stop,0.2712,-19.41,-1.214,568.92,break above 568.69
2025-07-31,orb,QQQ,short,17,09:46,571.2543,573.05,567.98,09:54,573.136,stop,0.2728,-32.26,-1.123,571.36,break below 571.51
2025-08-01,orb,QQQ,short,18,09:46,554.1469,556.9725,548.985,10:33,557.056,stop,0.2803,-52.65,-1.098,554.31,break below 554.98
2025-08-04,orb,QQQ,long,17,09:46,562.0393,560.2625,565.355,15:55,563.9154,time,0.2693,31.62,1.096,561.96,break above 561.46
2025-08-05,orb,QQQ,long,17,09:46,566.2149,565.05,568.38,10:00,564.9652,stop,0.2698,-21.51,-1.14,566.16,break above 565.72
2025-08-06,orb,QQQ,long,17,09:49,562.8144,561.575,564.71,09:51,561.4908,stop,0.2682,-22.77,-1.282,562.62,break above 562.51
2025-08-07,orb,QQQ,short,17,09:46,571.1243,571.9925,569.525,09:50,572.0783,stop,0.2727,-16.49,-1.179,571.17,break below 571.26
2025-08-08,orb,QQQ,long,17,09:46,572.4859,571.16,575.12,15:55,574.3438,time,0.2743,31.31,1.395,572.48,break above 572.13
2025-08-11,orb,QQQ,long,17,09:59,575.3663,574.57,576.85,13:39,574.3838,stop,0.2743,-16.98,-1.314,575.33,break above 575.23
2025-08-12,orb,QQQ,short,17,09:49,574.4088,575.775,572.04,10:21,575.8614,stop,0.2743,-24.97,-1.18,574.53,break below 574.67
2025-08-13,orb,QQQ,short,17,09:56,582.0927,582.855,580.53,10:29,580.53,target,0.2779,26.29,1.995,582.08,break below 582.41
2025-08-14,orb,QQQ,long,17,09:48,580.177,578.88,582.27,11:26,578.6932,stop,0.2763,-25.5,-1.328,580.01,break above 579.84
2025-08-15,orb,QQQ,short,17,09:46,577.3884,578.895,574.71,10:14,578.9818,stop,0.2757,-27.36,-1.154,577.5,break below 578.00
2025-08-18,orb,QQQ,short,17,09:52,575.9636,577.02,574.02,10:22,577.1066,stop,0.275,-19.71,-1.159,576.02,break below 576.44
2025-08-19,orb,QQQ,short,17,09:47,573.6689,575.1775,570.79,10:04,575.2638,stop,0.2739,-27.39,-1.102,573.715,break below 573.93
2025-08-20,orb,QQQ,short,17,09:46,565.1952,567.07,561.82,09:56,561.82,target,0.2699,57.11,1.92,565.32,break below 565.82
2025-08-21,orb,QQQ,short,17,09:47,562.2357,563.945,560.39,09:48,564.0296,stop,0.2685,-30.77,-1.527,562.76,break below 562.90
2025-08-22,orb,QQQ,long,17,09:46,566.3849,564.67,569.38,09:57,564.5853,stop,0.2696,-30.86,-1.156,566.24,break above 566.00
2025-08-25,orb,QQQ,long,17,10:00,571.0456,570.05,572.63,11:12,572.63,target,0.2734,26.66,1.824,570.91,break above 570.90
2025-08-26,orb,QQQ,short,17,09:48,569.1246,570.26,567.74,09:53,570.3455,stop,0.2718,-21.03,-1.473,569.42,break below 569.68
2025-08-27,orb,QQQ,short,17,09:46,570.5944,571.595,568.85,09:55,571.7057,stop,0.2725,-19.17,-1.232,570.68,break below 570.99
2025-08-28,orb,QQQ,short,17,09:51,573.549,575.21,570.665,10:40,575.2963,stop,0.2739,-29.98,-1.164,573.695,break below 573.91
2025-08-29,orb,QQQ,short,17,09:46,572.4841,574.095,569.715,10:08,569.715,target,0.2734,46.8,1.886,572.635,break below 573.21
2025-09-02,orb,QQQ,long,17,09:47,563.3495,561.355,567.43,11:18,561.2458,stop,0.2681,-36.03,-1.047,563.38,break above 563.17
2025-09-03,orb,QQQ,short,17,09:49,567.9848,568.8075,566.415,09:50,568.9153,stop,0.2713,-16.09,-1.187,568.01,break below 568.11
2025-09-04,orb,QQQ,short,17,10:03,570.1145,571.275,568.08,10:31,571.3607,stop,0.2723,-21.46,-1.185,570.21,break below 570.24
2025-09-05,orb,QQQ,short,17,10:01,579.0931,580.0475,577.505,10:15,577.49,target,0.2765,26.98,1.872,579.2,break below 579.24
2025-09-08,orb,QQQ,long,17,09:50,579.982,579.095,581.51,10:20,578.9931,stop,0.2765,-17.09,-1.249,579.9,break above 579.82
2025-09-10,orb,QQQ,short,17,09:52,581.6427,582.78,579.33,10:03,582.8674,stop,0.2777,-21.1,-1.079,581.63,break below 581.82
2025-09-11,orb,QQQ,long,17,10:08,583.8976,582.68,585.74,10:16,582.5926,stop,0.2782,-22.46,-1.295,583.7,break above 583.69
2025-09-12,orb,QQQ,long,17,10:22,585.7929,584.83,587.38,14:39,587.38,target,0.2804,26.7,1.848,585.68,break above 585.54
2025-09-15,orb,QQQ,long,16,09:50,589.7735,588.97,591.025,11:57,591.025,target,0.2655,19.76,1.803,589.655,break above 589.63
2025-09-16,orb,QQQ,short,16,09:46,591.6112,592.265,590.48,15:55,591.7187,time,0.2658,-1.99,-0.209,591.67,break below 591.71
2025-09-17,orb,QQQ,short,16,09:46,589.6615,590.66,587.72,09:50,590.7486,stop,0.2649,-17.66,-1.126,589.68,break below 589.78
2025-09-18,orb,QQQ,short,16,09:46,593.151,594.705,590.46,09:50,594.7942,stop,0.2665,-26.56,-1.173,593.29,break below 593.71
2025-09-19,orb,QQQ,long,16,09:50,598.0047,597.115,599.425,10:20,597.0254,stop,0.2682,-15.94,-1.294,597.885,break above 597.63
2025-09-22,orb,QQQ,long,16,09:50,598.9198,598.2725,599.975,10:36,599.975,target,0.2695,16.61,1.83,598.84,break above 598.78
2025-09-23,orb,QQQ,short,16,09:57,600.9598,601.73,599.315,13:27,599.315,target,0.27,26.05,2.022,600.925,break below 600.98
2025-09-24,orb,QQQ,short,16,09:50,597.5254,598.9375,595.315,11:56,595.29,target,0.2684,35.5,1.837,597.73,break below 598.10
2025-09-25,orb,QQQ,long,16,10:11,592.3588,590.295,596.25,14:00,590.2065,stop,0.2652,-34.7,-1.093,592.28,break above 592.07
2025-09-26,orb,QQQ,long,16,10:01,596.0494,594.375,599.1,10:06,594.2858,stop,0.267,-28.48,-1.13,595.95,break above 595.70
2025-09-29,orb,QQQ,long,16,09:46,601.0651,599.845,603.205,11:15,599.755,stop,0.2694,-21.23,-1.185,600.965,break above 600.61
2025-09-30,orb,QQQ,short,16,09:55,596.2505,597.6225,593.955,09:59,597.7121,stop,0.2679,-23.65,-1.209,596.4,break below 596.59
2025-10-01,orb,QQQ,short,16,09:50,596.3805,597.8875,593.935,09:56,597.9772,stop,0.2679,-25.81,-1.225,596.57,break below 596.73
2025-10-02,orb,QQQ,short,16,09:50,603.6544,605.625,600.105,13:42,605.7158,stop,0.2712,-33.25,-1.13,603.785,break below 604.09
2025-10-03,orb,QQQ,short,16,09:56,606.1041,606.73,604.96,10:01,604.96,target,0.2723,18.03,1.91,606.14,break below 606.22
2025-10-07,orb,QQQ,short,16,10:05,608.4387,609.1525,607.585,10:07,609.2439,stop,0.2733,-13.16,-1.574,608.63,break below 608.66
2025-10-08,orb,QQQ,long,16,09:48,607.2711,606.1675,608.845,10:11,608.845,target,0.2735,24.91,1.744,607.06,break above 607.03
2025-10-09,orb,QQQ,short,16,10:23,609.7535,610.69,607.84,13:28,607.84,target,0.2739,30.34,1.996,609.74,break below 609.80
2025-10-10,orb,QQQ,long,16,09:46,613.177,612.0,614.91,09:50,611.9082,stop,0.2748,-20.58,-1.326,612.97,break above 612.80
2025-10-13,orb,QQQ,long,16,09:51,600.37,598.7125,603.655,10:51,598.6227,stop,0.2689,-28.23,-1.071,600.36,break above 600.09
2025-10-14,orb,QQQ,long,16,10:21,595.6693,592.83,600.84,12:21,600.84,target,0.2699,82.46,1.93,595.5,break above 595.32
2025-10-15,orb,QQQ,short,16,09:49,601.7397,603.06,599.28,09:52,603.2305,stop,0.2703,-24.12,-1.197,601.8,break below 602.08
2025-10-16,orb,QQQ,long,16,09:46,606.941,605.755,608.17,09:48,605.5642,stop,0.272,-22.3,-1.732,606.56,break above 606.52
2025-10-17,orb,QQQ,long,16,09:54,600.4501,598.135,605.56,11:15,597.9003,stop,0.2686,-41.06,-1.037,600.61,break above 599.80
2025-10-20,orb,QQQ,long,16,09:50,609.7915,608.36,612.62,13:19,612.62,target,0.2751,44.98,1.98,609.78,break above 609.64
2025-10-21,orb,QQQ,short,16,09:49,609.8085,610.855,607.705,10:19,610.9466,stop,0.2739,-18.48,-1.1,609.805,break below 610.00
2025-10-22,orb,QQQ,long,16,09:52,611.1917,609.78,613.44,10:13,609.6885,stop,0.2738,-24.32,-1.246,611.0,break above 610.91
2025-10-23,orb,QQQ,long,16,09:46,607.4411,605.61,610.83,13:38,610.83,target,0.2744,53.95,1.938,607.35,break above 606.61
2025-10-24,orb,QQQ,long,16,10:08,617.7326,616.35,620.16,10:30,616.2575,stop,0.2768,-23.88,-1.175,617.62,break above 617.48
2025-10-27,orb,QQQ,long,15,10:02,625.6638,624.7775,627.215,10:22,624.6838,stop,0.263,-14.96,-1.228,625.59,break above 625.50
2025-10-28,orb,QQQ,short,15,09:49,630.2854,630.725,628.865,09:56,630.8196,stop,0.2653,-8.28,-0.89,630.105,break below 630.15
2025-10-30,orb,QQQ,long,15,09:55,632.2348,629.91,638.22,10:23,629.8155,stop,0.2651,-36.55,-0.88,632.68,break above 632.01
2025-10-31,orb,QQQ,short,15,09:46,631.4953,633.08,629.21,10:41,633.175,stop,0.2658,-25.46,-1.316,631.79,break below 631.96
2025-11-03,orb,QQQ,short,15,09:50,632.985,634.52,630.41,10:28,630.41,target,0.2664,38.36,1.867,633.15,break below 633.26
2025-11-04,orb,QQQ,long,16,09:51,624.8337,622.8,627.84,12:06,622.7066,stop,0.2796,-34.31,-1.277,624.48,break above 624.19
2025-11-05,orb,QQQ,long,16,09:48,619.983,618.29,623.15,10:48,623.15,target,0.2798,50.39,1.944,619.91,break above 619.31
2025-11-06,orb,QQQ,short,16,09:52,619.1371,620.825,616.1,10:02,616.1,target,0.278,48.32,1.917,619.25,break below 619.73
2025-11-07,orb,QQQ,short,16,10:07,603.0395,606.02,597.17,10:11,606.1109,stop,0.2709,-49.41,-1.047,603.07,break below 603.72
2025-11-10,orb,QQQ,long,16,09:47,621.5332,619.9875,624.135,10:50,619.8945,stop,0.2784,-26.5,-1.198,621.37,break above 621.35
2025-11-11,orb,QQQ,short,16,09:50,619.867,620.87,618.26,09:57,620.9631,stop,0.2784,-17.82,-1.28,620.0,break below 620.20
2025-11-12,orb,QQQ,short,16,09:47,620.2769,623.14,615.58,15:55,621.0031,time,0.2786,-11.9,-0.295,620.62,break below 621.44
2025-11-13,orb,QQQ,short,15,10:46,612.1582,615.5525,605.96,15:55,607.2411,time,0.2578,73.5,1.532,612.355,break below 612.99
2025-11-14,orb,QQQ,long,15,09:47,603.2705,599.86,609.685,10:46,609.685,target,0.2567,95.96,1.953,603.135,break above 602.49
2025-11-17,orb,QQQ,long,16,09:47,611.3317,608.2675,617.095,10:09,608.1588,stop,0.2732,-51.04,-1.084,611.21,break above 611.16
2025-11-18,orb,QQQ,short,16,09:48,597.3904,599.995,592.57,11:01,592.57,target,0.2684,76.86,1.941,597.52,break below 597.98
2025-11-19,orb,QQQ,long,16,09:46,600.8101,598.49,604.805,10:06,604.805,target,0.2717,63.65,1.89,600.595,break above 600.58
2025-11-20,orb,QQQ,long,16,09:48,613.0319,611.2375,615.865,10:07,611.1458,stop,0.2745,-30.45,-1.234,612.78,break above 612.25
2025-11-21,orb,QQQ,short,17,09:46,586.0521,587.7725,582.755,09:48,587.8607,stop,0.2798,-31.03,-1.091,586.1,break below 586.34
2025-11-24,orb,QQQ,long,16,10:03,600.4301,597.6425,605.705,14:08,605.705,target,0.2721,84.13,1.956,600.33,break above 600.05
2025-11-25,orb,QQQ,short,16,09:46,599.2501,602.1675,594.0,09:59,602.3103,stop,0.2692,-49.23,-1.13,599.445,break below 600.29
2025-11-26,orb,QQQ,long,16,09:51,613.8121,612.67,615.64,09:52,612.5781,stop,0.2751,-20.02,-1.264,613.66,break above 613.60
2025-11-28,orb,QQQ,long,16,11:07,617.8227,616.505,620.06,11:27,616.3575,stop,0.2768,-23.72,-1.251,617.69,break above 617.56
2025-12-01,orb,QQQ,long,16,09:53,615.5223,613.87,617.98,11:46,617.98,target,0.2775,39.05,1.781,615.24,break above 615.17
2025-12-02,orb,QQQ,long,16,10:01,622.6934,620.6875,626.095,10:30,620.5944,stop,0.2787,-33.86,-1.174,622.49,break above 622.34
2025-12-03,orb,QQQ,short,16,09:54,618.4172,619.5575,616.025,09:57,619.7479,stop,0.2777,-21.57,-1.145,618.38,break below 618.59
2025-12-04,orb,QQQ,short,16,10:00,621.0068,623.08,617.26,10:42,623.1735,stop,0.2789,-34.94,-1.126,621.14,break below 621.22
2025-12-05,orb,QQQ,long,15,09:54,627.084,625.4725,630.025,10:56,625.3787,stop,0.2633,-25.84,-1.135,626.99,break above 626.69
2025-12-08,orb,QQQ,short,15,09:49,625.7061,627.77,622.565,12:26,622.565,target,0.2634,46.85,1.8,626.035,break below 626.74
2025-12-09,orb,QQQ,long,16,10:03,624.3136,622.76,627.14,15:55,624.8263,time,0.2806,7.92,0.339,624.22,break above 623.86
2025-12-10,orb,QQQ,long,16,09:48,624.3036,623.075,626.69,09:55,622.9815,stop,0.2798,-21.43,-1.112,624.28,break above 624.20
2025-12-11,orb,QQQ,short,16,09:46,621.7067,622.8575,619.565,09:50,619.565,target,0.2792,33.99,1.936,621.76,break below 621.76
2025-12-12,orb,QQQ,short,16,09:49,621.0968,622.47,618.24,10:22,618.24,target,0.2789,45.43,2.014,621.06,break below 621.42
2025-12-15,orb,QQQ,short,16,09:46,614.9078,616.9,611.92,10:18,611.92,target,0.2762,47.53,1.789,615.24,break below 615.48
2025-12-16,orb,QQQ,long,16,09:51,611.8318,609.415,615.79,10:16,609.3236,stop,0.2737,-40.4,-1.188,611.54,break above 611.01
2025-12-17,orb,QQQ,short,16,09:47,609.1586,611.945,603.53,11:15,603.53,target,0.2736,89.78,2.001,609.14,break below 610.26
2025-12-18,orb,QQQ,long,16,10:29,611.2017,609.11,615.11,12:10,609.0186,stop,0.2735,-35.2,-1.1,611.11,break above 610.91
2025-12-19,orb,QQQ,long,16,09:46,616.4275,614.075,620.81,15:55,617.1674,time,0.2772,11.56,0.322,616.32,break above 616.28
2025-12-22,orb,QQQ,short,16,10:36,618.2073,620.205,614.67,15:55,619.5129,time,0.2776,-21.17,-0.717,618.36,break below 618.79
2025-12-23,orb,QQQ,long,16,09:48,620.4881,619.19,623.12,09:56,619.0971,stop,0.278,-22.53,-1.075,620.5,break above 620.32
2025-12-24,orb,QQQ,long,16,10:13,622.8984,622.2925,623.785,10:24,622.1992,stop,0.2794,-11.47,-1.441,622.79,break above 622.76
2025-12-26,orb,QQQ,short,16,10:02,623.4365,624.6525,621.105,10:35,624.7462,stop,0.28,-21.24,-1.122,623.47,break below 623.87
2025-12-30,orb,QQQ,long,16,09:50,620.9431,620.1825,622.185,10:11,620.0895,stop,0.2785,-13.94,-1.305,620.85,break above 620.78
2025-12-31,orb,QQQ,short,16,09:46,617.5574,618.9575,614.915,15:28,614.915,target,0.2773,42.0,1.948,617.61,break below 618.05
2026-01-02,orb,QQQ,long,16,09:48,621.8283,620.04,625.32,10:10,619.947,stop,0.2784,-30.38,-1.079,621.8,break above 621.15
2026-01-05,orb,QQQ,long,16,10:29,620.163,618.4,623.41,13:07,618.3072,stop,0.2777,-29.97,-1.122,620.07,break above 619.96
2026-01-06,orb,QQQ,long,16,09:46,620.7631,619.375,622.615,11:07,619.2821,stop,0.2781,-23.97,-1.387,620.455,break above 620.14
2026-01-07,orb,QQQ,long,16,09:47,624.9637,623.675,627.17,10:01,623.5814,stop,0.28,-22.4,-1.202,624.84,break above 624.77
2026-01-08,orb,QQQ,short,16,10:00,618.4072,621.1425,613.92,10:28,621.2357,stop,0.2777,-45.53,-1.182,618.735,break below 618.88
2026-01-09,orb,QQQ,short,16,10:09,619.4771,621.545,614.96,10:12,621.6382,stop,0.2782,-34.86,-0.993,619.35,break below 619.87
2026-01-12,orb,QQQ,long,15,09:51,626.2089,623.995,630.16,15:55,627.4959,time,0.2642,19.04,0.618,626.05,break above 625.68
2026-01-13,orb,QQQ,short,15,10:03,626.1111,628.1725,622.57,11:47,628.2667,stop,0.2636,-32.6,-1.164,626.305,break below 626.88
2026-01-14,orb,QQQ,short,16,09:46,619.2171,621.445,615.43,11:51,615.43,target,0.2781,60.32,1.88,619.44,break below 619.46
2026-01-15,orb,QQQ,short,16,09:52,624.8063,625.975,622.63,09:54,626.0689,stop,0.2806,-20.48,-1.148,624.86,break below 624.92
2026-01-16,orb,QQQ,short,16,09:50,624.3563,625.19,622.28,09:59,622.28,target,0.2804,32.94,2.122,624.22,break below 624.38
2026-01-20,orb,QQQ,long,16,09:52,613.492,611.85,616.5,10:02,611.7582,stop,0.2748,-28.02,-1.13,613.4,break above 613.21
2026-01-21,orb,QQQ,long,16,09:46,609.9315,608.96,612.035,09:56,612.035,target,0.2749,33.38,2.035,609.985,break above 609.98
2026-01-22,orb,QQQ,short,16,09:47,619.3971,621.055,616.375,11:22,621.1482,stop,0.2782,-28.3,-1.134,619.495,break below 619.70
2026-01-23,orb,QQQ,long,16,09:59,620.9531,619.69,622.99,10:22,622.99,target,0.2798,32.31,1.836,620.79,break above 620.67
2026-01-26,orb,QQQ,long,15,09:46,625.1238,623.62,628.42,15:55,625.7661,time,0.2634,9.37,0.391,625.22,break above 625.03
2026-01-27,orb,QQQ,long,15,09:54,630.0645,628.46,632.9,15:55,631.0353,time,0.2656,14.3,0.644,629.94,break above 629.55
2026-01-28,orb,QQQ,short,15,10:33,634.3048,635.45,632.6,11:42,632.6,target,0.267,25.31,1.776,634.5,break below 634.52
2026-01-29,orb,QQQ,short,15,09:46,628.1058,630.89,622.37,10:32,622.37,target,0.2644,85.77,2.013,628.05,break below 628.24
2026-01-30,orb,QQQ,short,15,10:00,625.4312,626.69,621.965,10:06,626.784,stop,0.2633,-20.56,-0.87,625.115,break below 625.23
2026-02-02,orb,QQQ,long,16,09:49,623.4935,620.9625,628.275,12:56,628.275,target,0.2821,76.22,1.954,623.4,break above 623.24
2026-02-03,orb,QQQ,short,16,09:55,623.0265,625.87,617.86,10:24,617.86,target,0.2798,82.38,1.928,623.2,break below 623.25
2026-02-04,orb,QQQ,short,16,09:59,610.3284,613.185,604.89,11:46,604.89,target,0.2741,86.74,1.961,610.42,break below 611.31
2026-02-05,orb,QQQ,short,13,10:11,597.1504,600.765,589.98,11:30,600.8551,stop,0.218,-48.38,-1.035,597.17,break below 597.35
2026-02-06,orb,QQQ,long,16,09:46,604.5107,601.545,609.72,10:02,601.4548,stop,0.2702,-49.16,-1.128,604.27,break above 604.21
2026-02-09,orb,QQQ,long,16,09:47,610.5216,607.4425,616.375,14:33,616.375,target,0.2768,93.38,1.96,610.42,break above 609.73
2026-02-10,orb,QQQ,long,16,10:07,616.7875,614.3625,621.27,11:22,614.2703,stop,0.2759,-40.55,-1.101,616.665,break above 616.06
2026-02-11,orb,QQQ,short,16,09:58,613.8479,616.025,610.73,10:12,610.73,target,0.2757,49.61,1.757,614.26,break below 614.55
2026-02-12,orb,QQQ,short,16,09:46,612.6981,614.755,609.73,10:38,609.73,target,0.2752,47.21,1.762,613.08,break below 613.73
2026-02-13,orb,QQQ,long,16,09:46,601.9903,599.1125,607.22,09:52,599.0226,stop,0.2691,-47.75,-1.104,601.815,break above 601.65
2026-02-17,orb,QQQ,short,15,09:51,596.4605,599.7775,590.245,11:08,599.8675,stop,0.2512,-51.36,-1.077,596.6,break below 597.55
2026-02-18,orb,QQQ,long,16,09:46,603.7505,602.17,606.79,09:48,602.0797,stop,0.2705,-27.0,-1.096,603.71,break above 603.52
2026-02-19,orb,QQQ,long,16,09:54,604.1206,602.545,607.12,11:49,602.4546,stop,0.2706,-26.93,-1.104,604.07,break above 603.95
2026-02-20,orb,QQQ,long,15,09:47,605.9109,602.545,612.31,15:55,608.1888,time,0.2561,33.91,0.695,605.8,break above 605.70
2026-02-23,orb,QQQ,short,16,09:46,603.7894,606.065,599.75,09:51,606.1559,stop,0.2712,-38.14,-1.132,603.96,break below 604.19
2026-02-24,orb,QQQ,long,16,09:46,605.3308,602.38,610.84,15:55,608.0238,time,0.2731,42.81,0.949,605.2,break above 604.95
2026-02-25,orb,QQQ,long,16,09:46,614.4822,612.46,618.31,15:55,616.4475,time,0.2769,31.17,0.999,614.41,break above 613.89
2026-02-26,orb,QQQ,short,16,09:49,612.3481,614.17,609.25,10:14,609.25,target,0.275,49.3,1.879,612.53,break below 612.80
2026-02-27,orb,QQQ,long,16,09:49,605.6808,603.695,609.35,15:55,607.0189,time,0.2727,21.14,0.701,605.58,break above 605.19
2026-03-02,orb,QQQ,long,13,09:50,604.9707,601.365,612.24,15:55,608.4587,time,0.2221,45.12,0.957,604.99,break above 604.70
2026-03-03,orb,QQQ,short,16,09:50,595.4107,597.515,591.59,11:13,597.6046,stop,0.2675,-35.37,-1.119,595.54,break below 595.70
2026-03-04,orb,QQQ,short,16,09:46,604.0294,605.36,600.125,09:47,605.4508,stop,0.2713,-23.01,-0.824,603.615,break below 603.82
2026-03-05,orb,QQQ,long,16,09:52,611.2617,609.1,615.16,10:22,609.0086,stop,0.2735,-36.32,-1.124,611.12,break above 610.75
2026-03-06,orb,QQQ,long,16,10:01,602.1303,600.02,605.42,10:10,599.93,stop,0.2695,-35.47,-1.232,601.82,break above 601.48
2026-03-09,orb,QQQ,short,16,09:46,592.4111,594.405,588.09,10:03,594.4942,stop,0.2662,-33.59,-0.997,592.3,break below 592.43
2026-03-10,orb,QQQ,short,16,09:58,607.3389,608.6675,604.28,10:30,608.7588,stop,0.2728,-22.99,-0.983,607.205,break below 607.44
2026-03-11,orb,QQQ,short,16,09:51,608.6887,609.96,606.24,09:58,610.0515,stop,0.2734,-22.08,-1.113,608.72,break below 609.07
2026-03-12,orb,QQQ,short,16,09:46,601.3998,603.05,598.79,10:32,598.79,target,0.2702,41.49,1.826,601.63,break below 602.00
2026-03-13,orb,QQQ,long,16,09:46,603.5405,600.85,608.32,10:08,600.7599,stop,0.2699,-44.76,-1.123,603.34,break above 602.71
2026-03-16,orb,QQQ,long,16,09:46,601.5702,600.385,604.03,10:34,600.2949,stop,0.2697,-20.67,-1.063,601.6,break above 601.46
2026-03-17,orb,QQQ,long,16,09:46,605.3008,603.69,608.25,10:15,603.5994,stop,0.2711,-27.49,-1.13,605.21,break above 604.95
2026-03-18,orb,QQQ,long,16,09:47,603.1705,601.925,605.36,09:51,601.8347,stop,0.2704,-21.64,-1.181,603.07,break above 602.87
2026-03-19,orb,QQQ,long,16,09:50,590.1985,588.6025,593.545,13:09,588.5142,stop,0.2644,-27.21,-1.032,590.25,break above 590.09
2026-03-20,orb,QQQ,short,17,09:51,588.0818,589.875,584.73,13:32,584.73,target,0.2807,56.7,1.945,588.16,break below 588.61
2026-03-23,orb,QQQ,long,16,09:50,592.4989,590.6625,595.845,11:46,590.5739,stop,0.2653,-31.06,-1.124,592.39,break above 592.25
2026-03-24,orb,QQQ,long,17,10:57,586.3479,584.15,590.78,10:59,584.0624,stop,0.2788,-39.13,-1.042,586.36,break above 586.23
2026-03-25,orb,QQQ,short,16,09:50,588.5817,590.18,585.92,10:20,590.2685,stop,0.2645,-27.25,-1.2,588.76,break below 589.03
2026-03-26,orb,QQQ,long,17,09:46,583.0674,581.5425,585.885,10:46,581.4553,stop,0.2776,-27.68,-1.125,582.99,break above 582.61
2026-03-27,orb,QQQ,short,17,09:54,567.7548,569.445,564.93,11:31,569.5304,stop,0.2711,-30.46,-1.19,567.94,break below 567.97
2026-03-30,orb,QQQ,short,17,09:47,563.9654,566.06,559.43,13:32,559.43,target,0.2694,76.83,2.045,563.85,break below 564.13
2026-03-31,orb,QQQ,long,17,09:47,566.695,565.305,569.16,10:33,569.16,target,0.2718,41.63,1.906,566.59,break above 566.33
2026-04-01,orb,QQQ,long,17,10:23,584.2776,582.275,588.02,15:55,584.1524,time,0.2789,-2.41,-0.074,584.19,break above 584.00
2026-04-02,orb,QQQ,long,17,09:54,575.7113,573.58,579.58,10:21,579.58,target,0.2767,65.49,1.926,575.58,break above 575.22
2026-04-06,orb,QQQ,long,16,09:47,588.2582,587.19,591.39,10:04,587.1019,stop,0.2638,-18.76,-0.838,588.59,break above 588.56
2026-04-07,orb,QQQ,short,17,09:47,584.1024,585.64,581.32,10:05,581.32,target,0.2789,47.02,1.921,584.2,break below 584.37
2026-04-08,orb,QQQ,short,16,09:52,605.8441,607.935,601.605,15:55,605.0908,time,0.2721,11.78,0.349,605.825,break below 606.02
2026-04-09,orb,QQQ,short,16,09:55,604.3093,605.56,602.32,11:14,605.6508,stop,0.2715,-21.74,-1.258,604.48,break below 604.52
2026-04-10,orb,QQQ,short,16,10:02,611.0683,612.215,609.11,10:19,612.3068,stop,0.2745,-20.09,-1.213,611.18,break below 611.34
2026-04-13,orb,QQQ,short,16,09:46,608.4087,609.21,606.795,09:48,609.3014,stop,0.2733,-14.56,-1.13,608.405,break below 608.53
2026-04-14,orb,QQQ,long,16,09:46,622.7034,621.44,625.07,11:39,625.07,target,0.2807,37.59,1.941,622.65,break above 622.52
2026-04-15,orb,QQQ,long,15,09:58,630.0745,629.105,632.06,10:32,632.06,target,0.2661,29.52,1.998,630.09,break above 630.00
2026-04-16,orb,QQQ,short,15,09:52,636.4645,638.24,633.5,10:45,638.3357,stop,0.2679,-28.34,-1.196,636.66,break below 636.98
2026-04-17,orb,QQQ,long,15,09:52,646.3969,645.1875,649.125,10:48,649.125,target,0.2732,40.65,2.065,646.5,break above 646.22
2026-04-20,orb,QQQ,short,15,09:50,646.263,647.6325,643.965,09:55,647.7296,stop,0.272,-22.27,-1.215,646.41,break below 646.52
2026-04-21,orb,QQQ,long,15,10:01,649.4874,647.77,652.225,10:51,647.6728,stop,0.2726,-27.49,-1.234,649.255,break above 649.06
2026-04-22,orb,QQQ,long,15,10:02,650.6326,649.52,652.67,10:06,649.4226,stop,0.2733,-18.42,-1.17,650.57,break above 650.40
2026-04-23,orb,QQQ,long,15,09:47,655.0482,653.66,657.575,09:59,653.562,stop,0.275,-22.57,-1.153,654.965,break above 654.81
2026-04-24,orb,QQQ,short,15,09:55,657.4614,658.69,655.3,10:09,658.7888,stop,0.2767,-20.19,-1.191,657.56,break below 657.73
2026-04-27,orb,QQQ,short,15,09:48,662.0407,662.9625,659.535,09:55,663.0619,stop,0.2786,-15.6,-0.91,661.82,break below 662.08
2026-04-28,orb,QQQ,long,15,09:49,659.6189,657.45,663.72,09:55,657.3514,stop,0.2766,-34.29,-1.094,659.54,break above 659.35
2026-04-29,orb,QQQ,long,15,09:51,658.9388,657.8175,660.915,10:36,660.915,target,0.2781,29.36,1.896,658.85,break above 658.82
2026-04-30,orb,QQQ,short,15,09:53,659.911,662.8175,654.425,11:00,662.9169,stop,0.2777,-45.37,-1.081,660.02,break below 660.25
2026-05-01,orb,QQQ,long,14,09:51,673.326,670.94,677.39,15:55,674.1889,time,0.2647,11.82,0.393,673.09,break above 672.99
2026-05-04,orb,QQQ,long,14,09:48,675.3913,674.43,677.13,11:14,674.3288,stop,0.2648,-15.14,-1.202,675.33,break above 675.22
2026-05-05,orb,QQQ,long,14,09:46,680.6271,678.91,683.86,15:55,681.1278,time,0.2674,6.74,0.292,680.56,break above 680.08
2026-05-06,orb,QQQ,long,14,09:55,690.3435,688.2,694.89,10:06,688.0968,stop,0.2701,-31.72,-1.016,690.43,break above 689.91
2026-05-07,orb,QQQ,short,14,09:46,695.4857,696.67,693.49,09:53,696.7845,stop,0.273,-18.46,-1.244,695.61,break below 696.01
2026-05-08,orb,QQQ,long,14,09:46,703.8856,701.225,708.98,13:01,708.98,target,0.2783,71.04,1.963,703.81,break above 702.73
2026-05-11,orb,QQQ,short,14,10:30,709.6535,711.7,705.97,10:40,711.8068,stop,0.2785,-30.42,-1.138,709.79,break below 709.94
2026-05-12,orb,QQQ,short,14,09:59,706.269,708.2575,701.935,10:19,708.3637,stop,0.2772,-29.6,-1.003,706.15,break below 706.64
2026-05-13,orb,QQQ,short,14,09:46,706.9389,708.6475,704.425,10:23,708.7538,stop,0.2775,-25.69,-1.303,707.24,break below 707.34
2026-05-14,orb,QQQ,long,13,09:46,719.1929,716.25,724.44,09:59,716.1426,stop,0.261,-39.91,-1.125,718.98,break above 718.26
2026-05-15,orb,QQQ,short,14,09:46,706.294,708.715,701.8,09:50,708.8213,stop,0.2772,-35.66,-1.105,706.41,break below 707.10
2026-05-18,orb,QQQ,short,14,09:47,707.1439,709.5225,703.005,09:52,709.6289,stop,0.2775,-35.07,-1.153,707.35,break below 707.41
2026-05-19,orb,QQQ,short,14,10:06,699.4151,702.485,694.73,12:39,702.5904,stop,0.2745,-44.73,-1.236,699.9,break below 699.94
2026-05-20,orb,QQQ,long,14,09:47,707.9912,705.725,713.03,09:51,705.6191,stop,0.277,-33.49,-0.982,708.16,break above 707.24
2026-05-21,orb,QQQ,long,14,09:55,711.0866,709.095,713.34,10:15,708.9886,stop,0.2783,-29.65,-1.497,710.51,break above 710.24
2026-05-22,orb,QQQ,short,13,10:03,717.8023,719.43,713.82,10:44,719.5379,stop,0.2616,-22.82,-0.939,717.56,break below 717.57
2026-05-26,orb,QQQ,long,13,09:46,727.5091,725.555,731.12,10:37,731.12,target,0.2664,46.68,1.936,727.41,break above 726.78
2026-05-27,orb,QQQ,short,13,09:47,727.4709,730.35,721.71,10:02,730.4596,stop,0.2651,-39.12,-1.045,727.47,break below 727.55
2026-05-28,orb,QQQ,short,13,09:48,726.841,729.07,722.86,10:08,729.1794,stop,0.2648,-30.66,-1.14,727.0,break below 727.06
2026-05-29,orb,QQQ,long,13,09:46,739.851,738.665,741.8,10:17,738.5542,stop,0.2691,-17.13,-1.261,739.71,break above 739.67
2026-06-01,orb,QQQ,short,13,10:00,736.2395,738.1375,732.73,10:16,738.2482,stop,0.2682,-26.38,-1.126,736.335,break below 736.36
2026-06-02,orb,QQQ,long,13,09:54,742.9814,740.93,747.29,15:55,745.8081,time,0.2717,36.48,1.323,743.05,break above 742.61
2026-06-03,orb,QQQ,short,13,09:46,743.4985,746.275,739.0,10:29,746.3869,stop,0.2709,-37.82,-1.2,743.85,break below 744.12
2026-06-04,orb,QQQ,short,13,09:46,733.6699,736.005,729.48,09:51,736.1154,stop,0.2673,-32.06,-1.134,733.83,break below 734.23
2026-06-05,orb,QQQ,short,13,09:46,726.881,729.55,722.02,11:22,722.02,target,0.2649,62.93,1.929,727.04,break below 727.48
2026-06-08,orb,QQQ,short,14,09:58,714.1529,717.095,708.59,10:26,717.2026,stop,0.2803,-42.98,-1.083,714.26,break below 714.99
2026-06-09,orb,QQQ,long,13,09:46,724.3386,722.14,727.93,09:57,722.0317,stop,0.2631,-30.25,-1.206,724.07,break above 723.78
2026-06-10,orb,QQQ,long,12,09:48,707.7611,703.585,715.66,10:56,703.4795,stop,0.2367,-51.62,-1.069,707.61,break above 707.42
2026-06-11,orb,QQQ,long,14,09:46,700.9451,698.5425,705.645,10:01,705.645,target,0.277,65.52,1.977,700.91,break above 700.21
2026-06-12,orb,QQQ,short,14,09:46,711.3833,714.84,704.805,09:57,714.9472,stop,0.2792,-50.17,-1.071,711.495,break below 712.01
2026-06-15,orb,QQQ,long,13,09:46,740.7111,738.88,744.31,12:01,744.31,target,0.2712,46.51,1.977,740.69,break above 740.34
2026-06-16,orb,QQQ,long,13,09:47,743.6115,742.14,746.04,09:59,742.0287,stop,0.2703,-20.85,-1.234,743.44,break above 743.42
2026-06-17,orb,QQQ,short,13,09:58,731.5602,733.7225,727.175,10:16,733.9551,stop,0.2665,-31.4,-1.107,731.54,break below 732.17
2026-06-18,orb,QQQ,long,13,10:24,738.3707,735.1,744.07,10:30,734.9897,stop,0.2678,-44.22,-1.138,738.09,break above 737.60
2026-06-22,orb,QQQ,long,13,10:00,744.6617,742.455,748.74,10:20,742.3436,stop,0.2704,-30.41,-1.116,744.55,break above 744.41
2026-06-23,orb,QQQ,long,13,09:48,718.2977,715.565,723.23,10:20,723.23,target,0.2635,63.86,1.923,718.12,break above 717.77
2026-06-24,orb,QQQ,short,14,09:49,712.3831,715.605,705.36,09:50,715.7123,stop,0.2796,-46.89,-0.981,712.19,break below 712.81
2026-06-25,orb,QQQ,short,7,09:46,714.8628,721.43,701.96,15:55,715.0472,time,0.1403,-1.43,-0.032,714.94,break below 716.22
2026-06-26,orb,QQQ,long,14,09:57,708.5163,705.1575,714.495,11:39,714.495,target,0.2804,83.42,1.914,708.27,break above 707.37
2026-06-29,orb,QQQ,long,13,09:46,717.7376,714.735,724.86,09:56,714.6278,stop,0.2604,-40.69,-0.927,718.11,break above 717.50
2026-06-30,orb,QQQ,long,13,09:52,730.1195,726.665,736.58,13:09,736.61,target,0.2684,84.11,1.958,729.97,break above 729.33
2026-07-01,orb,QQQ,long,13,10:00,730.3395,727.6675,735.175,10:45,727.5583,stop,0.2651,-36.42,-1.12,730.17,break above 729.70
2026-07-02,orb,QQQ,long,13,09:50,728.0942,726.14,732.41,10:21,726.0311,stop,0.2645,-27.09,-0.997,728.23,break above 728.21
2026-07-06,orb,QQQ,long,13,09:46,722.7484,720.395,727.07,15:55,723.0215,time,0.2635,3.29,0.114,722.62,break above 722.21
2026-07-07,orb,QQQ,short,14,09:53,711.4133,713.9925,707.055,10:24,707.0,target,0.2792,61.51,1.9,711.68,break below 711.72
2026-07-08,orb,QQQ,long,14,09:47,709.7765,707.08,714.52,10:11,706.9089,stop,0.2775,-40.42,-1.164,709.56,break above 709.22
2026-07-09,orb,QQQ,long,13,09:46,721.7182,718.915,726.13,10:15,718.8072,stop,0.2619,-38.11,-1.219,721.32,break above 721.23
2026-07-10,orb,QQQ,long,13,09:50,723.4585,721.495,726.82,10:21,721.3868,stop,0.2629,-27.2,-1.179,723.27,break above 723.14
2026-07-13,orb,QQQ,short,14,09:46,713.6929,716.1125,708.785,10:00,716.2199,stop,0.2801,-35.66,-1.043,713.67,break below 713.97
2026-07-14,orb,QQQ,short,13,10:06,716.6725,718.705,712.27,10:34,718.8128,stop,0.2612,-28.09,-1.007,716.56,break below 717.26
2026-07-15,orb,QQQ,short,13,09:46,720.7519,722.695,717.58,10:24,717.58,target,0.2626,40.97,1.848,720.99,break below 721.08
2026-07-16,orb,QQQ,short,14,09:49,707.5339,710.9,701.21,10:05,711.0066,stop,0.2777,-48.9,-1.081,707.67,break below 708.25
2026-07-17,orb,QQQ,long,12,10:01,694.9242,690.07,702.04,13:08,702.04,target,0.2362,85.15,1.778,694.06,break above 693.36
2026-07-20,orb,QQQ,short,14,09:58,701.0348,703.665,696.15,12:08,703.8056,stop,0.2752,-39.07,-1.114,701.16,break below 701.82
2026-07-21,orb,QQQ,short,14,09:46,704.5443,705.805,701.8,10:27,705.9109,stop,0.2765,-19.41,-1.038,704.47,break below 704.52
2026-07-22,orb,QQQ,long,14,09:46,706.476,704.745,709.635,15:55,706.1441,time,0.2772,-4.92,-0.216,706.375,break above 705.86
2026-07-23,orb,QQQ,short,14,10:34,692.911,695.945,687.005,10:40,696.0494,stop,0.272,-44.21,-1.06,692.965,break below 693.24
2026-07-24,orb,QQQ,short,14,09:47,688.4767,690.5075,684.605,10:39,684.605,target,0.2703,53.93,1.958,688.54,break below 688.61
2026-07-27,orb,QQQ,short,14,09:57,687.1319,689.99,681.83,10:24,681.83,target,0.2698,73.96,1.942,687.27,break below 687.75
2026-07-28,orb,QQQ,short,14,09:46,670.3094,674.07,663.48,10:50,674.1711,stop,0.2632,-54.33,-1.099,670.54,break below 670.84
2026-07-29,orb,QQQ,short,14,09:48,673.6489,675.59,669.65,09:57,669.65,target,0.2645,55.72,2.01,673.61,break below 673.72
2026-07-30,orb,QQQ,long,14,09:46,678.3917,675.5575,683.065,10:28,683.065,target,0.2682,65.16,1.86,678.06,break above 677.68
2026-07-31,orb,QQQ,short,13,09:46,688.4617,692.0275,680.905,10:10,680.905,target,0.251,97.99,2.033,688.32,break below 688.39
2026-08-03,orb,QQQ,long,14,09:56,691.9238,688.6375,697.975,12:05,697.975,target,0.274,84.44,1.938,691.75,break above 691.25
2026-08-04,orb,QQQ,long,14,09:47,713.362,710.56,719.395,11:52,719.395,target,0.2823,84.18,2.042,713.505,break above 713.48
2026-08-05,orb,QQQ,long,13,09:49,728.3192,726.4325,732.095,09:54,726.3235,stop,0.2647,-26.21,-1.068,728.32,break above 728.12
2026-08-06,orb,QQQ,long,13,09:48,715.3073,711.33,722.46,15:55,715.0927,time,0.2606,-3.05,-0.063,715.04,break above 714.07
2026-08-07,orb,QQQ,short,13,09:58,718.7122,721.0175,714.605,10:26,721.1682,stop,0.2619,-32.19,-1.158,718.88,break below 719.54
2026-08-10,orb,QQQ,long,13,10:07,723.7685,721.7775,727.605,10:59,721.6692,stop,0.263,-27.55,-1.091,723.72,break above 723.15
2026-08-11,orb,QQQ,short,13,09:46,719.1371,721.31,715.94,10:01,721.4182,stop,0.2621,-29.92,-1.286,719.52,break below 719.57
2026-08-12,orb,QQQ,short,13,11:04,723.3315,725.4775,719.74,14:41,725.5863,stop,0.2636,-29.58,-1.19,723.565,break below 723.79
2026-08-13,orb,QQQ,long,13,09:46,728.9693,726.3175,734.005,15:55,731.6402,time,0.2666,34.46,1.034,728.88,break above 728.57
2026-08-14,orb,QQQ,long,13,09:49,734.2301,732.9125,736.685,09:57,732.8026,stop,0.267,-18.83,-1.152,734.17,break above 734.09
2026-08-17,orb,QQQ,long,13,11:05,734.2401,732.845,737.0,11:41,732.7351,stop,0.267,-19.83,-1.102,734.23,break above 733.98
2026-08-18,orb,QQQ,short,13,09:56,718.1923,720.4575,714.435,15:55,717.3276,time,0.2617,10.98,0.421,718.45,break below 718.79
2026-08-19,orb,QQQ,short,13,09:49,715.8926,719.28,709.56,12:10,719.3879,stop,0.2609,-45.7,-1.085,716.04,break below 717.17
2026-08-20,orb,QQQ,short,14,09:53,711.1233,713.415,707.85,10:23,713.522,stop,0.2791,-33.86,-1.304,711.56,break below 711.99
2026-08-21,orb,QQQ,short,14,09:53,710.5734,713.3375,706.25,11:32,713.4445,stop,0.2789,-40.47,-1.224,710.975,break below 711.41
2026-08-24,orb,QQQ,short,14,09:46,702.9245,706.5525,696.525,11:29,706.836,stop,0.2759,-55.04,-1.176,703.21,break below 703.46
2026-08-25,orb,QQQ,long,14,09:48,713.237,711.9325,715.435,09:55,711.8257,stop,0.2794,-20.04,-1.226,713.1,break above 713.08
2026-08-26,orb,QQQ,long,14,09:56,711.8168,710.0875,715.345,10:12,709.981,stop,0.2786,-25.98,-1.059,711.84,break above 711.63
2026-08-27,orb,QQQ,long,13,09:46,718.7628,716.735,721.91,09:47,716.6275,stop,0.2611,-28.02,-1.25,718.46,break above 718.34
2026-08-28,orb,QQQ,short,13,10:12,717.8223,719.835,714.0,10:20,719.943,stop,0.2616,-27.83,-1.101,717.89,break below 718.26
2026-08-31,orb,QQQ,short,14,10:07,713.7679,715.535,710.06,13:50,715.6423,stop,0.2801,-26.52,-1.038,713.71,break below 714.11
2026-09-01,orb,QQQ,long,14,09:50,708.2612,706.84,710.53,10:02,706.734,stop,0.2774,-21.66,-1.258,708.07,break above 708.03
2026-09-02,orb,QQQ,short,14,09:52,705.4992,706.56,703.62,10:04,706.666,stop,0.2769,-16.61,-1.211,705.58,break below 705.62
2026-09-03,orb,QQQ,long,14,09:50,713.597,711.575,717.29,10:01,711.2233,stop,0.2791,-33.51,-1.257,713.48,break above 713.42
2026-09-04,orb,QQQ,long,13,09:54,721.0181,719.6075,723.425,10:12,719.4996,stop,0.2622,-20.0,-1.209,720.88,break above 720.64
2026-09-08,orb,QQQ,short,13,09:54,716.4125,719.21,710.735,11:10,719.3179,stop,0.2611,-38.03,-1.036,716.385,break below 716.56
2026-09-09,orb,QQQ,long,13,09:50,717.5676,716.59,719.35,10:04,719.35,target,0.2621,22.91,1.915,717.51,break above 717.49
2026-09-10,orb,QQQ,long,14,10:25,711.2217,708.5475,715.38,15:52,708.4412,stop,0.278,-39.2,-1.23,710.825,break above 710.17
2026-09-11,orb,QQQ,long,13,09:59,716.6075,715.09,719.2,10:05,714.8728,stop,0.2605,-22.81,-1.281,716.46,break above 716.15
2026-09-14,orb,QQQ,long,14,09:46,705.0107,703.63,707.59,10:10,707.59,target,0.2777,35.83,1.939,704.95,break above 704.45
2026-09-15,orb,QQQ,long,14,09:47,709.1414,708.425,710.96,10:03,708.3187,stop,0.278,-11.79,-0.997,709.27,break above 709.22
2026-09-17,orb,QQQ,long,13,10:28,716.5975,714.8025,719.985,11:05,714.6953,stop,0.2604,-24.99,-1.113,716.53,break above 716.28
2026-09-18,orb,QQQ,short,13,09:49,718.4522,718.9875,717.255,10:02,717.255,target,0.2618,15.3,2.038,718.41,break below 718.44
2026-09-21,orb,QQQ,long,13,09:46,731.5047,729.31,735.55,10:36,735.55,target,0.268,52.32,1.935,731.39,break above 730.78
2026-09-22,orb,QQQ,long,13,09:51,745.1968,742.925,749.93,15:55,747.5578,time,0.2723,30.42,1.002,745.26,break above 744.87
2026-09-23,orb,QQQ,short,13,09:46,744.3183,745.86,741.765,10:07,741.765,target,0.2712,32.92,1.855,744.495,break below 744.60
2026-09-24,orb,QQQ,long,13,09:48,737.7406,736.0,740.86,09:54,735.8896,stop,0.2681,-24.33,-1.155,737.62,break above 737.34
2026-09-25,orb,QQQ,long,13,09:54,745.3118,743.15,748.28,10:02,743.0385,stop,0.2707,-29.82,-1.342,744.86,break above 744.57
2026-09-28,orb,QQQ,short,13,09:46,737.6943,739.58,733.985,10:43,733.985,target,0.2688,47.95,1.978,737.715,break below 737.75
2026-09-29,orb,QQQ,short,13,11:26,736.4895,738.4275,732.465,14:39,738.5383,stop,0.2683,-26.9,-1.041,736.44,break below 736.49
2026-09-30,orb,QQQ,long,13,10:00,743.8716,741.215,747.86,15:54,741.1038,stop,0.27,-36.25,-1.259,743.43,break above 742.67
2026-10-01,orb,QQQ,short,13,09:46,741.2738,742.5125,738.365,09:55,742.6239,stop,0.2701,-17.82,-0.992,741.13,break below 741.25
2026-10-02,orb,QQQ,long,13,09:46,752.1278,750.63,755.01,09:57,750.3674,stop,0.2733,-23.16,-1.22,752.09,break above 752.02
2026-10-05,orb,QQQ,long,13,10:21,753.423,751.0575,757.32,15:55,755.3467,time,0.2751,24.73,0.911,753.145,break above 753.00
2026-10-06,orb,QQQ,long,13,10:08,761.7642,760.4,764.48,10:29,760.2859,stop,0.2769,-19.49,-1.103,761.76,break above 761.62
2026-10-07,orb,QQQ,short,13,09:48,751.6572,753.3175,748.825,09:53,753.4305,stop,0.2738,-23.33,-1.198,751.82,break below 751.87
2026-10-08,orb,QQQ,short,13,09:55,752.2971,753.9675,749.955,10:05,754.0806,stop,0.274,-23.46,-1.349,752.63,break below 753.12
2026-10-09,orb,QQQ,short,13,09:47,748.6477,750.9625,744.445,12:17,751.1126,stop,0.2727,-32.32,-1.144,748.79,break below 749.09
2023-10-12,orb,AAPL,long,55,09:52,180.6742,180.255,181.41,10:10,181.41,target,0.2865,40.18,1.898,180.64,break above 180.60
2023-10-13,orb,AAPL,short,55,10:01,180.7058,181.4475,179.235,11:17,179.235,target,0.2854,80.61,1.987,180.71,break below 180.97
2023-10-16,orb,AAPL,long,51,10:23,178.4735,177.465,180.39,12:41,177.4118,stop,0.26,-54.41,-1.094,178.44,break above 178.35
2023-10-17,orb,AAPL,short,54,09:46,175.3374,176.295,173.55,10:22,176.3479,stop,0.2722,-54.84,-1.11,175.38,break below 175.62
2023-10-18,orb,AAPL,long,56,10:01,176.643,176.015,177.92,10:34,175.9622,stop,0.2832,-38.41,-1.08,176.65,break above 176.61
2023-10-19,orb,AAPL,long,56,09:54,176.823,176.275,177.91,10:29,176.2221,stop,0.2836,-33.93,-1.112,176.82,break above 176.63
2023-10-20,orb,AAPL,long,57,09:49,175.4326,174.995,176.105,09:50,174.9425,stop,0.2867,-28.22,-1.338,175.365,break above 175.32
2023-10-23,orb,AAPL,long,51,10:05,171.8215,170.8425,173.76,13:43,173.76,target,0.2548,98.61,1.988,171.815,break above 171.67
2023-10-24,orb,AAPL,short,58,09:51,172.0634,172.75,170.92,09:59,172.8018,stop,0.2871,-43.12,-1.219,172.14,break below 172.21
2023-10-25,orb,AAPL,long,58,10:17,172.2367,171.515,173.555,12:41,171.4635,stop,0.2861,-45.13,-1.144,172.195,break above 172.00
2023-10-26,orb,AAPL,short,55,09:51,169.7691,170.71,168.025,10:37,168.025,target,0.2687,95.65,1.943,169.815,break below 170.08
2023-10-27,orb,AAPL,long,59,10:05,168.4555,167.625,169.83,10:42,167.5747,stop,0.2847,-52.25,-1.205,168.36,break above 168.30
2023-10-30,orb,AAPL,long,46,09:48,171.1013,169.975,173.215,10:18,169.924,stop,0.2249,-54.38,-1.095,171.055,break above 171.04
2023-10-31,orb,AAPL,short,59,09:53,168.1096,168.84,166.74,10:07,168.8907,stop,0.2855,-46.37,-1.123,168.14,break below 168.26
2023-11-01,orb,AAPL,long,58,10:24,171.7115,170.83,173.29,15:00,173.29,target,0.289,91.26,1.919,171.65,break above 171.52
2023-11-02,orb,AAPL,long,56,09:51,176.723,176.065,177.94,15:55,177.4667,time,0.2856,41.36,1.182,176.69,break above 176.66
2023-11-03,orb,AAPL,long,32,09:46,175.9878,174.4125,179.01,15:55,176.567,time,0.1624,18.37,0.375,175.945,break above 175.44
2023-11-06,orb,AAPL,long,43,09:47,178.3935,177.19,180.61,15:55,178.7664,time,0.2208,15.81,0.323,178.33,break above 178.17
2023-11-07,orb,AAPL,long,55,09:56,180.4741,179.49,182.13,13:11,182.13,target,0.2876,90.79,1.876,180.37,break above 180.00
2023-11-08,orb,AAPL,long,54,09:55,183.365,182.76,184.32,10:00,182.7052,stop,0.2832,-35.91,-1.279,183.28,break above 183.26
2023-11-09,orb,AAPL,short,54,09:51,182.7052,183.185,181.88,09:55,183.24,stop,0.2832,-29.16,-1.241,182.75,break below 182.87
2023-11-10,orb,AAPL,short,54,10:06,183.6049,184.21,182.62,10:17,184.2653,stop,0.2846,-35.94,-1.256,183.68,break below 183.70
2023-11-13,orb,AAPL,short,54,09:49,184.4946,185.2825,182.8,15:55,184.7454,time,0.2859,-13.83,-0.309,184.455,break below 184.55
2023-11-15,orb,AAPL,long,52,10:48,188.7266,188.265,189.6,14:52,188.2085,stop,0.2807,-27.22,-1.176,188.71,break above 188.69
2023-11-16,orb,AAPL,long,52,09:56,190.8722,190.135,192.115,10:15,190.078,stop,0.2834,-41.59,-1.212,190.795,break above 190.70
2023-11-17,orb,AAPL,short,52,10:10,188.8633,189.76,187.345,14:02,189.8169,stop,0.2817,-49.87,-1.191,188.955,break below 189.17
2023-11-21,orb,AAPL,short,52,09:46,190.5928,191.0825,189.74,09:50,191.1398,stop,0.2842,-28.73,-1.235,190.635,break below 190.68
2023-11-22,orb,AAPL,short,52,10:54,191.3526,192.2075,189.845,15:55,191.3174,time,0.2853,1.55,0.038,191.42,break below 191.49
2023-11-24,orb,AAPL,short,52,09:52,189.7431,190.36,188.68,12:59,189.987,eod,0.2829,-12.97,-0.445,189.8,break below 189.83
2023-11-27,orb,AAPL,short,52,09:47,189.1532,189.875,188.09,11:41,189.932,stop,0.2821,-40.78,-1.318,189.28,break below 189.39
2023-11-28,orb,AAPL,long,52,10:40,190.3871,189.865,191.14,13:02,189.808,stop,0.283,-30.39,-1.375,190.29,break above 190.27
2023-11-29,orb,AAPL,short,52,10:14,190.8677,191.5,189.64,12:04,189.64,target,0.2846,63.56,1.971,190.88,break below 190.92
2023-11-30,orb,AAPL,short,52,09:49,189.0133,189.71,188.0,15:52,189.7669,stop,0.2819,-39.47,-1.332,189.14,break below 189.21
2023-12-01,orb,AAPL,long,52,11:03,190.6972,189.8575,192.295,15:55,190.8777,time,0.2846,9.1,0.215,190.67,break above 190.48
2023-12-04,orb,AAPL,short,52,09:51,188.9233,189.56,187.91,09:57,189.6319,stop,0.2817,-37.13,-1.298,189.01,break below 189.09
2023-12-06,orb,AAPL,short,51,09:46,192.9821,193.925,191.27,15:55,192.2577,time,0.2821,36.66,0.812,193.04,break below 193.09
2023-12-07,orb,AAPL,long,51,09:46,194.9385,194.22,196.26,09:50,194.1018,stop,0.2837,-42.96,-1.239,194.9,break above 194.85
2023-12-08,orb,AAPL,short,51,09:57,193.7719,194.1975,193.125,10:00,194.2558,stop,0.2832,-24.96,-1.369,193.84,break below 193.91
2023-12-11,orb,AAPL,short,52,10:11,192.2273,192.8875,191.08,14:03,192.9479,stop,0.2865,-37.76,-1.205,192.285,break below 192.31
2023-12-12,orb,AAPL,short,52,09:46,191.7325,192.625,190.12,10:04,192.6828,stop,0.2858,-49.7,-1.145,191.79,break below 191.89
2023-12-13,orb,AAPL,long,50,10:31,196.654,195.745,198.265,11:25,195.6863,stop,0.2803,-48.67,-1.159,196.585,break above 196.55
2023-12-15,orb,AAPL,long,50,10:14,198.2094,197.595,199.29,10:44,197.5357,stop,0.2829,-33.97,-1.202,198.16,break above 198.05
2023-12-18,orb,AAPL,short,44,09:46,194.3967,195.5625,192.165,10:24,195.6212,stop,0.2451,-54.12,-1.086,194.43,break below 194.53
2023-12-19,orb,AAPL,short,51,09:49,195.9212,196.3225,195.265,09:51,196.3814,stop,0.2862,-23.76,-1.321,195.97,break below 196.00
2023-12-20,orb,AAPL,long,50,09:50,197.6893,197.14,198.61,11:32,197.0809,stop,0.2822,-30.7,-1.253,197.63,break above 197.58
2023-12-21,orb,AAPL,short,51,09:59,195.6713,196.42,194.38,10:57,194.38,target,0.2859,65.57,1.891,195.74,break below 195.77
2023-12-22,orb,AAPL,short,51,10:39,194.4017,194.9325,193.395,14:23,193.395,target,0.2841,51.06,1.953,194.42,break below 194.47
2023-12-26,orb,AAPL,short,51,09:52,193.132,193.5625,192.385,15:55,193.0579,time,0.2823,3.5,0.175,193.17,break below 193.24
2023-12-27,orb,AAPL,short,52,10:02,192.2623,192.6275,191.615,10:13,191.615,target,0.2866,33.37,1.902,192.29,break below 192.37
2023-12-28,orb,AAPL,short,51,09:57,193.9368,194.335,193.33,10:33,194.3933,stop,0.2834,-23.56,-1.379,194.0,break below 194.02
2023-12-29,orb,AAPL,short,51,10:01,193.372,193.9,192.49,11:13,192.49,target,0.2826,44.7,1.865,193.43,break below 193.44
2024-01-02,orb,AAPL,short,41,09:46,185.9642,187.2225,183.6,11:37,187.2787,stop,0.2188,-54.11,-1.093,186.015,break below 186.10
2024-01-03,orb,AAPL,short,50,10:20,183.8598,184.905,181.935,14:43,184.9605,stop,0.2639,-55.3,-1.117,183.915,break below 183.95
2024-01-04,orb,AAPL,short,55,09:58,181.4206,182.345,179.81,11:36,182.3997,stop,0.2865,-54.14,-1.165,181.5,break below 181.62
2024-01-05,orb,AAPL,short,55,09:58,181.7105,182.265,180.765,10:03,182.3247,stop,0.287,-34.07,-1.239,181.765,break below 181.79
2024-01-08,orb,AAPL,long,52,09:59,183.485,182.38,185.23,14:58,185.23,target,0.2764,90.46,1.831,183.33,break above 183.21
2024-01-09,orb,AAPL,short,54,09:48,182.8101,183.53,181.415,10:09,183.5851,stop,0.2834,-42.13,-1.107,182.825,break below 182.84
2024-01-10,orb,AAPL,short,54,09:51,184.0648,184.58,183.32,10:13,184.6354,stop,0.2853,-31.1,-1.371,184.16,break below 184.23
2024-01-11,orb,AAPL,short,46,09:47,184.9195,186.0625,182.83,15:55,185.6457,time,0.2441,-33.65,-0.679,184.985,break below 185.11
2024-01-12,orb,AAPL,short,53,10:00,185.7143,186.2975,184.775,10:08,186.3534,stop,0.2824,-34.16,-1.27,185.79,break below 185.91
2024-01-16,orb,AAPL,short,55,09:47,181.4605,182.25,180.165,10:20,182.3047,stop,0.2866,-46.71,-1.222,181.555,break below 181.86
2024-01-17,orb,AAPL,long,55,10:05,181.6595,180.93,182.955,15:55,182.7152,time,0.2885,57.77,1.556,181.605,break above 181.55
2024-01-18,orb,AAPL,long,46,09:57,187.6513,186.515,189.725,15:55,188.5034,time,0.2487,38.95,0.791,187.585,break above 187.14
2024-01-19,orb,AAPL,long,52,10:27,189.8469,189.3275,190.805,13:17,190.815,target,0.2845,50.05,1.955,189.82,break above 189.81
2024-01-22,orb,AAPL,long,46,09:48,194.4883,193.335,196.59,10:57,193.277,stop,0.2548,-55.98,-1.122,194.42,break above 194.35
2024-01-23,orb,AAPL,short,51,10:02,194.5466,195.2,193.445,12:57,195.2586,stop,0.2843,-36.59,-1.227,194.615,break below 194.69
2024-01-24,orb,AAPL,short,51,10:01,194.8215,195.7,193.42,10:21,195.7587,stop,0.2847,-48.08,-1.24,194.94,break below 195.03
2024-01-25,orb,AAPL,short,51,10:01,194.5966,195.15,193.62,10:14,195.2085,stop,0.2844,-31.49,-1.211,194.64,break below 194.71
2024-01-26,orb,AAPL,short,51,09:46,193.7319,194.19,193.11,09:50,194.2483,stop,0.2831,-26.62,-1.45,193.83,break below 193.84
2024-01-29,orb,AAPL,short,47,09:47,190.3679,191.505,188.37,14:10,191.5625,stop,0.2565,-56.4,-1.148,190.46,break below 190.86
2024-01-30,orb,AAPL,short,47,10:26,190.1329,191.2575,188.115,11:07,188.115,target,0.2562,94.59,1.921,190.21,break below 190.74
2024-01-31,orb,AAPL,short,52,09:46,185.1694,186.185,183.305,12:53,186.2859,stop,0.2763,-58.33,-1.168,185.225,break below 185.33
2024-02-01,orb,AAPL,long,46,10:05,185.8157,184.74,187.98,15:55,186.574,time,0.2462,34.63,0.697,185.82,break above 185.64
2024-02-05,orb,AAPL,short,42,09:46,185.8742,187.0925,183.59,10:05,187.1486,stop,0.224,-53.75,-1.096,185.925,break below 185.95
2024-02-06,orb,AAPL,long,53,09:46,188.4065,187.525,190.21,10:51,187.4687,stop,0.285,-49.99,-1.054,188.42,break above 188.26
2024-02-07,orb,AAPL,short,52,09:46,189.6031,190.41,188.19,15:55,189.2668,time,0.2827,17.21,0.447,189.67,break below 189.81
2024-02-08,orb,AAPL,short,52,09:54,188.7384,189.14,187.85,10:18,187.85,target,0.2815,45.91,2.053,188.71,break below 188.78
2024-02-09,orb,AAPL,long,52,11:12,189.1767,188.465,190.43,15:55,188.6834,time,0.2814,-25.94,-0.761,189.12,break above 188.93
2024-02-12,orb,AAPL,short,53,09:46,187.5387,188.11,186.46,09:57,188.1664,stop,0.2851,-33.55,-1.151,187.56,break below 187.57
2024-02-14,orb,AAPL,short,54,09:50,184.1247,184.845,182.97,11:00,182.97,target,0.2854,62.07,1.839,184.22,break below 184.23
2024-02-15,orb,AAPL,short,54,09:54,182.7552,183.585,181.74,10:00,181.74,target,0.2833,54.54,1.642,182.97,break below 183.11
2024-02-16,orb,AAPL,short,54,09:53,183.25,184.0825,181.69,15:50,181.69,target,0.2841,83.96,1.95,183.285,break below 183.34
2024-02-20,orb,AAPL,short,53,10:01,180.6158,181.5675,178.785,15:55,181.2344,time,0.2749,-33.06,-0.672,180.64,break below 180.72
2024-02-21,orb,AAPL,long,54,10:11,182.8548,182.16,184.02,10:57,182.1054,stop,0.2823,-40.75,-1.217,182.78,break above 182.76
2024-02-22,orb,AAPL,short,54,11:06,182.4902,183.3675,180.825,12:45,183.4225,stop,0.2829,-50.63,-1.106,182.52,break below 182.56
2024-02-23,orb,AAPL,short,54,09:48,183.8848,184.475,182.81,11:04,182.81,target,0.285,57.76,1.927,183.92,break below 183.94
2024-02-26,orb,AAPL,short,55,09:47,181.1806,181.98,179.64,15:55,181.3344,time,0.2862,-8.74,-0.204,181.2,break below 181.22
2024-02-27,orb,AAPL,long,55,10:21,181.6345,180.905,183.11,10:42,180.8507,stop,0.2857,-43.39,-1.073,181.64,break above 181.50
2024-02-28,orb,AAPL,short,55,09:50,181.6305,182.3775,180.315,12:39,180.315,target,0.2868,72.07,1.906,181.69,break below 181.78
2024-02-29,orb,AAPL,short,55,10:42,181.0407,181.86,179.64,11:40,179.64,target,0.2859,76.75,1.886,181.12,break below 181.18
2024-03-01,orb,AAPL,short,55,09:53,179.5311,180.0275,178.565,10:22,178.565,target,0.2836,52.85,1.971,179.54,break below 179.57
2024-03-04,orb,AAPL,short,53,09:46,175.0275,176.045,173.24,15:55,175.2526,time,0.2667,-12.2,-0.246,175.11,break below 175.24
2024-03-05,orb,AAPL,short,54,09:51,170.1489,171.1125,168.375,15:55,170.086,time,0.2644,3.13,0.064,170.2,break below 170.21
2024-03-06,orb,AAPL,short,58,09:48,169.6391,170.4,167.94,15:55,169.2908,time,0.2832,19.92,0.419,169.58,break below 169.59
2024-03-07,orb,AAPL,short,59,09:46,168.5194,169.1675,167.495,09:51,169.2183,stop,0.2862,-41.52,-1.262,168.61,break below 168.64
2024-03-08,orb,AAPL,long,58,09:46,169.971,169.4125,170.755,09:54,170.755,target,0.285,45.19,1.741,169.86,break above 169.85
2024-03-11,orb,AAPL,short,57,10:41,172.7782,173.6,171.29,15:55,172.6418,time,0.2832,7.49,0.171,172.83,break below 172.84
2024-03-13,orb,AAPL,short,58,09:49,171.7785,172.5225,170.415,15:55,171.3464,time,0.2866,24.77,0.608,171.82,break below 171.90
2024-03-14,orb,AAPL,long,57,10:13,173.397,172.6875,174.54,12:13,172.6357,stop,0.283,-43.68,-1.241,173.305,break above 173.28
2024-03-15,orb,AAPL,short,58,10:05,171.1386,171.855,169.77,15:27,171.9316,stop,0.2856,-46.27,-1.148,171.16,break below 171.29
2024-03-18,orb,AAPL,long,43,09:46,177.0031,175.7625,179.235,11:56,175.7098,stop,0.2172,-55.83,-1.122,176.92,break above 176.59
2024-03-19,orb,AAPL,long,57,09:57,174.3573,173.74,175.66,13:09,175.66,target,0.2878,73.97,2.028,174.38,break above 174.34
2024-03-20,orb,AAPL,long,56,10:27,176.1928,175.61,177.17,14:05,177.17,target,0.2851,54.44,1.869,176.13,break above 176.10
2024-03-21,orb,AAPL,short,56,09:48,176.492,177.0125,175.475,10:07,175.475,target,0.2841,56.67,1.975,176.5,break below 176.55
2024-03-22,orb,AAPL,short,46,09:46,170.1289,171.255,168.045,09:55,171.3064,stop,0.2252,-54.39,-1.105,170.185,break below 170.20
2024-03-25,orb,AAPL,long,58,11:03,170.6912,170.05,171.91,15:43,171.91,target,0.2868,70.4,1.958,170.67,break above 170.65
2024-03-26,orb,AAPL,long,58,09:47,170.5361,170.04,171.39,15:50,169.989,stop,0.2837,-32.02,-1.227,170.49,break above 170.42
2024-03-27,orb,AAPL,long,40,09:46,172.3017,171.025,174.73,15:55,173.158,time,0.1992,34.06,0.689,172.26,break above 171.92
2024-03-28,orb,AAPL,short,58,10:43,170.7038,171.31,169.51,12:41,171.3614,stop,0.2849,-38.43,-1.104,170.71,break below 170.75
2024-04-01,orb,AAPL,short,58,09:52,170.1989,170.7275,169.145,15:55,170.086,time,0.2841,6.26,0.205,170.2,break below 170.25
2024-04-02,orb,AAPL,long,59,10:05,169.2808,168.7625,170.33,10:49,168.7119,stop,0.2865,-33.85,-1.098,169.285,break above 169.25
2024-04-03,orb,AAPL,long,58,10:01,169.5458,168.97,170.59,10:44,170.59,target,0.2847,60.28,1.925,169.51,break above 169.32
2024-04-04,orb,AAPL,long,58,10:14,171.0863,170.525,172.085,14:06,170.4738,stop,0.2845,-35.81,-1.187,171.045,break above 171.00
2024-04-05,orb,AAPL,long,58,09:53,169.6709,169.305,170.25,10:07,169.2542,stop,0.2825,-24.45,-1.338,169.62,break above 169.60
2024-04-09,orb,AAPL,long,58,10:03,170.001,169.18,171.52,10:30,169.1292,stop,0.2823,-50.84,-1.124,169.96,break above 169.85
2024-04-10,orb,AAPL,short,59,09:46,167.6297,168.545,166.28,10:38,168.5956,stop,0.2847,-57.27,-1.286,167.79,break below 168.03
2024-04-11,orb,AAPL,long,59,09:46,168.9707,168.445,169.48,10:11,168.3945,stop,0.286,-34.28,-1.684,168.79,break above 168.71
2024-04-15,orb,AAPL,long,42,11:07,176.1878,174.92,178.46,12:30,174.8675,stop,0.2111,-55.66,-1.123,176.1,break above 175.98
2024-04-16,orb,AAPL,long,57,09:50,172.8969,172.11,174.315,10:17,172.0584,stop,0.2821,-48.08,-1.148,172.845,break above 172.75
2024-04-17,orb,AAPL,short,59,11:15,169.3242,169.9875,167.97,15:55,168.2905,time,0.2875,60.7,1.53,169.315,break below 169.34
2024-04-18,orb,AAPL,short,59,10:03,167.4647,168.085,166.45,10:27,168.1354,stop,0.2845,-39.85,-1.239,167.54,break below 167.55
2024-04-19,orb,AAPL,short,60,09:49,165.5003,166.03,164.5,11:59,164.5,target,0.286,59.73,1.952,165.52,break below 165.68
2024-04-22,orb,AAPL,short,60,10:24,165.3254,165.785,164.39,12:17,165.8347,stop,0.2857,-30.85,-1.106,165.32,break below 165.34
2024-04-23,orb,AAPL,long,60,09:46,166.3549,165.49,167.71,15:55,166.8249,time,0.2882,27.91,0.629,166.23,break above 165.95
2024-04-24,orb,AAPL,long,59,09:50,167.5502,166.8675,168.765,12:03,168.775,target,0.2866,71.97,1.929,167.5,break above 167.46
2024-04-25,orb,AAPL,short,59,09:56,169.0893,169.87,167.575,15:04,169.921,stop,0.2871,-49.36,-1.094,169.105,break below 169.15
2024-04-26,orb,AAPL,long,58,10:11,170.8812,170.1425,171.875,12:31,170.0915,stop,0.2839,-46.09,-1.376,170.72,break above 170.69
2024-04-30,orb,AAPL,long,48,09:50,174.4523,173.335,176.44,12:48,173.268,stop,0.2392,-57.09,-1.149,174.37,break above 174.01
2024-05-01,orb,AAPL,long,58,09:49,170.5562,169.74,172.14,14:42,172.14,target,0.2872,91.58,1.974,170.54,break above 170.34
2024-05-02,orb,AAPL,short,58,10:02,171.1087,171.91,169.72,10:33,171.9616,stop,0.2855,-49.75,-1.175,171.18,break below 171.23
2024-05-06,orb,AAPL,short,45,09:46,182.0354,183.195,179.91,15:55,181.7345,time,0.2352,13.3,0.27,182.1,break below 182.25
2024-05-07,orb,AAPL,long,54,09:48,184.8354,184.0575,186.135,09:51,184.0023,stop,0.2852,-45.28,-1.211,184.75,break above 184.72
2024-05-08,orb,AAPL,short,54,10:06,181.7155,182.4575,180.725,12:12,182.5122,stop,0.2818,-43.31,-1.389,181.88,break below 181.97
2024-05-09,orb,AAPL,long,54,09:48,183.36,182.73,184.635,13:56,184.645,target,0.2862,69.1,2.015,183.365,break above 183.32
2024-05-10,orb,AAPL,short,54,09:46,183.8498,184.5325,182.71,10:51,182.675,target,0.285,63.16,1.925,183.925,break below 183.98
2024-05-13,orb,AAPL,long,53,10:26,185.7107,185.1175,186.685,12:46,186.685,target,0.2839,51.35,1.854,185.64,break above 185.59
2024-05-14,orb,AAPL,short,53,10:00,186.9639,187.6975,185.605,15:10,187.8263,stop,0.2843,-45.99,-1.244,187.0,break below 187.15
2024-05-15,orb,AAPL,long,53,09:57,188.6216,187.985,189.95,11:15,189.95,target,0.2887,70.12,2.02,188.64,break above 188.59
2024-05-16,orb,AAPL,short,52,11:14,189.988,190.5375,188.85,15:55,190.147,time,0.2833,-8.55,-0.292,189.975,break below 189.99
2024-05-20,orb,AAPL,long,52,09:51,190.3871,189.595,191.65,10:24,191.65,target,0.2857,65.39,1.836,190.28,break above 190.16
2024-05-21,orb,AAPL,long,52,09:57,192.0626,191.4225,192.945,15:55,192.4922,time,0.2869,22.05,0.836,191.93,break above 191.91
2024-05-22,orb,AAPL,long,51,10:15,192.7678,192.37,193.645,10:54,192.3023,stop,0.2811,-24.02,-1.108,192.795,break above 192.75
2024-05-23,orb,AAPL,short,52,09:46,189.3182,190.19,187.565,13:56,187.565,target,0.2823,90.88,1.997,189.315,break below 189.41
2024-05-24,orb,AAPL,long,52,10:21,189.2318,188.61,190.41,12:16,190.41,target,0.2839,60.98,1.955,189.21,break above 189.16
2024-05-28,orb,AAPL,short,38,09:50,190.7228,192.025,188.14,10:24,192.0826,stop,0.2078,-51.88,-1.054,190.73,break below 191.07
2024-05-29,orb,AAPL,long,49,09:46,191.4624,190.475,193.52,15:52,190.4179,stop,0.2675,-51.45,-1.035,191.49,break above 191.34
2024-05-31,orb,AAPL,short,52,10:57,191.1226,191.94,189.66,15:50,191.9976,stop,0.2849,-45.78,-1.158,191.18,break below 191.32
2024-06-03,orb,AAPL,long,51,09:46,194.0432,193.2425,195.215,12:31,193.152,stop,0.2823,-45.73,-1.364,193.9,break above 193.88
2024-06-04,orb,AAPL,short,50,09:47,193.167,194.1825,191.235,10:32,194.2883,stop,0.2768,-56.34,-1.147,193.2,break below 193.37
2024-06-06,orb,AAPL,long,50,10:23,196.5489,195.8025,197.805,10:33,195.7363,stop,0.2804,-40.91,-1.226,196.47,break above 196.37
2024-06-07,orb,AAPL,long,51,10:48,195.9288,194.95,197.695,15:55,196.611,time,0.2872,34.51,0.739,195.865,break above 195.74
2024-06-10,orb,AAPL,short,51,09:47,195.5213,196.47,193.92,13:38,193.92,target,0.2857,81.38,1.877,195.62,break below 195.71
2024-06-13,orb,AAPL,short,28,10:11,213.5009,215.38,210.025,15:55,214.4693,time,0.1708,-27.29,-0.546,213.595,break below 214.17
2024-06-14,orb,AAPL,short,41,10:02,212.9461,214.2,210.615,10:24,214.2643,stop,0.2495,-54.29,-1.108,213.005,break below 213.32
2024-06-17,orb,AAPL,long,46,09:48,214.5644,213.615,216.42,09:49,213.5509,stop,0.2807,-46.9,-1.09,214.55,break above 214.42
2024-06-20,orb,AAPL,short,40,10:16,211.9764,213.26,209.6,11:29,209.6,target,0.2424,94.81,1.943,212.04,break below 212.30
2024-06-21,orb,AAPL,short,42,10:06,209.6971,210.91,207.415,10:13,210.9733,stop,0.2518,-53.85,-1.101,209.745,break below 209.97
2024-06-24,orb,AAPL,long,46,09:53,208.4475,207.345,210.54,10:53,210.54,target,0.2769,95.98,1.959,208.41,break above 208.04
2024-06-26,orb,AAPL,long,47,10:20,212.3037,211.465,213.94,11:50,213.94,target,0.2873,76.62,1.976,212.29,break above 212.24
2024-06-27,orb,AAPL,short,46,09:50,214.1157,214.985,212.57,10:50,212.57,target,0.2814,70.82,1.913,214.18,break below 214.27
2024-06-28,orb,AAPL,short,46,09:52,213.9958,215.1425,211.925,10:10,215.207,stop,0.2813,-56.0,-1.135,214.07,break below 214.24
2024-07-01,orb,AAPL,long,36,10:20,214.4543,212.97,217.095,12:44,217.13,target,0.2233,96.1,1.941,214.345,break above 213.99
2024-07-02,orb,AAPL,long,32,09:46,217.9404,216.2675,220.91,15:55,220.094,time,0.2011,68.71,1.388,217.815,break above 217.40
2024-07-03,orb,AAPL,long,45,09:51,220.8912,220.16,222.035,10:11,220.094,stop,0.2828,-36.16,-1.286,220.785,break above 220.68
2024-07-05,orb,AAPL,long,44,09:54,223.7771,222.59,225.995,15:50,225.995,target,0.2837,97.3,1.948,223.725,break above 223.50
2024-07-08,orb,AAPL,short,29,09:46,223.7479,225.705,220.68,10:37,225.7727,stop,0.1852,-58.91,-1.213,224.03,break below 224.09
2024-07-09,orb,AAPL,long,43,10:02,228.3085,227.305,230.11,15:55,228.4015,time,0.2802,3.72,0.092,228.24,break above 228.23
2024-07-10,orb,AAPL,long,43,09:54,231.2994,230.185,233.275,11:00,230.1159,stop,0.2822,-51.17,-1.155,231.215,break above 231.06
2024-07-11,orb,AAPL,short,43,09:49,230.6408,231.575,229.37,09:58,231.6445,stop,0.2828,-43.44,-1.375,230.84,break below 230.85
2024-07-12,orb,AAPL,long,43,09:53,230.2791,229.4625,231.975,10:52,231.975,target,0.2844,72.64,2.017,230.3,break above 230.24
2024-07-15,orb,AAPL,short,31,09:48,233.9698,235.6125,230.775,11:00,235.6832,stop,0.2068,-53.32,-1.067,234.0,break below 234.06
2024-07-16,orb,AAPL,short,42,09:49,234.3997,235.5975,233.16,10:16,233.16,target,0.2807,51.79,1.518,234.785,break below 234.94
2024-07-17,orb,AAPL,short,26,10:09,227.8316,229.6625,224.075,14:25,229.7314,stop,0.169,-49.56,-1.023,227.8,break below 227.97
2024-07-18,orb,AAPL,short,40,09:46,228.3015,229.695,226.02,10:42,226.02,target,0.2605,91.0,1.857,228.47,break below 229.10
2024-07-19,orb,AAPL,long,44,09:52,226.3879,225.4375,228.7,10:27,225.3699,stop,0.283,-45.08,-0.942,226.525,break above 226.44
2024-07-22,orb,AAPL,short,31,11:10,224.9725,226.6675,221.875,15:55,224.0072,time,0.199,29.73,0.6,225.07,break below 225.66
2024-07-23,orb,AAPL,long,44,09:51,224.5123,223.55,226.505,11:23,226.505,target,0.2844,87.39,2.016,224.535,break above 224.42
2024-07-25,orb,AAPL,short,45,09:46,217.2848,218.84,216.005,09:57,216.005,target,0.2793,57.31,1.348,217.895,break below 217.99
2024-07-26,orb,AAPL,short,33,10:09,216.4051,217.705,213.16,10:27,217.8053,stop,0.204,-46.41,-0.928,216.19,break below 216.29
2024-07-29,orb,AAPL,long,25,09:46,219.2858,217.265,223.13,11:04,217.1998,stop,0.1551,-52.3,-1.07,219.22,break above 218.74
2024-07-30,orb,AAPL,short,45,10:36,218.3845,219.46,216.49,11:41,216.49,target,0.2807,84.97,1.907,218.47,break below 218.65
2024-07-31,orb,AAPL,long,44,10:18,222.9469,221.77,225.01,13:32,221.7035,stop,0.2785,-54.99,-1.157,222.85,break above 222.63
2024-08-01,orb,AAPL,short,44,10:22,222.5132,223.505,220.52,10:49,220.52,target,0.2795,87.42,1.997,222.51,break below 222.61
2024-08-08,orb,AAPL,short,27,09:47,209.7571,211.66,206.185,10:09,211.7235,stop,0.1619,-53.26,-1.081,209.835,break below 210.21
2024-08-09,orb,AAPL,long,46,10:08,213.504,212.705,215.045,10:55,215.045,target,0.2826,70.6,1.968,213.485,break above 213.42
2024-08-12,orb,AAPL,long,45,10:09,217.4852,216.575,219.62,13:50,216.51,stop,0.2783,-44.16,-0.967,217.59,break above 217.52
2024-08-13,orb,AAPL,long,35,10:05,221.7565,220.2675,224.445,15:55,220.6738,time,0.2205,-38.12,-0.782,221.66,break above 221.35
2024-08-14,orb,AAPL,long,38,11:05,222.2016,220.84,224.725,12:44,220.7737,stop,0.2395,-54.5,-1.107,222.135,break above 221.98
2024-08-15,orb,AAPL,long,43,10:20,225.0375,223.825,227.29,15:55,224.6726,time,0.2757,-15.97,-0.321,224.98,break above 224.85
2024-08-16,orb,AAPL,long,44,09:51,224.6574,224.135,225.77,09:52,224.0678,stop,0.2814,-26.22,-1.094,224.68,break above 224.60
2024-08-19,orb,AAPL,short,44,09:55,224.1227,225.015,222.39,15:33,225.0825,stop,0.2815,-42.51,-1.104,224.14,break below 224.46
2024-08-21,orb,AAPL,long,44,09:47,226.9881,226.335,228.09,10:52,226.2671,stop,0.2841,-32.01,-1.243,226.92,break above 226.72
2024-08-22,orb,AAPL,long,43,09:52,228.0784,227.295,229.38,10:10,227.1918,stop,0.2787,-38.4,-1.285,227.99,break above 227.74
2024-08-23,orb,AAPL,long,44,09:46,227.1281,226.2125,228.755,10:48,226.1446,stop,0.2839,-43.56,-1.168,227.06,break above 226.88
2024-08-26,orb,AAPL,short,44,09:48,226.2321,226.72,225.37,10:11,225.37,target,0.284,37.65,1.901,226.27,break below 226.28
2024-08-27,orb,AAPL,long,44,09:53,226.4879,225.59,228.11,10:24,228.11,target,0.2863,71.08,1.923,226.43,break above 226.25
2024-08-28,orb,AAPL,long,43,10:30,229.6889,228.7625,231.395,10:44,228.6939,stop,0.2805,-43.07,-1.141,229.64,break above 229.63
2024-08-29,orb,AAPL,long,36,09:50,231.5945,230.155,234.25,14:38,230.086,stop,0.2362,-54.54,-1.11,231.52,break above 231.42
2024-08-30,orb,AAPL,short,43,09:50,229.2312,229.8725,228.215,10:41,229.9415,stop,0.2812,-30.82,-1.297,229.32,break below 229.37
2024-09-03,orb,AAPL,short,23,09:46,225.4923,227.56,221.29,15:47,221.29,target,0.148,96.51,2.008,225.47,break below 226.12
2024-09-04,orb,AAPL,short,41,09:57,219.1742,220.6225,217.015,13:21,220.6887,stop,0.2566,-62.35,-1.265,219.42,break below 219.50
2024-09-05,orb,AAPL,long,32,09:56,224.5273,222.96,227.52,11:24,222.8931,stop,0.2036,-52.5,-1.079,224.48,break above 224.28
2024-09-06,orb,AAPL,long,41,09:46,225.1975,223.925,227.555,10:00,223.8578,stop,0.262,-55.19,-1.112,225.135,break above 225.01
2024-09-10,orb,AAPL,long,28,11:26,220.186,218.39,223.7,11:59,218.3245,stop,0.1746,-52.3,-1.055,220.16,break above 220.00
2024-09-11,orb,AAPL,short,34,09:47,220.4089,221.79,217.47,13:07,221.8565,stop,0.214,-49.44,-1.01,220.35,break below 220.51
2024-09-12,orb,AAPL,short,44,09:48,220.4538,221.5825,218.245,10:06,221.7665,stop,0.277,-58.03,-1.186,220.47,break below 220.66
2024-09-13,orb,AAPL,short,45,10:31,221.9334,223.065,220.17,10:49,223.1319,stop,0.2851,-54.22,-1.249,222.1,break below 222.30
2024-09-16,orb,AAPL,long,30,10:14,217.0251,215.37,220.215,10:47,215.2254,stop,0.1845,-54.17,-1.118,216.985,break above 216.80
2024-09-17,orb,AAPL,long,44,09:48,216.575,215.37,218.715,12:49,215.3054,stop,0.2707,-56.13,-1.144,216.485,break above 216.24
2024-09-18,orb,AAPL,long,42,10:07,219.7859,218.545,222.07,14:00,222.07,target,0.2663,95.67,1.939,219.72,break above 219.54
2024-09-19,orb,AAPL,long,34,09:46,227.1781,225.7725,230.13,15:55,229.1712,time,0.2223,67.54,1.368,227.225,break above 226.90
2024-09-20,orb,AAPL,short,43,11:17,229.1912,230.2125,227.34,11:32,230.2816,stop,0.2811,-47.17,-1.146,229.255,break below 229.32
2024-09-23,orb,AAPL,long,43,10:23,227.8683,226.815,229.74,12:37,226.747,stop,0.2782,-48.5,-1.157,227.79,break above 227.78
2024-09-24,orb,AAPL,short,38,10:01,226.9319,228.305,224.435,15:55,226.648,time,0.246,10.54,0.215,227.015,break below 227.27
2024-09-25,orb,AAPL,long,44,09:53,226.3829,225.4,228.1,11:28,225.3324,stop,0.2829,-46.51,-1.174,226.3,break above 226.17
2024-09-26,orb,AAPL,long,43,10:39,227.8333,226.75,229.6,11:34,226.682,stop,0.2781,-49.79,-1.219,227.7,break above 227.57
2024-09-27,orb,AAPL,short,43,11:23,227.8616,228.735,226.38,15:55,227.8683,time,0.2795,-0.57,-0.017,227.95,break below 228.00
2024-10-01,orb,AAPL,short,28,09:50,226.0322,227.89,222.61,15:55,226.0878,time,0.1806,-1.74,-0.035,226.13,break below 226.20
2024-10-02,orb,AAPL,short,37,09:46,223.5729,224.9525,220.985,10:20,225.0575,stop,0.2361,-55.17,-1.127,223.63,break below 223.81
2024-10-03,orb,AAPL,long,44,09:56,226.5629,225.695,228.17,10:13,225.6273,stop,0.2833,-41.45,-1.142,226.52,break above 226.47
2024-10-04,orb,AAPL,short,41,09:55,225.5223,226.81,223.21,15:55,226.628,time,0.2639,-45.6,-0.927,225.61,break below 225.66
2024-10-07,orb,AAPL,long,44,09:47,225.3276,224.5825,226.465,10:11,224.5151,stop,0.2819,-36.03,-1.305,225.21,break above 225.06
2024-10-08,orb,AAPL,long,44,09:52,224.6774,223.895,226.01,15:55,225.7323,time,0.2834,46.13,1.487,224.6,break above 224.51
2024-10-09,orb,AAPL,long,44,10:05,226.5179,225.65,228.14,11:11,228.14,target,0.2864,71.08,1.946,226.48,break above 226.38
2024-10-10,orb,AAPL,short,44,09:48,227.1318,227.915,225.83,09:50,227.9834,stop,0.2851,-37.75,-1.235,227.22,break below 227.48
2024-10-16,orb,AAPL,short,43,09:54,230.1609,231.26,228.38,13:03,231.3294,stop,0.2823,-50.53,-1.224,230.3,break below 230.43
2024-10-21,orb,AAPL,long,42,10:15,235.9458,235.01,237.5,15:55,236.0692,time,0.2826,4.9,0.141,235.84,break above 235.48
2024-10-22,orb,AAPL,long,42,10:56,234.1952,233.405,235.91,14:04,235.92,target,0.2824,72.16,2.058,234.24,break above 234.14
2024-10-23,orb,AAPL,short,42,11:14,233.5099,234.51,231.99,11:54,231.99,target,0.2796,63.56,1.802,233.67,break below 233.89
2024-10-24,orb,AAPL,short,43,09:49,228.4115,229.5025,226.255,09:51,229.5714,stop,0.2802,-50.16,-1.078,228.42,break below 228.63
2024-10-25,orb,AAPL,long,43,09:49,231.6495,230.59,233.59,15:55,231.4106,time,0.2838,-10.56,-0.246,231.59,break above 231.58
2024-10-28,orb,AAPL,short,42,09:50,232.8001,233.8125,230.985,10:38,233.9152,stop,0.2788,-47.11,-1.19,232.87,break below 233.09
2024-10-29,orb,AAPL,long,42,10:25,234.0702,233.11,235.735,10:28,233.0401,stop,0.2791,-43.54,-1.185,233.985,break above 233.86
2024-10-30,orb,AAPL,short,43,10:27,231.6955,232.5475,230.17,13:30,230.17,target,0.2841,65.31,1.917,231.755,break below 231.88
2024-10-31,orb,AAPL,short,43,10:10,227.9866,229.0075,226.135,15:55,226.2979,time,0.2797,72.34,1.757,228.05,break below 228.21
2024-11-04,orb,AAPL,long,34,10:08,222.5467,221.0525,225.455,11:50,220.9862,stop,0.2145,-53.27,-1.068,222.52,break above 222.38
2024-11-08,orb,AAPL,short,44,10:38,227.0919,227.9175,225.72,15:55,226.9681,time,0.2851,5.16,0.16,227.185,break below 227.21
2024-11-11,orb,AAPL,short,44,09:51,223.6729,224.71,221.77,12:47,221.77,target,0.2809,83.45,1.935,223.73,break below 223.74
2024-11-12,orb,AAPL,long,44,11:09,225.2125,224.295,226.845,12:21,224.2277,stop,0.2816,-43.61,-1.166,225.145,break above 225.01
2024-11-13,orb,AAPL,short,42,09:46,222.9931,224.225,220.7,10:55,224.2923,stop,0.2673,-54.83,-1.111,223.05,break below 223.34
2024-11-14,orb,AAPL,long,44,10:30,226.633,225.735,228.24,13:08,228.24,target,0.2865,70.42,1.917,226.57,break above 226.47
2024-11-15,orb,AAPL,short,44,09:47,224.9625,225.985,222.91,15:55,225.1875,time,0.2825,-10.18,-0.226,224.96,break below 225.09
2024-11-18,orb,AAPL,long,44,10:03,227.2482,226.125,229.05,11:26,229.05,target,0.2875,78.99,1.841,227.1,break above 227.08
2024-11-19,orb,AAPL,long,43,10:14,228.7386,227.63,230.69,15:55,228.1115,time,0.2798,-27.24,-0.621,228.65,break above 228.53
2024-11-20,orb,AAPL,short,42,09:58,227.7517,228.9825,225.465,15:55,228.7386,time,0.2729,-41.72,-0.847,227.81,break below 228.04
2024-11-21,orb,AAPL,short,27,10:01,226.532,228.4175,222.875,11:00,228.4885,stop,0.1745,-53.0,-1.063,226.57,break below 226.91
2024-11-25,orb,AAPL,long,42,09:48,233.1999,232.315,234.85,09:52,232.2453,stop,0.2781,-40.37,-1.138,233.16,break above 233.14
2024-11-26,orb,AAPL,long,42,09:50,235.4406,234.21,237.3,10:05,234.1397,stop,0.2804,-54.92,-1.269,235.24,break above 234.99
2024-11-27,orb,AAPL,short,42,09:55,233.8598,234.7175,232.085,10:04,234.7879,stop,0.28,-39.26,-1.065,233.84,break below 233.85
2024-11-29,orb,AAPL,long,42,09:57,235.6957,234.79,237.43,12:51,237.43,target,0.2842,72.56,1.963,235.67,break above 235.61
2024-12-02,orb,AAPL,long,41,10:06,239.6519,238.3225,241.885,15:55,239.5281,time,0.2798,-5.35,-0.11,239.51,break above 239.47
2024-12-03,orb,AAPL,long,41,09:49,240.5521,239.46,242.4,14:52,242.405,target,0.2831,75.68,1.884,240.44,break above 239.93
2024-12-04,orb,AAPL,long,40,10:08,243.9732,243.135,246.0,11:23,243.0621,stop,0.2769,-36.72,-0.961,244.09,break above 243.75
2024-12-05,orb,AAPL,short,41,10:49,242.5772,243.6025,240.745,14:22,243.6756,stop,0.2833,-45.32,-1.16,242.65,break below 242.75
2024-12-06,orb,AAPL,long,41,09:46,243.7231,242.62,245.335,15:53,242.5472,stop,0.2833,-48.49,-1.307,243.525,break above 243.12
2024-12-09,orb,AAPL,long,41,09:46,243.553,242.525,245.42,10:48,245.42,target,0.2865,76.26,1.927,243.49,break above 243.25
2024-12-10,orb,AAPL,long,40,09:49,247.7843,246.76,249.7,10:24,246.686,stop,0.281,-44.21,-1.128,247.74,break above 247.63
2024-12-11,orb,AAPL,long,40,09:48,249.5949,248.54,251.36,13:50,248.4254,stop,0.2829,-47.06,-1.252,249.48,break above 249.43
2024-12-12,orb,AAPL,long,40,10:23,247.5843,246.5975,249.365,15:55,248.0756,time,0.2825,19.37,0.525,247.52,break above 247.44
2024-12-13,orb,AAPL,short,40,10:08,247.7656,248.5425,246.375,12:06,246.375,target,0.2822,55.34,1.915,247.82,break below 247.84
2024-12-17,orb,AAPL,long,33,09:54,252.9209,251.3625,255.855,15:55,253.4639,time,0.238,17.68,0.358,252.86,break above 252.85
2024-12-18,orb,AAPL,long,39,10:42,253.556,252.415,256.15,14:21,252.3393,stop,0.2801,-47.73,-0.983,253.66,break above 253.38
2024-12-19,orb,AAPL,long,40,10:05,249.3048,248.14,251.5,11:32,251.5,target,0.2863,87.52,1.954,249.26,break above 249.17
2024-12-20,orb,AAPL,long,38,10:19,248.8796,247.4875,251.425,11:16,251.44,target,0.2719,97.02,1.945,248.8,break above 248.64
2024-12-23,orb,AAPL,short,39,10:10,253.7389,254.7725,251.9,10:22,254.3363,eod,0.2816,-23.58,-0.631,253.815,break below 253.93
2024-12-24,orb,AAPL,long,38,09:53,257.0271,256.175,258.65,12:59,258.1025,eod,0.279,40.59,1.295,257.0,break above 256.99
2024-12-26,orb,AAPL,short,38,09:55,258.0076,259.12,256.0,11:17,259.1977,stop,0.2789,-45.51,-1.151,258.08,break below 258.14
2024-12-27,orb,AAPL,short,35,10:02,256.1231,257.4,253.17,12:08,253.17,target,0.255,103.1,2.089,255.99,break below 256.16
2024-12-30,orb,AAPL,short,39,10:27,250.7647,251.955,248.88,10:40,252.0356,stop,0.2784,-49.84,-1.247,250.93,break below 250.94
2024-12-31,orb,AAPL,short,39,09:49,251.7894,252.52,250.51,12:33,250.51,target,0.2795,49.62,1.899,251.85,break below 251.90
2025-01-03,orb,AAPL,long,40,09:46,243.9832,242.89,245.95,09:48,242.8171,stop,0.2767,-46.92,-1.15,243.91,break above 243.89
2025-01-06,orb,AAPL,long,37,10:46,246.4339,245.03,249.02,12:51,244.9565,stop,0.2581,-54.92,-1.116,246.36,break above 246.18
2025-01-07,orb,AAPL,long,38,09:46,245.3736,243.93,247.86,11:13,243.8568,stop,0.2639,-57.9,-1.163,245.24,break above 245.09
2025-01-08,orb,AAPL,long,41,10:19,242.2276,241.065,244.32,14:03,240.9877,stop,0.2815,-51.12,-1.149,242.15,break above 241.97
2025-01-10,orb,AAPL,short,42,09:53,237.8386,239.065,235.615,10:57,235.615,target,0.2847,93.11,1.928,237.915,break below 238.00
2025-01-13,orb,AAPL,short,30,10:00,230.2559,231.925,226.99,12:15,231.9946,stop,0.197,-52.36,-1.061,230.28,break below 230.29
2025-01-14,orb,AAPL,short,42,11:20,234.1297,235.18,232.24,15:55,233.0449,time,0.2803,45.28,1.1,234.2,break below 234.34
2025-01-15,orb,AAPL,long,31,09:46,237.6113,235.9725,240.765,15:55,237.5987,time,0.2099,-0.6,-0.012,237.57,break above 237.50
2025-01-16,orb,AAPL,short,37,09:50,235.6743,236.95,232.96,10:29,232.96,target,0.2486,100.18,2.036,235.62,break below 235.95
2025-01-22,orb,AAPL,long,29,09:55,223.1869,221.4225,226.545,15:55,223.7828,time,0.1852,17.1,0.345,223.13,break above 223.02
2025-01-23,orb,AAPL,short,44,09:46,224.3627,225.37,222.55,09:54,225.4376,stop,0.2817,-47.58,-1.15,224.43,break below 224.50
2025-01-24,orb,AAPL,short,44,10:01,224.2027,225.0025,222.85,10:20,222.85,target,0.2815,59.24,1.876,224.285,break below 224.39
2025-01-27,orb,AAPL,long,29,09:47,227.3882,225.685,230.74,09:57,225.6173,stop,0.1867,-51.54,-1.055,227.37,break above 227.35
2025-01-29,orb,AAPL,long,42,10:06,236.2859,235.065,238.44,15:10,238.44,target,0.2854,90.19,1.909,236.19,break above 236.08
2025-01-30,orb,AAPL,short,38,10:03,238.2285,239.6325,235.755,13:58,239.7044,stop,0.258,-56.34,-1.147,238.34,break below 238.50
2025-02-03,orb,AAPL,short,37,09:55,229.2612,230.6775,226.725,10:12,226.725,target,0.242,93.6,1.92,229.36,break below 229.53
2025-02-04,orb,AAPL,long,43,09:51,228.7736,227.585,231.05,10:38,231.05,target,0.2833,97.6,1.965,228.74,break above 228.51
2025-02-05,orb,AAPL,long,41,09:57,230.6742,229.395,233.01,10:04,229.3262,stop,0.2682,-55.54,-1.124,230.6,break above 230.49
2025-02-06,orb,AAPL,long,33,09:47,233.6501,232.135,236.62,10:20,232.0654,stop,0.2184,-52.51,-1.064,233.63,break above 233.49
2025-02-07,orb,AAPL,short,35,10:01,231.7405,233.05,228.88,11:46,228.85,target,0.2313,100.93,2.075,231.66,break below 232.10
2025-02-10,orb,AAPL,short,43,10:00,229.1112,229.835,227.825,10:08,229.904,stop,0.281,-34.37,-1.193,229.165,break below 229.21
2025-02-12,orb,AAPL,long,42,09:55,232.7698,231.6775,234.685,10:06,231.608,stop,0.2774,-49.07,-1.166,232.68,break above 232.59
2025-02-13,orb,AAPL,short,28,10:08,235.5693,237.4175,232.145,10:22,237.4887,stop,0.188,-53.93,-1.096,235.66,break below 235.90
2025-02-14,orb,AAPL,long,38,09:48,243.8531,242.43,246.345,15:55,244.8065,time,0.2649,35.96,0.725,243.735,break above 243.65
2025-02-18,orb,AAPL,long,40,09:56,245.0835,243.945,247.155,10:26,243.8718,stop,0.2778,-48.75,-1.139,245.015,break above 245.00
2025-02-19,orb,AAPL,short,40,10:19,244.2117,245.11,242.38,12:04,245.2636,stop,0.2782,-42.35,-1.164,244.2,break below 244.22
2025-02-20,orb,AAPL,short,39,10:01,244.4067,245.745,241.98,11:03,245.8187,stop,0.2715,-55.34,-1.131,244.49,break below 244.83
2025-02-21,orb,AAPL,short,40,09:50,245.5463,246.255,244.11,11:06,246.3289,stop,0.2797,-31.58,-1.104,245.54,break below 245.60
2025-02-24,orb,AAPL,long,26,10:00,248.1544,246.205,251.785,10:43,246.1311,stop,0.1822,-52.79,-1.092,248.065,break above 247.88
2025-02-25,orb,AAPL,short,39,10:01,247.0159,248.325,244.53,11:48,248.3995,stop,0.2743,-54.24,-1.099,247.06,break below 247.14
2025-02-27,orb,AAPL,short,27,10:08,238.7434,240.61,235.24,10:18,240.6822,stop,0.1837,-52.53,-1.087,238.82,break below 238.97
2025-02-28,orb,AAPL,long,37,10:01,237.3412,235.99,239.98,10:06,235.8892,stop,0.2488,-53.97,-1.097,237.32,break above 237.30
2025-03-03,orb,AAPL,short,29,09:57,240.7827,242.5325,237.485,11:22,242.6628,stop,0.1989,-54.72,-1.121,240.85,break below 241.06
2025-03-04,orb,AAPL,short,42,09:54,237.1288,238.3325,235.1,10:07,238.404,stop,0.2838,-53.84,-1.19,237.255,break below 237.30
2025-03-05,orb,AAPL,short,29,09:48,232.9301,234.71,229.67,11:35,229.67,target,0.1926,94.35,1.937,233.03,break below 233.54
2025-03-06,orb,AAPL,long,32,10:09,236.611,235.0325,239.585,11:51,234.962,stop,0.2143,-52.98,-1.091,236.55,break above 236.45
2025-03-11,orb,AAPL,short,29,09:54,222.5832,224.2575,219.135,12:17,219.135,target,0.1843,99.81,2.016,222.55,break below 222.69
2025-03-12,orb,AAPL,short,38,10:24,219.1592,220.515,216.645,10:48,216.645,target,0.2378,95.3,1.944,219.225,break below 219.30
2025-03-13,orb,AAPL,short,38,10:30,214.2357,215.5925,211.685,12:03,211.685,target,0.2326,96.69,1.954,214.29,break below 214.39
2025-03-14,orb,AAPL,short,33,10:11,210.7068,212.2,207.73,11:20,212.2637,stop,0.1988,-51.58,-1.049,210.71,break below 210.99
2025-03-17,orb,AAPL,short,34,10:55,211.9864,213.575,209.27,13:51,213.6391,stop,0.206,-56.4,-1.156,212.14,break below 212.21
2025-03-18,orb,AAPL,short,45,09:46,213.0211,214.19,210.92,09:56,214.2543,stop,0.274,-55.77,-1.137,213.1,break below 213.36
2025-03-19,orb,AAPL,long,46,09:47,215.6347,214.735,217.21,09:55,217.21,target,0.2854,72.18,1.902,215.56,break above 215.52
2025-03-20,orb,AAPL,long,46,09:46,214.7244,213.7725,216.42,10:11,216.42,target,0.2844,77.71,1.914,214.655,break above 214.62
2025-03-21,orb,AAPL,long,41,09:52,213.9442,212.66,216.245,15:50,216.245,target,0.2533,94.08,1.92,213.855,break above 213.77
2025-03-25,orb,AAPL,long,39,10:00,222.7568,221.295,225.06,15:55,223.7728,time,0.2491,39.38,0.805,222.55,break above 222.50
2025-03-26,orb,AAPL,long,44,09:51,224.8624,224.08,226.42,10:00,224.0128,stop,0.2813,-37.67,-1.098,224.86,break above 224.80
2025-03-27,orb,AAPL,long,45,10:54,222.2567,221.325,223.74,12:20,223.74,target,0.2874,66.46,1.835,222.13,break above 222.07
2025-03-28,orb,AAPL,long,43,09:47,223.367,222.03,225.45,10:10,221.9634,stop,0.2725,-60.63,-1.237,223.17,break above 223.06
2025-03-31,orb,AAPL,long,33,10:15,218.9007,217.37,221.81,15:34,221.81,target,0.209,95.8,1.961,218.85,break above 218.49
2025-04-01,orb,AAPL,long,40,09:46,221.4164,220.0875,223.785,15:55,223.268,time,0.2549,73.81,1.497,221.32,break above 221.26
2025-04-02,orb,AAPL,long,44,09:57,222.9369,221.985,224.73,12:49,224.73,target,0.2822,78.62,1.953,222.9,break above 222.83
2025-04-08,orb,AAPL,long,33,09:53,187.9764,186.3,190.8,10:59,186.2441,stop,0.1763,-57.34,-1.158,187.8,break above 187.46
2025-04-15,orb,AAPL,long,42,09:54,203.481,202.21,205.765,10:04,202.1493,stop,0.243,-56.17,-1.129,203.395,break above 203.24
2025-04-16,orb,AAPL,short,39,09:48,198.1255,199.42,195.58,13:45,195.58,target,0.2213,99.05,1.984,198.14,break below 198.30
2025-04-17,orb,AAPL,short,40,09:47,194.7516,195.965,192.23,09:52,196.0238,stop,0.2232,-51.11,-1.026,194.72,break below 194.73
2025-04-21,orb,AAPL,short,46,10:01,192.0124,193.115,189.86,15:55,192.7528,time,0.2532,-34.31,-0.687,192.03,break below 192.43
2025-04-22,orb,AAPL,long,50,09:47,197.7593,196.7375,199.535,12:00,199.535,target,0.2857,88.5,1.898,197.67,break above 197.44
2025-04-23,orb,AAPL,long,29,10:36,207.8423,206.07,211.17,11:23,206.0082,stop,0.1709,-53.36,-1.082,207.77,break above 207.50
2025-04-24,orb,AAPL,long,36,10:00,205.7117,204.2175,208.35,15:49,208.35,target,0.2145,94.76,1.911,205.595,break above 205.47
2025-04-25,orb,AAPL,long,31,09:46,208.9627,207.405,212.16,10:21,207.3428,stop,0.1838,-50.4,-1.026,208.99,break above 208.37
2025-04-28,orb,AAPL,short,38,10:02,208.7823,210.215,206.33,15:07,210.2781,stop,0.2269,-57.06,-1.16,208.92,break below 208.99
2025-04-29,orb,AAPL,long,41,09:46,210.7432,209.41,213.025,12:56,209.3472,stop,0.2454,-57.48,-1.163,210.615,break above 210.43
2025-04-30,orb,AAPL,long,25,11:01,210.208,208.1525,214.1,15:55,212.3163,time,0.1517,52.55,1.06,210.135,break above 209.62
2025-05-07,orb,AAPL,long,47,10:25,199.4298,198.34,201.49,10:50,198.2805,stop,0.2669,-54.28,-1.1,199.39,break above 199.30
2025-05-08,orb,AAPL,short,50,09:57,196.2261,197.195,194.3,10:52,197.2542,stop,0.2811,-51.68,-1.071,196.23,break below 196.27
2025-05-09,orb,AAPL,short,43,10:28,198.1955,199.46,195.995,15:55,198.8246,time,0.2441,-27.3,-0.55,198.305,break below 198.40
2025-05-13,orb,AAPL,long,40,10:33,211.7785,210.4975,214.225,15:55,212.9561,time,0.2434,46.86,0.943,211.74,break above 211.59
2025-05-14,orb,AAPL,long,46,10:20,213.7841,212.725,215.56,10:44,212.6612,stop,0.2796,-51.93,-1.195,213.67,break above 213.59
2025-05-15,orb,AAPL,short,47,09:47,210.6668,211.77,208.74,10:58,211.8335,stop,0.2831,-55.12,-1.161,210.76,break below 211.05
2025-05-16,orb,AAPL,short,47,10:22,210.8967,211.73,209.57,14:27,211.7935,stop,0.2834,-42.43,-1.254,211.01,break below 211.04
2025-05-20,orb,AAPL,long,45,10:49,208.4725,207.3475,210.625,11:24,207.2853,stop,0.2668,-53.69,-1.092,208.44,break above 208.22
2025-05-21,orb,AAPL,long,48,09:52,205.4116,204.67,206.68,10:15,206.68,target,0.2838,60.6,1.884,205.34,break above 205.27
2025-05-22,orb,AAPL,long,48,10:07,201.6905,200.57,203.66,10:22,200.5098,stop,0.2755,-56.95,-1.152,201.6,break above 201.43
2025-05-27,orb,AAPL,short,50,09:55,197.4607,198.35,195.89,10:05,198.4095,stop,0.2828,-47.72,-1.164,197.53,break below 197.55
2025-05-28,orb,AAPL,short,46,09:48,200.5898,201.6775,198.445,15:55,200.4301,time,0.2642,7.08,0.143,200.6,break below 200.63
2025-05-29,orb,AAPL,short,47,09:48,201.7345,202.8425,199.7,11:57,199.7,target,0.2714,95.35,1.937,201.795,break below 201.97
2025-05-30,orb,AAPL,short,50,09:50,198.1805,198.975,197.085,10:05,199.0347,stop,0.2838,-42.99,-1.365,198.345,break below 198.37
2025-06-02,orb,AAPL,short,49,10:07,200.07,201.145,198.19,10:45,201.2053,stop,0.2807,-55.91,-1.158,200.16,break below 200.21
2025-06-03,orb,AAPL,long,49,09:50,202.6708,201.7675,204.28,10:29,201.7045,stop,0.2829,-47.63,-1.161,202.605,break above 202.58
2025-06-04,orb,AAPL,long,44,09:50,204.9615,203.765,207.14,11:44,203.7039,stop,0.2565,-55.59,-1.123,204.89,break above 204.84
2025-06-05,orb,AAPL,short,49,09:47,202.4892,203.25,201.285,10:42,203.311,stop,0.284,-40.55,-1.263,202.595,break below 202.68
2025-06-09,orb,AAPL,long,48,10:11,205.7167,204.755,207.41,10:54,204.6936,stop,0.2811,-49.39,-1.163,205.64,break above 205.50
2025-06-10,orb,AAPL,long,38,10:08,203.2009,201.88,205.78,13:25,201.8194,stop,0.2195,-52.72,-1.067,203.18,break above 203.14
2025-06-11,orb,AAPL,short,49,09:51,202.5792,203.5225,200.575,12:02,200.575,target,0.2841,97.92,2.034,202.54,break below 202.56
2025-06-12,orb,AAPL,short,50,10:03,197.4907,198.565,195.88,10:47,198.6246,stop,0.2828,-56.97,-1.273,197.67,break below 197.76
2025-06-16,orb,AAPL,long,50,09:56,197.9194,197.2225,199.135,11:26,197.1633,stop,0.2824,-38.08,-1.195,197.86,break above 197.81
2025-06-17,orb,AAPL,short,50,09:46,196.3111,197.225,194.48,10:08,197.2842,stop,0.2812,-48.94,-1.07,196.31,break below 196.58
2025-06-18,orb,AAPL,long,51,09:50,196.1988,195.545,197.135,10:12,197.135,target,0.288,47.46,1.756,196.075,break above 196.02
2025-06-23,orb,AAPL,long,49,09:54,201.8705,200.8275,203.655,10:54,200.7673,stop,0.2816,-54.34,-1.177,201.77,break above 201.69
2025-06-24,orb,AAPL,short,49,09:46,201.2146,202.0925,200.015,12:10,202.1531,stop,0.2822,-46.27,-1.364,201.4,break below 201.45
2025-06-26,orb,AAPL,short,33,11:31,199.5101,201.1325,196.625,14:16,201.1928,stop,0.1885,-55.72,-1.124,199.63,break below 199.69
2025-06-27,orb,AAPL,short,40,10:34,200.9697,202.255,198.58,12:54,202.3157,stop,0.2301,-54.07,-1.103,201.03,break below 201.31
2025-06-30,orb,AAPL,short,49,10:04,200.4898,201.37,198.91,14:45,201.4304,stop,0.2812,-46.37,-1.154,200.55,break below 200.57
2025-07-01,orb,AAPL,long,40,09:49,208.5125,207.2775,210.945,11:38,207.2153,stop,0.2371,-52.13,-1.066,208.5,break above 208.35
2025-07-03,orb,AAPL,long,46,09:46,213.264,212.35,214.96,13:51,213.296,eod,0.2804,1.19,0.03,213.22,break above 212.88
2025-07-08,orb,AAPL,long,44,10:52,210.5832,209.4825,212.835,13:37,209.4197,stop,0.2635,-51.46,-1.047,210.6,break above 210.46
2025-07-09,orb,AAPL,short,47,10:32,209.1572,210.14,207.68,10:57,207.68,target,0.2811,69.15,1.794,209.32,break below 209.40
2025-07-10,orb,AAPL,long,47,10:00,211.3384,210.6775,212.47,10:35,212.47,target,0.2854,52.9,1.884,211.275,break above 211.12
2025-07-11,orb,AAPL,long,47,09:59,211.1033,210.415,212.23,15:55,211.3066,time,0.2839,9.27,0.326,211.02,break above 210.96
2025-07-14,orb,AAPL,short,35,09:46,208.0076,209.555,205.31,15:55,208.7026,time,0.2082,-24.53,-0.495,208.14,break below 208.26
2025-07-15,orb,AAPL,long,45,11:28,211.2834,210.0375,213.345,15:24,209.9745,stop,0.2701,-59.17,-1.193,211.14,break above 211.11
2025-07-16,orb,AAPL,short,47,09:51,210.1669,210.735,209.1,09:55,210.7982,stop,0.2824,-29.95,-1.169,210.19,break below 210.28
2025-07-17,orb,AAPL,short,47,09:56,210.047,210.5425,208.975,10:04,210.6057,stop,0.2822,-26.54,-1.081,210.02,break below 210.10
2025-07-18,orb,AAPL,short,47,10:10,209.7471,210.465,208.26,10:38,210.5281,stop,0.2819,-36.99,-1.071,209.73,break below 209.92
2025-07-21,orb,AAPL,long,23,09:46,215.5847,213.275,219.68,11:00,213.211,stop,0.1401,-54.73,-1.115,215.41,break above 214.86
2025-07-23,orb,AAPL,short,46,09:46,213.116,214.1875,211.075,13:28,214.2518,stop,0.2802,-52.52,-1.101,213.15,break below 213.26
2025-07-24,orb,AAPL,short,46,09:55,213.6609,214.695,211.59,10:24,214.7594,stop,0.2809,-50.81,-1.067,213.66,break below 213.71
2025-07-25,orb,AAPL,long,46,10:34,214.9845,214.325,216.02,11:21,214.2607,stop,0.2816,-33.58,-1.292,214.89,break above 214.82
2025-07-28,orb,AAPL,long,46,10:15,214.6894,214.1125,215.785,13:11,214.0483,stop,0.2814,-29.77,-1.161,214.67,break above 214.60
2025-07-29,orb,AAPL,short,46,09:46,213.5959,214.3,212.38,09:50,212.38,target,0.2808,55.65,1.89,213.66,break below 213.80
2025-07-30,orb,AAPL,short,47,09:50,210.2169,211.41,208.35,14:59,208.35,target,0.2825,87.46,1.824,210.39,break below 210.45
2025-07-31,orb,AAPL,long,47,10:14,209.6329,208.6725,211.155,11:08,208.6099,stop,0.2804,-48.36,-1.243,209.5,break above 209.44
2025-08-04,orb,AAPL,long,43,09:52,206.3469,205.145,208.565,12:02,205.0835,stop,0.2523,-54.58,-1.113,206.285,break above 206.09
2025-08-05,orb,AAPL,long,48,10:19,204.2613,203.1925,206.305,12:40,203.1315,stop,0.279,-54.51,-1.094,204.23,break above 204.22
2025-08-07,orb,AAPL,long,25,09:58,220.196,218.2225,224.125,10:15,218.157,stop,0.1558,-51.13,-1.04,220.19,break above 219.82
2025-08-08,orb,AAPL,long,37,09:56,221.5614,220.1475,224.175,11:21,224.175,target,0.2367,96.46,1.942,221.49,break above 221.00
2025-08-12,orb,AAPL,short,36,09:51,227.4018,228.65,224.525,10:14,228.7186,stop,0.2336,-47.64,-0.962,227.275,break below 227.39
2025-08-13,orb,AAPL,long,43,10:14,232.5097,231.32,234.455,10:53,234.455,target,0.2874,83.36,1.855,232.365,break above 232.18
2025-08-14,orb,AAPL,short,41,10:08,232.7252,234.005,230.36,15:55,233.0999,time,0.2721,-15.64,-0.314,232.79,break below 232.91
2025-08-15,orb,AAPL,short,42,09:46,232.5202,233.515,230.95,10:51,230.95,target,0.2785,65.67,1.829,232.66,break below 232.84
2025-08-18,orb,AAPL,long,42,09:49,232.7098,231.955,233.935,09:54,231.8854,stop,0.2777,-34.9,-1.259,232.615,break above 232.54
2025-08-19,orb,AAPL,long,43,09:52,232.0046,231.3275,233.555,10:45,231.2581,stop,0.2836,-32.38,-1.014,232.07,break above 232.03
2025-08-20,orb,AAPL,short,33,09:46,227.4118,228.905,224.39,15:55,226.608,time,0.2141,26.31,0.53,227.4,break below 227.45
2025-08-21,orb,AAPL,short,44,11:13,224.7026,225.6,222.87,11:37,225.6677,stop,0.2822,-42.75,-1.068,224.69,break below 224.70
2025-08-22,orb,AAPL,long,33,10:01,227.7583,226.1625,230.685,15:55,227.5717,time,0.2143,-6.37,-0.128,227.67,break above 226.89
2025-08-25,orb,AAPL,long,43,09:48,228.3785,227.1525,230.415,15:55,227.3918,time,0.279,-42.71,-0.913,228.24,break above 228.05
2025-08-26,orb,AAPL,short,44,09:46,225.1274,226.17,223.155,10:20,226.2379,stop,0.2827,-49.14,-1.111,225.165,break below 225.30
2025-08-27,orb,AAPL,long,43,10:32,230.3691,229.27,232.33,15:55,230.7608,time,0.283,16.56,0.378,230.29,break above 230.24
2025-08-28,orb,AAPL,long,43,10:43,230.9643,230.11,232.54,12:58,232.54,target,0.2851,67.47,1.937,230.92,break above 230.88
2025-08-29,orb,AAPL,short,43,10:09,231.4106,232.585,229.6,10:25,232.6548,stop,0.2838,-53.79,-1.257,231.59,break below 231.86
2025-09-02,orb,AAPL,long,43,09:47,229.7989,228.6275,232.055,10:49,228.5589,stop,0.2804,-53.6,-1.091,229.77,break above 229.56
2025-09-04,orb,AAPL,long,40,09:48,239.5118,238.22,241.94,10:05,238.1485,stop,0.2715,-54.8,-1.105,239.46,break above 239.37
2025-09-05,orb,AAPL,long,41,10:03,240.6372,239.91,242.22,10:17,239.838,stop,0.2802,-33.05,-1.047,240.68,break above 240.61
2025-09-08,orb,AAPL,short,41,11:20,238.7434,239.435,237.35,12:40,237.35,target,0.2789,56.85,1.995,238.74,break below 238.77
2025-09-09,orb,AAPL,short,42,09:51,236.2141,237.17,234.32,13:05,237.2412,stop,0.2828,-43.42,-1.088,236.22,break below 236.35
2025-09-10,orb,AAPL,short,29,10:04,228.6814,230.575,225.49,15:55,226.798,time,0.1892,54.43,1.107,228.88,break below 228.89
2025-09-11,orb,AAPL,long,43,09:55,228.6986,227.525,230.495,15:55,230.3509,time,0.2825,70.77,1.662,228.515,break above 228.39
2025-09-12,orb,AAPL,long,42,10:00,231.1743,229.9525,233.455,10:23,233.455,target,0.2796,95.51,1.948,231.12,break above 230.88
2025-09-15,orb,AAPL,short,37,09:47,235.4893,236.9375,232.895,10:59,237.0086,stop,0.2484,-56.46,-1.132,235.59,break below 235.69
2025-09-16,orb,AAPL,long,36,09:47,238.7216,237.335,241.4,15:55,238.6584,time,0.2448,-2.52,-0.052,238.69,break above 238.31
2025-09-18,orb,AAPL,short,25,09:47,237.6287,239.61,233.7,15:55,237.9664,time,0.1693,-8.61,-0.175,237.64,break below 238.06
2025-09-19,orb,AAPL,short,41,10:19,240.3379,241.58,238.04,10:33,241.6525,stop,0.2807,-54.18,-1.12,240.4,break below 240.49
2025-09-22,orb,AAPL,long,30,10:01,251.4354,249.715,254.71,11:14,254.71,target,0.2174,98.02,1.962,251.38,break above 251.27
2025-09-23,orb,AAPL,short,39,10:47,255.1934,256.295,253.19,11:24,256.3719,stop,0.2832,-46.24,-1.146,255.26,break below 255.31
2025-09-24,orb,AAPL,short,31,09:46,252.4642,254.1225,249.285,15:55,252.4057,time,0.2227,1.59,0.032,252.51,break below 252.56
2025-09-26,orb,AAPL,long,39,09:47,256.2168,254.8925,258.335,10:13,254.816,stop,0.2827,-54.91,-1.227,256.04,break above 256.00
2025-09-30,orb,AAPL,long,39,10:01,255.7967,254.765,257.6,10:11,254.6886,stop,0.2826,-43.5,-1.18,255.71,break above 255.56
2025-10-02,orb,AAPL,long,28,11:29,257.5873,255.715,261.055,15:55,257.0729,time,0.2048,-14.61,-0.293,257.495,break above 257.27
2025-10-06,orb,AAPL,short,24,09:47,255.1784,257.37,251.28,10:08,257.4472,stop,0.1742,-54.63,-1.121,255.34,break below 255.68
2025-10-07,orb,AAPL,short,39,10:41,256.1631,256.845,255.12,11:13,256.9221,stop,0.2842,-29.88,-1.333,256.27,break below 256.30
2025-10-08,orb,AAPL,long,38,09:52,257.7373,256.8775,259.525,15:55,258.3025,time,0.2792,21.2,0.632,257.76,break above 257.63
2025-10-09,orb,AAPL,short,37,09:46,255.2934,256.7375,252.785,15:55,254.3363,time,0.2687,35.14,0.721,255.42,break below 255.51
2025-10-10,orb,AAPL,short,32,10:58,253.8538,255.45,250.83,11:07,250.83,target,0.2311,96.53,1.959,253.91,break below 254.54
2025-10-14,orb,AAPL,long,40,10:25,247.2041,245.88,249.435,15:55,247.2858,time,0.2816,2.98,0.063,247.065,break above 246.99
2025-10-15,orb,AAPL,long,39,10:00,250.8452,249.6775,252.7,11:30,249.6026,stop,0.2771,-48.74,-1.24,250.685,break above 250.63
2025-10-16,orb,AAPL,long,40,10:38,248.4945,247.25,250.565,12:18,247.1758,stop,0.2815,-53.03,-1.2,248.355,break above 248.28
2025-10-17,orb,AAPL,short,40,09:46,247.3658,248.22,245.64,09:50,248.3545,stop,0.2817,-39.83,-1.158,247.36,break below 247.38
2025-10-20,orb,AAPL,long,22,09:56,259.5778,257.39,264.11,11:48,264.11,target,0.1652,99.54,2.02,259.63,break above 259.12
2025-10-21,orb,AAPL,long,29,09:53,265.2896,263.5075,268.57,09:55,263.316,stop,0.2171,-57.45,-1.174,265.195,break above 264.99
2025-10-22,orb,AAPL,short,37,09:59,260.082,261.4675,257.425,12:30,257.425,target,0.2737,98.03,1.966,260.12,break below 260.12
2025-10-23,orb,AAPL,short,38,09:59,257.9476,259.1075,255.89,10:14,259.1852,stop,0.2788,-47.31,-1.161,258.035,break below 258.16
2025-10-24,orb,AAPL,short,38,09:50,259.3022,260.4925,256.84,10:13,260.5706,stop,0.2802,-48.48,-1.048,259.275,break below 259.41
2025-10-27,orb,AAPL,long,37,10:05,266.795,265.67,268.76,10:28,265.5903,stop,0.2793,-44.85,-1.177,266.7,break above 266.66
2025-10-28,orb,AAPL,short,37,10:41,268.1695,269.065,266.5,10:54,269.1657,stop,0.282,-37.14,-1.174,268.21,break below 268.28
2025-10-29,orb,AAPL,long,36,10:06,271.2463,269.9725,273.655,10:32,269.8915,stop,0.2761,-49.05,-1.11,271.2,break above 271.19
2025-10-30,orb,AAPL,short,28,10:03,270.5488,272.385,267.06,15:55,271.6615,time,0.2152,-31.37,-0.631,270.61,break below 270.65
2025-11-03,orb,AAPL,short,25,09:46,266.9399,269.045,263.06,15:55,267.8403,time,0.1897,-22.7,-0.455,267.05,break below 267.25
2025-11-04,orb,AAPL,long,37,09:49,269.6709,268.5675,271.425,09:53,268.4869,stop,0.2823,-44.09,-1.251,269.52,break above 269.46
2025-11-05,orb,AAPL,long,36,09:57,269.4908,268.0425,272.145,15:55,269.909,time,0.2761,14.78,0.3,269.41,break above 269.12
2025-11-06,orb,AAPL,long,37,09:59,269.8109,268.71,271.74,10:22,271.74,target,0.2857,71.09,1.902,269.72,break above 269.49
2025-11-07,orb,AAPL,long,26,10:03,271.0213,268.915,274.57,11:55,268.8343,stop,0.1986,-57.06,-1.164,270.8,break above 270.50
2025-11-10,orb,AAPL,long,24,09:46,272.6418,270.615,276.69,10:58,270.5088,stop,0.1845,-51.38,-1.057,272.64,break above 272.24
2025-11-11,orb,AAPL,long,29,09:46,273.272,271.53,276.585,15:55,275.1674,time,0.2267,54.74,1.12,273.215,break above 273.21
2025-11-12,orb,AAPL,short,31,09:47,271.9084,273.605,268.91,10:35,273.6871,stop,0.2395,-55.38,-1.141,272.04,break below 272.05
2025-11-13,orb,AAPL,short,32,10:22,273.4879,275.1525,270.495,15:55,272.8768,time,0.2486,19.31,0.389,273.6,break below 273.63
2025-11-14,orb,AAPL,long,33,09:54,272.2717,270.78,275.22,12:10,275.22,target,0.258,97.04,1.987,272.26,break above 271.91
2025-11-17,orb,AAPL,long,35,09:47,269.8809,268.335,272.535,10:40,268.2545,stop,0.2668,-57.19,-1.167,269.735,break above 269.66
2025-11-18,orb,AAPL,short,29,09:49,267.3598,269.1625,264.16,13:52,269.2432,stop,0.2204,-54.84,-1.134,267.495,break below 267.63
2025-11-19,orb,AAPL,long,22,09:46,269.7509,267.44,274.01,15:55,268.5494,time,0.1679,-26.6,-0.552,269.63,break above 269.36
2025-11-20,orb,AAPL,long,25,09:46,274.8874,272.94,278.73,11:05,272.8581,stop,0.1938,-50.93,-1.055,274.87,break above 274.86
2025-11-21,orb,AAPL,long,25,10:07,269.5608,267.565,273.34,15:55,271.4086,time,0.1928,46.0,0.956,269.49,break above 269.39
2025-11-26,orb,AAPL,short,36,09:59,276.8369,278.0275,274.705,10:55,278.1109,stop,0.283,-46.15,-1.157,276.92,break below 277.15
2025-11-28,orb,AAPL,short,36,11:27,275.9472,277.1625,273.795,12:39,277.2456,stop,0.2821,-47.03,-1.164,276.04,break below 276.12
2025-12-01,orb,AAPL,short,36,09:47,276.1571,277.6075,273.475,09:57,277.6908,stop,0.2824,-55.49,-1.119,276.23,break below 276.47
2025-12-02,orb,AAPL,long,35,09:52,284.9955,283.675,287.455,09:56,283.5899,stop,0.2817,-49.48,-1.122,284.935,break above 284.65
2025-12-03,orb,AAPL,short,34,11:01,285.8242,287.285,283.07,15:55,283.7951,time,0.2758,68.71,1.438,285.88,break below 285.96
2025-12-04,orb,AAPL,short,35,09:47,282.1003,283.545,279.72,13:11,279.7,target,0.2803,83.73,1.876,282.27,break below 282.39
2025-12-05,orb,AAPL,long,35,10:22,281.1443,280.1675,282.875,10:52,280.0834,stop,0.2783,-37.41,-1.184,281.07,break above 281.05
2025-12-08,orb,AAPL,short,36,10:39,277.2968,278.535,275.115,15:55,277.5382,time,0.2835,-8.98,-0.219,277.395,break below 277.45
2025-12-09,orb,AAPL,short,35,10:02,277.6267,279.085,275.29,15:55,277.2732,time,0.2759,12.1,0.273,277.82,break below 278.15
2025-12-10,orb,AAPL,long,35,09:49,278.4335,277.45,280.57,10:03,277.3668,stop,0.2757,-37.61,-1.033,278.49,break above 278.27
2025-12-16,orb,AAPL,long,36,09:51,274.0322,272.8025,276.005,10:03,272.7207,stop,0.2789,-47.49,-1.236,273.87,break above 273.79
2025-12-17,orb,AAPL,short,36,10:46,274.7426,275.545,273.46,11:20,273.46,target,0.2809,45.89,1.834,274.85,break below 274.94
2025-12-19,orb,AAPL,short,36,09:49,271.6035,272.2075,270.385,09:53,272.3117,stop,0.2778,-25.77,-1.178,271.6,break below 271.64
2025-12-22,orb,AAPL,short,36,09:50,272.1283,273.0675,270.435,15:55,271.0613,time,0.2783,38.14,1.207,272.19,break below 272.32
2025-12-23,orb,AAPL,long,36,09:47,271.5014,270.465,273.27,15:55,272.2983,time,0.2785,28.41,0.844,271.4,break above 271.32
2025-12-24,orb,AAPL,long,36,11:06,274.8524,273.615,276.99,12:59,273.8178,eod,0.28,-37.53,-0.927,274.74,break above 274.71
2025-12-30,orb,AAPL,short,36,10:28,272.4083,273.245,270.92,11:08,273.327,stop,0.2786,-33.35,-1.195,272.47,break below 272.49
2025-12-31,orb,AAPL,short,36,09:46,272.2983,272.975,270.92,09:52,273.0569,stop,0.2785,-27.59,-1.119,272.29,break below 272.30
2026-01-02,orb,AAPL,long,22,09:46,276.0928,273.735,280.365,10:24,273.6529,stop,0.171,-53.85,-1.108,275.945,break above 275.52
2026-01-07,orb,AAPL,short,38,11:26,261.1316,262.445,258.8,12:01,262.5237,stop,0.2822,-53.18,-1.152,261.23,break below 261.27
2026-01-08,orb,AAPL,short,39,10:04,255.8532,256.85,254.105,10:10,256.9271,stop,0.2839,-42.16,-1.182,255.935,break below 255.95
2026-01-09,orb,AAPL,short,29,09:49,257.0029,258.84,253.71,12:24,258.9177,stop,0.212,-55.74,-1.124,257.13,break below 257.73
2026-01-12,orb,AAPL,long,20,10:28,261.0883,258.49,265.885,15:55,260.2719,time,0.148,-16.48,-0.334,260.955,break above 260.13
2026-01-14,orb,AAPL,short,38,09:52,259.1122,260.535,256.59,10:16,260.6132,stop,0.28,-57.31,-1.147,259.22,break below 259.26
2026-01-15,orb,AAPL,short,38,10:49,259.5621,260.395,258.22,11:22,260.4731,stop,0.2805,-34.9,-1.267,259.67,break below 259.78
2026-01-16,orb,AAPL,short,38,09:46,257.3778,258.195,255.78,12:30,255.78,target,0.2782,60.44,1.976,257.39,break below 257.50
2026-01-20,orb,AAPL,short,38,09:49,252.0244,253.59,249.69,13:12,249.69,target,0.2725,88.43,1.79,252.29,break below 252.42
2026-01-22,orb,AAPL,short,39,09:50,248.4254,249.78,245.955,09:59,249.8549,stop,0.2758,-56.03,-1.127,248.505,break below 248.81
2026-01-23,orb,AAPL,short,40,09:48,244.8565,246.135,242.625,09:56,246.2088,stop,0.2789,-54.37,-1.162,244.965,break below 245.23
2026-01-26,orb,AAPL,long,26,09:57,253.546,251.56,257.2,15:55,255.0835,time,0.1887,39.78,0.814,253.44,break above 253.24
2026-01-27,orb,AAPL,long,38,09:48,260.8432,259.74,262.83,10:21,259.6621,stop,0.2806,-45.16,-1.154,260.77,break above 260.76
2026-01-28,orb,AAPL,short,31,09:54,255.7632,257.36,252.56,15:55,256.907,time,0.2256,-35.68,-0.719,255.76,break below 255.89
2026-01-29,orb,AAPL,short,26,10:04,255.9432,257.905,252.19,13:38,257.9824,stop,0.1893,-53.21,-1.074,256.0,break below 256.22
2026-02-03,orb,AAPL,long,35,09:53,270.5011,269.005,273.28,10:12,268.9243,stop,0.2675,-55.46,-1.112,270.43,break above 270.29
2026-02-06,orb,AAPL,long,28,09:52,280.5441,278.5125,283.845,10:55,278.4289,stop,0.2214,-59.45,-1.194,280.29,break above 279.92
2026-02-10,orb,AAPL,short,36,09:52,273.168,274.335,271.275,09:54,274.4173,stop,0.2794,-45.25,-1.232,273.315,break below 273.36
2026-02-11,orb,AAPL,long,36,09:54,277.0731,275.63,279.65,10:54,279.65,target,0.2858,92.48,1.917,276.97,break above 276.79
2026-02-12,orb,AAPL,short,23,09:46,271.6885,273.815,267.545,11:11,267.545,target,0.1775,95.12,1.979,271.725,break below 271.98
2026-02-13,orb,AAPL,short,26,10:49,258.6024,260.505,254.925,15:55,256.4869,time,0.1912,54.81,1.133,258.645,break below 258.86
2026-02-18,orb,AAPL,short,38,09:47,262.6012,263.81,260.33,09:54,263.8891,stop,0.2837,-49.23,-1.117,262.65,break below 262.73
2026-02-19,orb,AAPL,long,37,11:22,264.5143,263.3375,266.525,11:47,263.2585,stop,0.2769,-46.74,-1.189,264.4,break above 264.28
2026-02-20,orb,AAPL,long,22,10:02,261.5985,259.21,265.87,15:55,264.3407,time,0.1653,60.16,1.232,261.43,break above 260.21
2026-02-23,orb,AAPL,long,25,10:25,267.4702,265.14,271.11,11:09,265.0605,stop,0.1884,-60.43,-1.215,267.13,break above 266.80
2026-02-25,orb,AAPL,long,36,09:46,272.9969,271.8525,275.115,15:55,274.4526,time,0.2806,52.13,1.331,272.94,break above 272.62
2026-02-26,orb,AAPL,short,27,10:13,272.8181,274.655,269.18,15:55,272.8018,time,0.2093,0.23,0.005,272.83,break below 273.24
2026-02-27,orb,AAPL,short,23,10:27,268.6494,270.83,264.575,15:50,264.575,target,0.1756,93.54,1.95,268.745,break below 268.89
2026-03-02,orb,AAPL,long,33,09:46,263.284,261.73,266.23,13:02,266.23,target,0.2497,96.97,1.959,263.23,break above 263.16
2026-03-04,orb,AAPL,short,23,09:46,261.8764,264.075,257.79,10:20,264.1542,stop,0.1713,-52.56,-1.091,261.98,break below 262.15
2026-03-05,orb,AAPL,short,38,09:51,258.8873,260.28,256.74,10:45,260.3581,stop,0.2798,-56.17,-1.253,259.1,break below 259.17
2026-03-09,orb,AAPL,long,29,10:45,257.0971,255.3325,260.485,15:37,260.485,target,0.2148,98.03,1.968,257.05,break above 256.94
2026-03-10,orb,AAPL,long,33,10:23,259.7929,258.395,262.88,15:55,260.6868,time,0.2446,29.25,0.593,259.89,break above 259.81
2026-03-11,orb,AAPL,long,38,10:01,262.0436,261.1175,264.125,10:03,261.0392,stop,0.2821,-38.45,-1.009,262.12,break above 262.00
2026-03-12,orb,AAPL,short,38,09:46,256.593,257.885,254.24,11:37,254.24,target,0.2774,89.14,1.931,256.67,break below 256.83
2026-03-13,orb,AAPL,long,39,09:56,256.3069,255.525,257.685,09:58,255.4483,stop,0.2834,-33.77,-1.202,256.245,break above 256.17
2026-03-16,orb,AAPL,long,39,09:47,252.4057,251.09,254.84,15:55,252.4442,time,0.2802,1.22,0.025,252.34,break above 252.27
2026-03-17,orb,AAPL,long,39,09:47,254.8064,253.3025,257.015,15:06,253.2265,stop,0.281,-61.9,-1.283,254.54,break above 254.41
2026-03-19,orb,AAPL,long,28,09:46,251.0903,249.0125,254.285,12:22,248.9378,stop,0.1984,-60.47,-1.229,250.77,break above 250.66
2026-03-20,orb,AAPL,long,40,10:56,248.8046,247.6575,251.085,13:36,247.5832,stop,0.282,-49.14,-1.075,248.8,break above 248.65
2026-03-23,orb,AAPL,short,30,10:05,251.2846,252.925,248.02,10:22,253.0009,stop,0.2146,-51.7,-1.054,251.29,break below 251.36
2026-03-24,orb,AAPL,long,39,10:01,252.0756,250.8425,254.42,11:49,254.42,target,0.2823,91.15,1.96,252.035,break above 252.02
2026-03-25,orb,AAPL,short,39,09:46,253.279,254.2,251.65,10:00,251.65,target,0.2811,63.25,1.908,253.35,break below 253.56
2026-03-26,orb,AAPL,long,39,09:52,252.6158,251.66,254.39,10:04,254.39,target,0.2823,68.91,1.942,252.57,break above 252.44
2026-03-27,orb,AAPL,long,37,09:49,255.3166,253.9075,257.92,10:37,253.8313,stop,0.2672,-55.22,-1.116,255.245,break above 254.97
2026-03-30,orb,AAPL,short,26,09:47,247.0559,248.885,243.32,15:55,246.744,time,0.1829,7.93,0.164,247.03,break below 247.04
2026-03-31,orb,AAPL,long,40,09:54,249.2498,248.3675,250.73,10:06,248.2855,stop,0.2827,-38.85,-1.233,249.155,break above 249.06
2026-04-01,orb,AAPL,short,38,10:34,253.5689,254.9225,251.075,12:50,254.999,stop,0.2742,-54.62,-1.121,253.64,break below 253.87
2026-04-06,orb,AAPL,long,38,09:46,258.4575,257.355,260.85,10:19,260.85,target,0.2819,90.63,2.047,258.52,break above 258.18
2026-04-08,orb,AAPL,long,38,09:49,258.6176,257.53,260.56,11:30,257.4527,stop,0.2783,-44.54,-1.161,258.54,break above 258.51
2026-04-09,orb,AAPL,short,38,09:50,257.8026,258.98,255.77,12:01,259.0577,stop,0.2787,-47.97,-1.18,257.91,break below 257.97
2026-04-10,orb,AAPL,long,38,10:03,260.9783,259.875,262.83,12:45,259.797,stop,0.2808,-45.17,-1.207,260.86,break above 260.63
2026-04-13,orb,AAPL,short,37,09:57,257.4977,258.825,254.85,15:53,258.9026,stop,0.271,-52.25,-1.066,257.5,break below 257.52
2026-04-14,orb,AAPL,short,34,10:25,259.0623,260.4975,256.185,15:55,258.3475,time,0.2505,24.05,0.492,259.06,break below 259.23
2026-04-15,orb,AAPL,long,31,10:16,260.7582,259.0825,263.845,11:03,263.845,target,0.2325,95.46,1.94,260.67,break above 260.27
2026-04-17,orb,AAPL,long,32,10:44,269.9109,268.275,272.88,15:55,270.1389,time,0.2456,7.05,0.144,269.81,break above 269.77
2026-04-20,orb,AAPL,long,27,09:55,273.7321,271.78,277.24,11:10,271.6985,stop,0.2084,-55.12,-1.122,273.6,break above 273.23
2026-04-21,orb,AAPL,short,36,10:15,270.2789,271.715,267.74,11:33,267.74,target,0.2765,91.12,1.91,270.39,break below 270.63
2026-04-22,orb,AAPL,long,37,09:46,268.6606,267.74,270.44,10:11,270.44,target,0.2843,65.55,1.969,268.64,break above 268.60
2026-04-27,orb,AAPL,long,32,09:49,268.0304,266.47,271.06,12:21,266.3901,stop,0.2423,-52.73,-1.077,268.0,break above 267.84
2026-04-29,orb,AAPL,long,37,09:47,269.1207,268.01,271.01,12:57,271.01,target,0.2849,69.62,1.882,269.01,break above 268.97
2026-04-30,orb,AAPL,long,29,10:01,271.2914,269.4875,274.535,15:45,274.535,target,0.2261,93.84,1.923,271.17,break above 270.81
2026-05-05,orb,AAPL,long,23,10:22,280.5341,278.2275,284.655,15:55,283.5449,time,0.1851,69.06,1.402,280.37,break above 279.94
2026-05-06,orb,AAPL,long,35,09:47,283.51,282.215,285.62,09:58,285.62,target,0.2837,73.57,1.852,283.35,break above 283.34
2026-05-07,orb,AAPL,long,34,09:59,290.5922,289.26,293.055,11:52,289.1632,stop,0.279,-48.86,-1.136,290.525,break above 290.30
2026-05-08,orb,AAPL,long,26,09:46,293.8981,291.8525,297.425,13:24,291.7649,stop,0.2152,-55.68,-1.153,293.71,break above 293.64
2026-05-11,orb,AAPL,short,34,09:50,290.1929,291.55,287.65,09:59,291.6375,stop,0.2799,-49.39,-1.118,290.25,break below 290.30
2026-05-12,orb,AAPL,long,34,09:57,294.0332,293.25,295.29,10:06,293.112,stop,0.2827,-31.6,-1.367,293.93,break above 293.83
2026-05-14,orb,AAPL,short,30,10:05,297.1508,298.825,293.89,10:48,298.9146,stop,0.2528,-53.17,-1.077,297.18,break below 297.20
2026-05-15,orb,AAPL,long,33,09:56,298.7396,297.57,300.825,10:42,300.825,target,0.2815,68.54,1.914,298.655,break above 298.54
2026-05-18,orb,AAPL,short,27,10:05,297.0808,299.0025,293.535,15:55,297.6593,time,0.2275,-15.84,-0.322,297.18,break below 297.38
2026-05-20,orb,AAPL,long,25,09:46,302.2106,300.0275,306.005,09:56,299.9375,stop,0.2126,-57.04,-1.145,302.02,break above 301.94
2026-05-21,orb,AAPL,long,33,09:53,302.6608,301.42,304.645,10:15,301.3296,stop,0.2819,-44.21,-1.246,302.495,break above 302.43
2026-05-22,orb,AAPL,long,32,10:12,309.0927,307.5025,312.025,15:55,308.4374,time,0.2797,-21.25,-0.44,309.01,break above 308.94
2026-05-26,orb,AAPL,long,32,10:15,311.6035,310.4225,313.745,11:50,310.3269,stop,0.2814,-41.13,-1.161,311.53,break above 311.47
2026-05-27,orb,AAPL,long,29,09:57,311.8935,309.95,315.02,15:25,309.857,stop,0.2546,-59.31,-1.21,311.64,break above 311.52
2026-05-28,orb,AAPL,long,32,09:47,311.1233,310.2825,312.525,10:12,312.525,target,0.2833,44.57,1.863,311.03,break above 310.93
2026-05-29,orb,AAPL,short,30,10:57,311.6865,313.44,308.52,15:55,312.8288,time,0.2649,-34.54,-0.702,311.8,break below 311.88
2026-06-01,orb,AAPL,short,26,10:30,307.7576,309.745,304.06,15:55,306.4919,time,0.2268,32.68,0.663,307.85,break below 308.55
2026-06-02,orb,AAPL,long,29,10:23,310.073,308.265,313.35,12:51,313.35,target,0.2574,94.78,1.928,309.96,break above 309.80
2026-06-03,orb,AAPL,short,31,10:34,313.9208,315.545,310.85,11:12,310.85,target,0.2757,94.92,1.956,313.98,break below 314.17
2026-06-04,orb,AAPL,short,30,10:30,310.047,311.9125,306.925,13:32,312.0061,stop,0.2636,-59.04,-1.184,310.25,break below 310.44
2026-06-05,orb,AAPL,long,31,09:49,314.3943,313.3625,316.1,09:53,313.2685,stop,0.2751,-35.17,-1.243,314.275,break above 314.27
2026-06-09,orb,AAPL,short,27,09:54,296.9309,298.825,293.425,10:17,293.425,target,0.2274,94.43,1.943,297.025,break below 297.06
2026-06-11,orb,AAPL,long,28,09:53,293.8681,292.0225,297.205,09:59,291.9349,stop,0.2319,-54.36,-1.124,293.75,break above 293.62
2026-06-15,orb,AAPL,long,24,09:58,295.9488,293.79,300.03,15:55,295.7712,time,0.2013,-4.46,-0.089,295.87,break above 295.83
2026-06-16,orb,AAPL,long,33,09:52,296.679,295.23,299.28,12:46,299.28,target,0.28,85.55,1.92,296.58,break above 296.47
2026-06-17,orb,AAPL,short,33,09:52,299.2102,300.7575,296.34,10:25,300.8477,stop,0.28,-54.32,-1.118,299.285,break below 299.56
2026-06-24,orb,AAPL,long,29,10:45,296.5789,294.825,299.85,14:47,294.7366,stop,0.2424,-53.67,-1.105,296.5,break above 296.41
2026-06-26,orb,AAPL,long,24,10:09,278.3335,276.21,282.375,12:05,276.1271,stop,0.1882,-53.14,-1.077,278.265,break above 278.17
2026-06-30,orb,AAPL,long,20,09:53,285.2355,282.765,289.95,15:55,288.7733,time,0.1639,70.59,1.474,285.16,break above 284.83
2026-07-01,orb,AAPL,short,29,09:46,290.068,291.94,286.855,09:56,292.0276,stop,0.2387,-57.07,-1.161,290.245,break below 290.44
2026-07-06,orb,AAPL,long,32,10:14,309.953,308.44,312.73,11:00,312.73,target,0.2835,88.58,1.936,309.87,break above 309.86
2026-07-08,orb,AAPL,short,20,09:46,307.3478,309.8775,302.565,10:09,309.9705,stop,0.1742,-52.63,-1.08,307.44,break below 307.83
2026-07-09,orb,AAPL,long,25,10:26,312.1436,310.115,316.04,15:44,316.04,target,0.2238,97.19,1.968,312.09,break above 312.04
2026-07-10,orb,AAPL,short,28,10:26,312.9711,314.805,309.48,14:28,314.8994,stop,0.2483,-54.24,-1.091,313.03,break below 313.23
2026-07-14,orb,AAPL,long,25,10:37,315.9948,313.7925,319.755,11:50,313.6984,stop,0.2222,-57.63,-1.16,315.78,break above 315.63
2026-07-15,orb,AAPL,long,20,09:46,321.7365,319.27,326.68,11:38,326.68,target,0.185,98.69,1.998,321.74,break above 321.14
2026-07-16,orb,AAPL,long,30,09:47,329.7489,327.9325,332.53,10:09,327.8341,stop,0.2784,-57.72,-1.256,329.465,break above 328.98
2026-07-17,orb,AAPL,short,22,10:00,330.8407,333.1375,326.545,10:32,333.2374,stop,0.206,-52.93,-1.095,330.94,break below 331.30
2026-07-20,orb,AAPL,short,24,09:51,329.7011,331.83,325.65,11:11,325.65,target,0.224,97.0,1.962,329.77,break below 330.03
2026-07-21,orb,AAPL,short,27,09:55,322.2033,324.11,318.68,09:59,324.2072,stop,0.2463,-54.35,-1.112,322.3,break below 322.63
2026-07-22,orb,AAPL,short,27,10:04,325.4923,327.3025,321.91,15:55,326.4579,time,0.2488,-26.32,-0.542,325.505,break below 325.74
2026-07-23,orb,AAPL,short,31,09:46,320.3939,322.035,317.7,10:31,322.1316,stop,0.2813,-54.15,-1.209,320.59,break below 320.82
2026-07-24,orb,AAPL,long,21,09:46,326.2228,323.8175,330.785,11:12,330.81,target,0.1966,96.13,1.971,326.14,break above 325.98
2026-07-27,orb,AAPL,long,26,10:17,337.5812,335.5875,341.205,13:51,335.4868,stop,0.2468,-54.7,-1.124,337.46,break above 337.06
2026-07-29,orb,AAPL,long,29,09:46,342.4377,340.845,345.42,10:26,340.7427,stop,0.2795,-49.43,-1.118,342.37,break above 342.02
2026-07-30,orb,AAPL,short,27,10:04,330.7208,332.6225,327.155,10:09,332.7223,stop,0.2527,-54.29,-1.103,330.8,break below 330.83
2026-08-04,orb,AAPL,long,31,09:48,304.6564,303.005,307.73,12:44,307.73,target,0.2703,95.01,1.946,304.58,break above 304.48
2026-08-05,orb,AAPL,long,25,10:47,309.5228,307.47,313.335,15:55,310.8267,time,0.2202,32.38,0.662,309.425,break above 309.26
2026-08-06,orb,AAPL,long,31,09:57,316.3349,314.8,318.79,10:00,314.7056,stop,0.2764,-50.79,-1.232,316.13,break above 316.10
2026-08-07,orb,AAPL,long,30,10:24,314.0592,312.285,317.19,11:47,312.1913,stop,0.2653,-56.3,-1.148,313.92,break above 313.81
2026-08-11,orb,AAPL,short,25,09:48,305.8382,308.09,302.24,15:55,304.9615,time,0.2167,21.7,0.445,306.14,break below 306.27
2026-08-12,orb,AAPL,short,28,10:51,302.0494,303.905,298.67,15:55,301.4504,time,0.2398,16.53,0.338,302.16,break below 302.20
2026-08-13,orb,AAPL,long,32,10:07,304.8714,303.405,307.74,11:36,303.314,stop,0.2751,-50.11,-1.084,304.85,break above 304.75
2026-08-14,orb,AAPL,short,32,10:16,305.4983,306.545,303.59,15:55,306.0118,time,0.2771,-16.71,-0.53,305.56,break below 305.62
2026-08-17,orb,AAPL,short,26,10:51,303.7838,305.7975,300.105,14:51,305.8892,stop,0.2239,-54.96,-1.114,303.9,break below 304.05
2026-08-18,orb,AAPL,short,32,09:52,305.7183,306.96,303.69,09:56,307.0521,stop,0.2773,-42.96,-1.232,305.87,break below 305.99
2026-08-19,orb,AAPL,long,32,09:46,312.3937,311.03,314.96,09:53,314.96,target,0.2855,81.84,1.952,312.34,break above 312.33
2026-08-20,orb,AAPL,short,27,10:08,316.63,318.525,313.08,15:31,313.08,target,0.2421,95.61,1.951,316.71,break below 316.77
2026-08-24,orb,AAPL,long,31,10:01,312.7588,311.1725,315.185,14:36,311.0791,stop,0.2732,-52.34,-1.262,312.51,break above 312.30
2026-08-25,orb,AAPL,short,22,10:01,309.5871,311.91,305.16,15:55,309.993,time,0.193,-9.12,-0.184,309.66,break below 310.27
2026-08-26,orb,AAPL,long,32,09:54,311.7235,310.25,314.615,14:51,314.615,target,0.2852,92.24,1.981,311.705,break above 311.66
2026-08-27,orb,AAPL,long,32,10:37,312.2737,310.7225,314.945,11:17,314.945,target,0.2855,85.2,1.892,312.13,break above 312.02
2026-08-28,orb,AAPL,long,31,10:42,318.2304,316.8125,320.795,11:00,320.795,target,0.2816,79.22,1.925,318.14,break above 318.11
2026-08-31,orb,AAPL,short,21,09:46,316.7549,319.1625,312.285,15:55,317.1151,time,0.1884,-7.75,-0.161,316.87,break below 317.11
2026-09-01,orb,AAPL,long,19,09:46,319.4558,317.015,324.8,10:22,324.8,target,0.1747,101.36,2.056,319.61,break above 319.30
2026-09-02,orb,AAPL,short,22,10:05,323.8728,326.2225,319.465,11:29,326.3204,stop,0.2017,-54.05,-1.091,323.97,break below 324.08
2026-09-03,orb,AAPL,long,28,10:14,327.6333,325.8025,330.985,15:55,328.5414,time,0.2604,25.17,0.52,327.53,break above 327.45
2026-09-04,orb,AAPL,short,21,09:46,324.1677,326.6125,319.555,10:51,319.555,target,0.1927,96.67,1.957,324.26,break below 324.33
2026-09-09,orb,AAPL,long,31,09:51,316.3699,315.63,317.55,09:58,317.55,target,0.2788,36.3,1.83,316.27,break above 316.19
2026-09-14,orb,AAPL,long,28,09:56,334.9355,333.025,338.23,10:17,332.9251,stop,0.2638,-56.55,-1.164,334.76,break above 334.70
2026-09-15,orb,AAPL,long,30,09:59,331.5394,329.8975,334.465,10:05,329.7985,stop,0.28,-52.51,-1.15,331.42,break above 331.38
2026-09-17,orb,AAPL,short,22,09:49,331.0457,333.395,326.585,10:12,333.535,stop,0.2061,-54.97,-1.101,331.125,break below 331.40
2026-09-18,orb,AAPL,short,29,09:50,335.1844,336.9,331.77,15:50,337.0011,stop,0.275,-52.96,-1.068,335.19,break below 335.39
2026-09-21,orb,AAPL,long,29,09:50,335.8107,334.305,338.58,12:07,338.58,target,0.2778,80.03,1.937,335.73,break above 335.49
2026-09-23,orb,AAPL,short,20,10:17,336.8239,339.3675,332.145,15:55,335.9808,time,0.1906,16.67,0.346,336.96,break below 337.00
2026-09-24,orb,AAPL,long,29,09:58,337.2511,335.71,340.06,11:05,335.6093,stop,0.2754,-47.89,-1.139,337.16,break above 337.09
2026-09-25,orb,AAPL,long,29,10:32,336.691,335.55,338.46,11:26,338.46,target,0.2777,51.02,1.814,336.52,break above 336.50
2026-09-28,orb,AAPL,short,29,10:46,339.973,341.5225,337.375,12:26,341.625,stop,0.2789,-48.19,-1.202,340.14,break below 340.18
2026-09-29,orb,AAPL,short,21,10:28,331.9354,334.35,327.435,15:55,329.7189,time,0.1973,46.35,0.958,332.045,break below 332.14
2026-09-30,orb,AAPL,long,28,09:50,333.45,331.605,336.885,10:01,336.885,target,0.2669,95.91,1.946,333.365,break above 333.03
2026-10-02,orb,AAPL,long,29,10:09,333.8501,332.01,336.93,11:09,331.9104,stop,0.2724,-56.52,-1.188,333.65,break above 333.36
2026-10-06,orb,AAPL,short,30,09:53,331.4655,332.6975,329.42,10:07,332.7973,stop,0.2814,-40.23,-1.228,331.605,break below 331.78
2026-10-08,orb,AAPL,long,29,10:32,337.9213,336.7725,340.125,12:17,340.125,target,0.279,63.63,1.963,337.89,break above 337.61
2026-10-09,orb,AAPL,long,29,09:47,333.7701,332.135,336.74,09:48,332.0354,stop,0.2725,-50.58,-1.136,333.67,break above 333.55
2023-10-12,orb,MSFT,long,30,10:05,332.2596,330.91,334.96,13:07,330.8107,stop,0.2809,-43.75,-1.08,332.26,break above 332.13
2023-10-13,orb,MSFT,long,30,09:57,333.4,332.375,335.24,10:00,332.2753,stop,0.2821,-34.02,-1.188,333.33,break above 333.20
2023-10-16,orb,MSFT,long,29,10:07,333.6501,332.0975,336.845,15:55,333.12,time,0.2734,-15.64,-0.341,333.68,break above 333.36
2023-10-17,orb,MSFT,short,30,09:46,328.2515,329.6825,325.415,10:06,329.7814,stop,0.2787,-46.18,-1.082,328.26,break below 328.82
2023-10-18,orb,MSFT,short,29,10:53,332.0054,333.9025,328.795,12:04,334.0027,stop,0.2725,-58.19,-1.179,332.2,break below 332.28
2023-10-20,orb,MSFT,short,30,10:12,328.8813,330.5625,325.605,10:58,325.605,target,0.2793,98.01,1.977,328.91,break below 329.39
2023-10-23,orb,MSFT,short,23,09:46,324.5926,326.9625,320.655,09:49,327.0606,stop,0.2114,-56.98,-1.178,324.86,break below 324.95
2023-10-24,orb,MSFT,short,30,09:49,329.836,330.755,327.89,10:00,330.8542,stop,0.2801,-30.83,-1.076,329.8,break below 329.99
2023-10-25,orb,MSFT,short,23,09:46,341.9874,344.245,337.9,09:59,344.3483,stop,0.2225,-54.52,-1.121,342.13,break below 342.40
2023-10-26,orb,MSFT,short,24,09:49,337.5187,339.5775,333.375,10:09,333.375,target,0.2292,99.22,2.0,337.51,break below 337.96
2023-10-27,orb,MSFT,long,30,09:47,332.8598,331.3225,335.575,11:12,335.575,target,0.2848,81.17,1.909,332.74,break above 332.70
2023-10-30,orb,MSFT,long,22,09:46,336.1808,333.9225,340.455,15:55,337.6087,time,0.2101,31.2,0.651,336.1,break above 335.95
2023-11-01,orb,MSFT,long,21,10:03,344.3383,341.87,348.8,15:55,345.6863,time,0.2053,28.1,0.579,344.18,break above 344.04
2023-11-02,orb,MSFT,short,26,09:49,344.6916,346.8225,341.085,10:26,346.9265,stop,0.2535,-58.36,-1.174,344.91,break below 345.96
2023-11-03,orb,MSFT,long,28,09:47,349.8249,348.63,352.53,12:24,352.53,target,0.2791,75.46,2.073,349.93,break above 349.89
2023-11-06,orb,MSFT,long,27,09:46,356.607,354.925,360.37,13:10,354.7485,stop,0.2708,-50.45,-1.029,356.74,break above 356.48
2023-11-07,orb,MSFT,long,27,10:01,359.7479,358.73,361.73,10:46,361.73,target,0.276,53.24,1.972,359.73,break above 359.70
2023-11-08,orb,MSFT,short,27,10:04,360.9967,362.6425,357.985,11:46,362.8088,stop,0.2754,-49.2,-1.174,361.09,break below 361.44
2023-11-09,orb,MSFT,long,27,09:54,363.569,362.5775,365.285,10:06,362.4162,stop,0.2765,-31.4,-1.289,363.48,break above 363.33
2023-11-10,orb,MSFT,long,27,09:46,363.9592,362.545,366.685,11:09,366.69,target,0.2797,73.45,1.971,363.925,break above 363.90
2023-11-13,orb,MSFT,short,27,09:52,366.0751,367.455,363.87,10:36,367.6803,stop,0.2793,-43.62,-1.352,366.26,break below 366.50
2023-11-14,orb,MSFT,long,26,10:04,371.7665,370.55,373.97,10:19,370.4388,stop,0.2721,-34.79,-1.174,371.69,break above 371.59
2023-11-15,orb,MSFT,short,27,09:53,370.1489,371.78,367.385,13:15,367.385,target,0.2823,74.34,1.879,370.315,break below 370.47
2023-11-16,orb,MSFT,long,26,09:46,373.6771,371.865,376.86,15:55,376.0172,time,0.2761,60.57,1.399,373.53,break above 373.50
2023-11-17,orb,MSFT,short,25,09:56,370.5188,372.7925,366.83,14:03,372.9218,stop,0.2617,-60.34,-1.214,370.805,break below 371.21
2023-11-21,orb,MSFT,short,26,10:19,373.6929,374.9425,371.215,10:39,371.215,target,0.2744,64.15,1.986,373.7,break below 373.74
2023-11-22,orb,MSFT,short,26,09:54,377.0768,378.54,374.85,12:02,378.6836,stop,0.2769,-42.05,-1.315,377.31,break below 377.52
2023-11-24,orb,MSFT,short,26,10:16,375.9972,377.175,374.76,12:54,377.2882,stop,0.2761,-33.84,-1.617,376.37,break below 376.39
2023-11-27,orb,MSFT,long,26,10:58,378.2134,377.165,379.88,12:41,379.88,target,0.2789,43.05,1.83,378.07,break above 378.02
2023-11-28,orb,MSFT,long,25,09:49,381.7745,379.5375,385.395,15:55,382.0354,time,0.2697,6.25,0.128,381.49,break above 380.83
2023-11-29,orb,MSFT,short,23,10:04,380.3759,382.7075,376.235,15:55,379.0087,time,0.247,31.2,0.629,380.55,break below 381.23
2023-11-30,orb,MSFT,short,26,10:04,377.5167,378.86,375.23,10:14,378.9737,stop,0.2772,-38.16,-1.213,377.65,break below 377.71
2023-12-01,orb,MSFT,short,26,09:55,375.9072,377.04,373.935,10:14,373.935,target,0.276,51.0,1.895,376.005,break below 376.03
2023-12-04,orb,MSFT,short,16,09:47,364.1307,367.355,358.52,11:51,367.4652,stop,0.1646,-53.52,-1.136,364.41,break below 365.56
2023-12-05,orb,MSFT,long,25,09:51,369.6259,367.705,373.615,15:55,371.7634,time,0.2625,53.18,1.08,369.675,break above 369.61
2023-12-06,orb,MSFT,short,26,09:55,371.9134,373.13,370.22,10:05,370.15,target,0.2731,45.58,1.807,372.16,break below 372.18
2023-12-07,orb,MSFT,short,27,09:48,367.5697,369.27,365.16,10:15,369.5108,stop,0.2804,-52.69,-1.424,367.9,break below 368.11
2023-12-08,orb,MSFT,long,26,10:01,370.6662,369.5475,373.425,14:05,373.5,target,0.2743,73.41,2.184,370.84,break above 370.75
2023-12-11,orb,MSFT,long,27,10:46,369.8159,367.755,373.14,15:55,370.7837,time,0.2828,25.85,0.533,369.55,break above 369.40
2023-12-12,orb,MSFT,long,26,11:24,372.4217,371.5725,374.46,12:06,371.461,stop,0.2728,-25.25,-1.009,372.535,break above 372.40
2023-12-13,orb,MSFT,short,26,09:57,375.5073,376.7825,373.88,11:11,373.88,target,0.2757,42.03,1.671,375.815,break below 375.95
2023-12-14,orb,MSFT,short,23,09:46,369.859,371.945,365.495,13:16,365.495,target,0.2403,100.13,2.025,369.795,break below 370.14
2023-12-15,orb,MSFT,long,25,10:39,371.0363,369.12,375.09,13:56,368.9393,stop,0.2606,-52.69,-1.059,371.11,break above 371.03
2023-12-18,orb,MSFT,long,26,10:19,371.3714,369.965,373.82,15:55,372.4482,time,0.2735,27.72,0.83,371.25,break above 371.16
2023-12-19,orb,MSFT,short,26,09:50,370.7987,372.02,368.63,10:31,372.1316,stop,0.2723,-34.93,-1.189,370.89,break below 371.16
2023-12-21,orb,MSFT,short,26,09:58,371.8584,373.265,369.68,15:39,373.377,stop,0.2731,-39.76,-1.28,372.07,break below 372.17
2023-12-22,orb,MSFT,long,26,09:53,373.9672,373.3675,375.505,14:24,373.253,stop,0.2741,-18.84,-1.017,374.08,break above 373.97
2023-12-26,orb,MSFT,short,26,10:53,374.6626,375.84,372.465,15:55,374.4773,time,0.2751,4.54,0.155,374.715,break below 374.78
2023-12-27,orb,MSFT,short,26,10:03,373.7278,374.27,371.93,15:55,373.387,time,0.2744,8.59,0.423,373.49,break below 373.71
2023-12-28,orb,MSFT,short,26,09:51,374.9075,375.7975,373.795,12:52,375.9528,stop,0.2753,-27.45,-1.582,375.13,break below 375.18
2023-12-29,orb,MSFT,long,26,09:51,377.1631,376.2,378.48,10:46,376.0871,stop,0.2762,-28.25,-1.43,376.96,break above 376.74
2024-01-03,orb,MSFT,long,24,09:48,372.7518,370.8,376.86,11:40,370.6888,stop,0.2513,-49.76,-1.026,372.82,break above 372.79
2024-01-04,orb,MSFT,long,26,11:10,372.6318,371.4725,374.39,11:52,371.3286,stop,0.2727,-34.16,-1.351,372.445,break above 372.40
2024-01-05,orb,MSFT,long,26,10:04,370.4211,369.6775,372.295,12:08,369.5666,stop,0.2714,-22.49,-0.991,370.55,break above 370.54
2024-01-08,orb,MSFT,long,26,09:46,371.0713,370.025,371.915,09:54,369.914,stop,0.2717,-30.36,-1.854,370.655,break above 370.61
2024-01-09,orb,MSFT,short,26,09:47,371.7784,372.48,370.53,10:16,372.5917,stop,0.273,-21.42,-1.267,371.83,break below 371.87
2024-01-10,orb,MSFT,long,21,10:13,380.8542,378.38,385.37,15:55,382.5752,time,0.2268,35.91,0.734,380.71,break above 380.34
2024-01-11,orb,MSFT,short,17,09:51,385.1994,388.36,379.63,15:55,384.6154,time,0.1849,9.74,0.197,385.45,break below 386.11
2024-01-12,orb,MSFT,short,25,10:01,384.9745,386.095,382.15,10:08,386.2108,stop,0.2717,-31.18,-0.948,384.78,break below 385.04
2024-01-16,orb,MSFT,short,24,09:50,389.893,391.975,385.735,10:02,392.0926,stop,0.2641,-53.05,-1.063,389.895,break below 389.98
2024-01-17,orb,MSFT,short,25,09:49,385.1244,386.9125,381.565,10:27,387.0286,stop,0.2718,-47.88,-1.074,385.13,break below 385.49
2024-01-19,orb,MSFT,long,25,11:12,395.7587,394.5975,397.65,15:27,397.65,target,0.2805,47.0,1.848,395.615,break above 395.61
2024-01-22,orb,MSFT,short,19,10:12,395.5713,398.075,390.425,15:55,396.659,time,0.2121,-20.88,-0.431,395.525,break below 395.65
2024-01-24,orb,MSFT,long,24,10:00,402.7658,401.52,404.73,12:23,404.73,target,0.274,46.87,1.825,402.59,break above 402.39
2024-01-25,orb,MSFT,long,24,09:49,404.9865,404.1,407.01,10:00,403.9788,stop,0.2735,-24.46,-1.051,405.07,break above 404.79
2024-01-26,orb,MSFT,long,24,09:50,404.6964,403.6175,405.365,09:56,403.4964,stop,0.2732,-29.07,-2.08,404.2,break above 404.15
2024-01-29,orb,MSFT,long,24,09:46,407.4122,405.675,410.205,10:33,405.5533,stop,0.2746,-44.89,-1.239,407.185,break above 406.76
2024-01-30,orb,MSFT,short,24,09:57,410.3968,411.78,408.3,12:23,408.25,target,0.2778,51.25,1.841,410.62,break below 410.69
2024-02-01,orb,MSFT,long,16,10:02,407.2021,404.09,413.06,10:54,403.9688,stop,0.1823,-51.92,-1.085,407.08,break above 406.25
2024-02-02,orb,MSFT,long,18,09:46,408.9026,406.21,414.16,15:55,412.4662,time,0.2094,63.94,1.34,408.86,break above 408.71
2024-02-05,orb,MSFT,short,24,09:46,408.7973,410.1325,407.005,10:08,407.005,target,0.2767,42.74,1.708,409.09,break below 409.17
2024-02-06,orb,MSFT,short,24,09:51,405.4483,406.925,403.205,14:16,403.2,target,0.2745,53.69,1.804,405.685,break below 405.94
2024-02-07,orb,MSFT,long,24,10:06,409.4978,408.6825,412.185,10:33,412.235,target,0.279,65.41,2.335,409.85,break above 409.75
2024-02-08,orb,MSFT,short,24,10:01,413.5559,414.3425,411.5,10:17,414.4668,stop,0.2799,-22.14,-0.974,413.395,break below 413.48
2024-02-09,orb,MSFT,long,23,09:46,417.0351,415.8275,419.165,10:36,419.165,target,0.2718,48.72,1.904,416.94,break above 416.50
2024-02-12,orb,MSFT,short,23,09:46,417.8046,419.19,414.87,11:00,419.3558,stop,0.271,-35.95,-1.085,417.75,break below 417.79
2024-02-13,orb,MSFT,long,24,09:57,407.0221,405.1275,410.325,14:10,404.9185,stop,0.2741,-50.76,-1.221,406.86,break above 406.75
2024-02-14,orb,MSFT,short,24,09:50,405.0484,407.14,401.98,12:33,407.5622,stop,0.2742,-60.61,-1.468,405.42,break below 405.65
2024-02-15,orb,MSFT,short,24,09:55,405.8232,407.6675,402.425,15:55,406.3369,time,0.2747,-12.6,-0.3,405.92,break below 406.27
2024-02-16,orb,MSFT,short,24,09:50,404.9785,406.67,401.675,14:02,406.792,stop,0.2742,-43.8,-1.096,405.005,break below 405.05
2024-02-20,orb,MSFT,short,24,09:49,400.6698,402.93,396.69,15:55,401.8505,time,0.2713,-28.61,-0.573,400.85,break below 401.48
2024-02-21,orb,MSFT,short,25,09:48,397.5407,399.095,394.28,10:00,399.2147,stop,0.2804,-42.13,-1.05,397.49,break below 397.70
2024-02-22,orb,MSFT,long,24,09:46,412.2436,410.12,416.21,10:03,409.997,stop,0.2775,-54.2,-1.112,412.15,break above 411.61
2024-02-23,orb,MSFT,short,24,09:47,414.3407,415.125,413.25,10:08,413.205,target,0.2804,26.98,1.798,414.5,break below 414.51
2024-02-26,orb,MSFT,short,24,09:47,409.807,411.215,408.53,10:00,408.53,target,0.2774,30.37,1.414,410.32,break below 410.35
2024-02-27,orb,MSFT,short,24,11:29,405.2184,406.7525,402.545,14:16,406.8745,stop,0.2743,-40.02,-1.189,405.35,break below 405.49
2024-02-28,orb,MSFT,short,24,09:47,405.9582,407.935,403.33,15:30,408.0574,stop,0.2748,-50.66,-1.375,406.4,break below 406.57
2024-02-29,orb,MSFT,long,24,09:54,409.5528,408.4975,411.415,10:13,408.2875,stop,0.2764,-30.64,-1.313,409.47,break above 409.05
2024-03-04,orb,MSFT,long,24,09:46,415.1795,413.62,418.33,15:55,414.8305,time,0.2808,-8.66,-0.23,415.19,break above 414.62
2024-03-06,orb,MSFT,short,24,10:01,400.8697,402.755,397.565,10:57,402.9108,stop,0.2714,-49.26,-1.186,401.025,break below 401.21
2024-03-07,orb,MSFT,short,22,09:46,402.3892,404.815,398.11,10:03,404.9364,stop,0.2498,-56.29,-1.145,402.58,break below 402.92
2024-03-08,orb,MSFT,long,24,09:51,408.7826,407.56,410.29,10:13,410.29,target,0.2777,35.9,1.644,408.47,break above 408.40
2024-03-11,orb,MSFT,short,24,10:13,401.6245,403.135,399.205,10:30,403.2559,stop,0.2719,-39.43,-1.254,401.825,break below 401.94
2024-03-12,orb,MSFT,short,24,09:48,407.1878,408.635,404.66,09:53,408.8726,stop,0.2757,-40.71,-1.28,407.31,break below 407.69
2024-03-13,orb,MSFT,short,18,09:46,413.246,415.755,407.61,13:08,415.9397,stop,0.2098,-48.7,-0.996,413.04,break below 413.40
2024-03-15,orb,MSFT,short,16,10:06,416.3501,419.67,410.355,15:55,416.4799,time,0.1878,-2.27,-0.046,416.565,break below 417.00
2024-03-18,orb,MSFT,long,18,10:07,419.4758,416.435,424.52,15:55,417.5047,time,0.2119,-35.69,-0.736,419.13,break above 419.08
2024-03-19,orb,MSFT,long,23,09:50,418.8156,417.02,421.85,15:55,420.9437,time,0.273,48.67,1.314,418.63,break above 418.16
2024-03-20,orb,MSFT,short,23,10:37,420.7087,421.88,419.105,11:11,422.0666,stop,0.2728,-31.5,-1.481,420.955,break below 420.97
2024-03-21,orb,MSFT,short,23,10:31,427.1918,429.265,423.37,12:01,429.3938,stop,0.277,-50.92,-1.127,427.3,break below 427.72
2024-03-22,orb,MSFT,short,23,10:50,427.2518,428.505,424.845,13:06,428.6636,stop,0.277,-32.75,-1.167,427.285,break below 427.39
2024-03-26,orb,MSFT,short,23,09:55,422.8881,424.485,420.435,10:15,424.6123,stop,0.2742,-39.93,-1.286,423.135,break below 423.19
2024-03-27,orb,MSFT,short,23,09:56,422.2533,423.3,420.33,10:28,420.33,target,0.2738,43.96,1.931,422.31,break below 422.42
2024-03-28,orb,MSFT,long,23,09:48,421.3264,420.0525,423.495,12:09,419.924,stop,0.2723,-32.53,-1.232,421.2,break above 420.94
2024-04-02,orb,MSFT,short,23,09:50,419.4041,420.615,417.54,11:14,420.7412,stop,0.272,-31.02,-1.316,419.59,break below 419.72
2024-04-03,orb,MSFT,long,23,09:49,419.986,419.5775,421.235,10:14,421.235,target,0.2732,28.45,2.239,420.13,break above 420.07
2024-04-05,orb,MSFT,long,23,09:53,421.9265,420.0325,425.86,11:56,425.97,target,0.2762,92.72,2.075,421.975,break above 421.69
2024-04-08,orb,MSFT,long,23,09:58,425.8577,424.495,427.96,11:36,424.3677,stop,0.2752,-34.55,-1.3,425.65,break above 425.60
2024-04-09,orb,MSFT,short,23,10:31,424.1727,426.155,420.86,15:55,425.2575,time,0.275,-25.23,-0.621,424.39,break below 424.59
2024-04-10,orb,MSFT,short,23,10:28,420.5288,422.165,416.81,10:39,422.3117,stop,0.2727,-41.28,-1.005,420.38,break below 420.51
2024-04-11,orb,MSFT,short,23,09:57,424.0527,425.635,421.135,11:58,425.8377,stop,0.275,-41.33,-1.198,424.135,break below 424.50
2024-04-12,orb,MSFT,long,23,09:47,424.9675,423.49,427.54,10:08,423.363,stop,0.2745,-37.18,-1.197,424.84,break above 424.43
2024-04-15,orb,MSFT,long,23,09:47,425.9878,424.86,428.25,10:08,424.7325,stop,0.2754,-29.15,-1.121,425.99,break above 425.86
2024-04-16,orb,MSFT,short,24,09:47,413.7408,414.8475,411.69,09:50,414.972,stop,0.28,-29.83,-1.181,413.795,break below 414.15
2024-04-17,orb,MSFT,short,23,09:55,416.8749,418.0325,414.65,10:22,414.65,target,0.2704,50.9,1.963,416.905,break below 417.23
2024-04-18,orb,MSFT,short,24,10:08,407.3278,409.495,403.51,10:45,409.7429,stop,0.2758,-58.24,-1.216,407.5,break below 407.59
2024-04-19,orb,MSFT,short,24,09:52,402.6742,403.975,400.315,10:25,400.315,target,0.2726,56.35,1.924,402.755,break below 402.79
2024-04-22,orb,MSFT,short,23,10:27,398.1305,400.45,394.18,13:35,400.5701,stop,0.2584,-56.37,-1.173,398.36,break below 398.44
2024-04-23,orb,MSFT,long,24,09:46,405.8517,404.13,408.75,09:51,403.9788,stop,0.2735,-45.22,-1.224,405.67,break above 405.06
2024-04-24,orb,MSFT,short,24,11:07,408.4674,410.6175,405.015,15:55,409.2077,time,0.2765,-18.04,-0.403,408.75,break below 408.82
2024-04-30,orb,MSFT,short,25,09:46,399.4351,400.975,397.24,11:11,397.24,target,0.2818,54.6,1.754,399.73,break below 399.90
2024-05-01,orb,MSFT,long,25,10:37,394.4983,392.3675,398.165,14:41,398.56,target,0.2811,101.26,2.096,394.3,break above 394.29
2024-05-02,orb,MSFT,short,18,10:10,394.9565,397.745,389.645,14:36,397.9694,stop,0.2006,-54.43,-1.12,395.045,break below 395.65
2024-05-03,orb,MSFT,long,24,09:46,405.5916,403.7575,409.765,15:55,406.8579,time,0.2754,30.11,0.627,405.76,break above 405.56
2024-05-06,orb,MSFT,long,24,11:01,409.4878,407.915,412.28,14:27,412.32,target,0.2791,67.69,1.939,409.37,break above 409.35
2024-05-08,orb,MSFT,long,24,09:47,408.9426,407.815,411.19,10:48,411.74,target,0.2787,66.86,2.476,408.94,break above 408.76
2024-05-09,orb,MSFT,short,24,09:48,409.6721,410.505,408.36,10:01,410.6282,stop,0.2773,-23.22,-1.353,409.79,break below 409.80
2024-05-13,orb,MSFT,short,15,09:48,411.7614,415.1725,405.445,12:25,415.3096,stop,0.1742,-53.4,-1.098,411.93,break below 412.66
2024-05-14,orb,MSFT,long,24,10:09,414.3743,412.7,417.23,12:22,412.4462,stop,0.2792,-46.55,-1.285,414.21,break above 413.78
2024-05-15,orb,MSFT,short,23,09:51,417.2148,419.05,414.34,10:16,419.1757,stop,0.2706,-45.37,-1.256,417.48,break below 417.68
2024-05-17,orb,MSFT,short,23,09:54,418.5444,420.665,415.04,15:55,419.966,time,0.2714,-32.97,-0.764,418.79,break below 418.98
2024-05-20,orb,MSFT,long,18,09:46,425.3576,422.59,430.78,15:55,424.3627,time,0.2153,-18.12,-0.369,425.32,break above 425.13
2024-05-21,orb,MSFT,short,23,09:47,425.3374,426.685,422.53,09:54,426.888,stop,0.2758,-35.94,-1.128,425.3,break below 425.34
2024-05-22,orb,MSFT,long,23,10:17,432.4047,431.29,434.26,10:56,431.1606,stop,0.2795,-28.89,-1.269,432.28,break above 432.27
2024-05-23,orb,MSFT,short,23,09:46,430.6508,432.245,427.76,10:35,432.4197,stop,0.2792,-40.96,-1.191,430.75,break below 431.00
2024-05-24,orb,MSFT,long,23,10:34,427.5032,425.97,430.32,13:27,430.46,target,0.2791,67.73,2.031,427.42,break above 427.30
2024-05-28,orb,MSFT,short,23,09:49,426.607,428.945,422.69,10:06,429.0737,stop,0.2766,-57.01,-1.189,426.86,break below 427.19
2024-05-29,orb,MSFT,long,23,09:48,428.9386,427.125,431.67,15:55,428.6714,time,0.2779,-6.43,-0.184,428.64,break above 428.43
2024-05-30,orb,MSFT,short,23,10:10,420.1639,422.3525,416.735,15:25,416.385,target,0.2725,86.64,2.012,420.48,break below 420.64
2024-05-31,orb,MSFT,short,17,09:46,411.3865,414.3325,405.865,12:02,405.865,target,0.1972,93.67,1.952,411.51,break below 412.08
2024-06-03,orb,MSFT,short,24,09:57,413.186,414.92,410.0,10:37,415.0945,stop,0.2797,-46.08,-1.171,413.28,break below 413.61
2024-06-04,orb,MSFT,long,24,10:02,412.4187,411.08,415.535,10:22,410.9567,stop,0.2782,-35.37,-0.992,412.565,break above 412.43
2024-06-05,orb,MSFT,long,23,10:33,418.8506,417.48,421.305,12:22,421.305,target,0.2732,56.18,1.916,418.755,break above 418.63
2024-06-06,orb,MSFT,short,23,10:36,422.6182,424.05,420.135,15:50,424.1772,stop,0.274,-36.13,-1.204,422.745,break below 422.84
2024-06-07,orb,MSFT,long,23,09:54,425.7777,424.62,427.11,10:03,424.2677,stop,0.2751,-35.01,-1.834,425.45,break above 425.42
2024-06-10,orb,MSFT,long,23,09:50,426.858,425.06,430.34,15:55,427.0418,time,0.2769,3.95,0.098,426.82,break above 426.01
2024-06-11,orb,MSFT,long,23,10:35,427.5782,426.4175,429.335,14:02,429.335,target,0.2783,40.13,1.794,427.39,break above 427.36
2024-06-12,orb,MSFT,long,22,09:46,436.766,434.91,440.07,13:22,440.085,target,0.2728,72.75,1.922,436.63,break above 436.56
2024-06-13,orb,MSFT,long,22,09:46,442.1526,440.4525,444.675,12:25,440.2079,stop,0.2729,-43.06,-1.39,441.86,break above 441.50
2024-06-14,orb,MSFT,long,22,09:46,440.5521,438.61,444.01,15:55,441.6775,time,0.2738,24.48,0.618,440.41,break above 440.35
2024-06-17,orb,MSFT,short,22,09:56,440.6078,442.85,436.85,10:12,442.9829,stop,0.2731,-52.52,-1.194,440.85,break below 441.50
2024-06-18,orb,MSFT,short,22,10:24,446.436,448.4175,443.175,15:55,446.4639,time,0.2767,-0.89,-0.023,446.67,break below 446.95
2024-06-21,orb,MSFT,short,22,10:34,446.7009,448.585,442.57,11:38,448.7696,stop,0.2769,-45.79,-1.038,446.58,break below 446.79
2024-06-24,orb,MSFT,long,22,10:01,450.23,448.255,453.745,10:43,448.1205,stop,0.2777,-46.69,-1.16,450.085,break above 450.01
2024-06-25,orb,MSFT,long,22,10:14,449.0647,447.8125,451.225,15:55,450.9347,time,0.2794,40.86,1.633,448.95,break above 448.69
2024-06-26,orb,MSFT,long,22,09:47,450.14,448.955,452.105,10:36,452.105,target,0.2802,42.95,1.859,450.005,break above 449.59
2024-06-27,orb,MSFT,long,21,09:47,455.1865,453.47,458.255,11:44,453.0141,stop,0.268,-45.89,-1.37,455.065,break above 455.05
2024-06-28,orb,MSFT,long,22,09:46,453.386,452.37,455.67,12:16,452.2343,stop,0.2802,-25.62,-1.059,453.47,break above 453.11
2024-07-01,orb,MSFT,short,22,09:53,445.6063,447.91,442.99,09:58,448.0444,stop,0.2762,-53.91,-1.494,446.27,break below 446.56
2024-07-02,orb,MSFT,long,21,09:46,456.717,454.28,459.275,15:55,458.8123,time,0.2713,43.73,1.251,455.945,break above 455.44
2024-07-03,orb,MSFT,short,21,10:30,458.0126,459.21,455.625,11:05,459.5478,stop,0.2709,-32.51,-1.296,458.015,break below 458.02
2024-07-05,orb,MSFT,long,21,09:46,463.329,461.01,467.295,13:15,467.295,target,0.2763,83.01,1.887,463.105,break above 463.04
2024-07-08,orb,MSFT,long,21,09:51,467.4202,465.96,469.41,10:01,465.8002,stop,0.2754,-34.29,-1.42,467.11,break above 466.79
2024-07-09,orb,MSFT,short,21,09:47,464.3956,465.84,462.09,11:58,462.09,target,0.2746,48.14,1.834,464.59,break below 464.69
2024-07-10,orb,MSFT,long,21,09:51,461.6084,460.045,463.87,10:54,459.907,stop,0.272,-36.0,-1.345,461.32,break above 461.24
2024-07-11,orb,MSFT,short,21,09:50,462.3413,463.5325,458.935,10:14,458.89,target,0.2734,72.2,2.244,462.0,break below 462.35
2024-07-12,orb,MSFT,long,22,10:34,454.3363,452.4875,458.105,15:50,452.3518,stop,0.2803,-43.94,-1.067,454.36,break above 454.32
2024-07-15,orb,MSFT,long,21,11:01,456.3469,454.23,459.795,11:54,454.0038,stop,0.2685,-49.47,-1.27,456.085,break above 456.05
2024-07-16,orb,MSFT,short,22,09:46,451.3845,453.09,449.31,10:11,449.31,target,0.2797,45.36,1.636,451.83,break below 452.11
2024-07-17,orb,MSFT,long,22,09:48,443.8081,442.3975,446.53,10:01,442.2648,stop,0.2741,-34.23,-1.129,443.775,break above 443.75
2024-07-18,orb,MSFT,short,22,09:48,440.5478,442.4725,435.925,11:30,435.925,target,0.2731,101.43,2.112,440.29,break below 440.46
2024-07-22,orb,MSFT,long,22,09:48,443.1779,441.455,445.88,11:20,440.8677,stop,0.2733,-51.1,-1.575,442.93,break above 442.62
2024-07-23,orb,MSFT,long,22,09:46,447.3942,445.5025,451.93,09:55,445.1364,stop,0.2759,-49.95,-1.06,447.645,break above 447.57
2024-07-24,orb,MSFT,short,22,10:21,436.7889,439.3525,432.625,11:18,432.575,target,0.2708,92.44,1.874,437.11,break below 437.25
2024-07-25,orb,MSFT,short,21,09:46,425.0225,427.7325,420.855,10:07,420.855,target,0.2516,87.26,1.813,425.44,break below 425.68
2024-07-26,orb,MSFT,long,20,09:46,421.9265,419.24,426.635,09:53,419.1142,stop,0.2363,-56.48,-1.146,421.705,break above 421.14
2024-07-30,orb,MSFT,short,23,09:52,425.7622,427.485,423.21,10:00,427.6132,stop,0.2761,-42.85,-1.307,426.06,break below 426.10
2024-08-02,orb,MSFT,short,13,09:47,408.0176,411.9125,400.73,15:55,407.9023,time,0.1496,1.35,0.028,408.185,break below 408.96
2024-08-06,orb,MSFT,long,23,10:10,402.9609,400.795,407.14,15:47,400.6398,stop,0.26,-53.64,-1.103,402.91,break above 402.63
2024-08-07,orb,MSFT,long,24,10:01,409.8329,408.205,412.06,10:19,407.9376,stop,0.2762,-45.76,-1.484,409.49,break above 409.32
2024-08-08,orb,MSFT,short,24,09:50,400.7597,401.9125,398.185,09:53,402.2856,stop,0.2714,-36.89,-1.237,400.67,break below 400.89
2024-08-09,orb,MSFT,short,24,10:32,403.134,404.5375,400.525,10:52,404.6589,stop,0.273,-36.87,-1.149,403.2,break below 403.20
2024-08-12,orb,MSFT,short,24,09:48,404.7885,406.47,400.56,10:44,406.6019,stop,0.2741,-43.8,-0.926,404.5,break below 404.69
2024-08-13,orb,MSFT,long,24,11:07,412.7938,411.23,416.105,15:55,412.8461,time,0.2794,0.98,0.025,412.855,break above 412.85
2024-08-14,orb,MSFT,short,24,09:52,414.1107,415.695,411.27,11:18,415.8197,stop,0.2803,-41.3,-1.167,414.22,break below 414.78
2024-08-15,orb,MSFT,long,23,10:00,420.6962,419.06,423.56,10:05,418.8443,stop,0.2716,-42.86,-1.242,420.56,break above 420.43
2024-08-16,orb,MSFT,short,23,09:51,418.3145,419.8975,415.525,15:55,418.6356,time,0.2713,-7.66,-0.228,418.44,break below 418.85
2024-08-19,orb,MSFT,short,23,10:18,417.4597,418.715,414.815,12:47,418.8906,stop,0.2707,-33.18,-1.11,417.415,break below 417.71
2024-08-20,orb,MSFT,long,23,09:48,423.347,422.37,424.845,10:28,422.2433,stop,0.2738,-25.66,-1.352,423.195,break above 423.04
2024-08-21,orb,MSFT,long,23,10:01,424.2172,423.3825,426.03,10:45,426.065,target,0.2762,42.22,2.08,424.265,break above 424.07
2024-08-22,orb,MSFT,short,23,10:10,424.1427,425.515,421.615,10:59,421.445,target,0.275,61.77,2.066,424.215,break below 424.29
2024-08-23,orb,MSFT,long,23,10:01,418.4555,417.04,420.475,10:35,416.9149,stop,0.2704,-35.7,-1.356,418.185,break above 417.80
2024-08-26,orb,MSFT,short,24,09:50,414.6956,416.0,412.295,10:00,416.1248,stop,0.2807,-34.58,-1.167,414.765,break below 414.81
2024-08-27,orb,MSFT,short,24,09:48,410.1969,411.7525,407.515,09:53,411.876,stop,0.2777,-40.58,-1.197,410.34,break below 410.56
2024-08-28,orb,MSFT,short,24,09:46,412.1063,413.4675,409.695,10:58,409.695,target,0.2789,57.59,1.908,412.21,break below 412.35
2024-08-29,orb,MSFT,long,23,09:46,418.3105,416.18,421.82,10:00,421.82,target,0.2735,80.45,1.86,418.06,break above 417.65
2024-08-30,orb,MSFT,long,23,10:01,416.82,415.6,419.89,10:26,415.3254,stop,0.2694,-34.65,-1.053,417.03,break above 416.85
2024-09-03,orb,MSFT,long,23,09:46,419.4258,417.02,422.96,10:06,416.8949,stop,0.2704,-58.48,-1.284,419.0,break above 418.42
2024-09-04,orb,MSFT,long,24,09:50,407.3622,405.945,410.625,10:00,405.8232,stop,0.2747,-37.21,-0.994,407.505,break above 407.43
2024-09-05,orb,MSFT,short,17,11:26,407.6577,410.545,402.175,15:55,408.0124,time,0.1955,-6.23,-0.131,407.755,break below 408.03
2024-09-06,orb,MSFT,short,24,10:01,406.8179,408.7375,403.615,10:43,403.615,target,0.2754,76.59,1.869,407.03,break below 407.21
2024-09-09,orb,MSFT,short,24,10:05,405.5183,407.315,402.98,10:42,402.955,target,0.2745,61.24,1.766,405.87,break below 406.01
2024-09-11,orb,MSFT,short,24,10:10,413.9258,415.645,411.19,10:34,411.19,target,0.2802,65.38,1.834,414.16,break below 414.29
2024-09-12,orb,MSFT,short,23,09:50,420.4388,422.35,416.785,10:17,422.5717,stop,0.2726,-49.33,-1.156,420.495,break below 420.77
2024-09-13,orb,MSFT,long,23,10:45,428.8786,427.14,432.045,15:55,430.5758,time,0.2791,38.76,1.031,428.775,break above 428.71
2024-09-16,orb,MSFT,long,16,09:46,433.31,430.44,439.425,10:31,430.3109,stop,0.1941,-48.18,-1.005,433.435,break above 432.46
2024-09-17,orb,MSFT,long,20,09:47,441.7675,439.1625,446.4,09:56,439.0308,stop,0.2474,-54.98,-1.14,441.575,break above 441.14
2024-09-18,orb,MSFT,short,23,09:47,432.1653,433.8375,429.345,14:00,434.9304,stop,0.2801,-63.88,-1.855,432.34,break below 432.43
2024-09-19,orb,MSFT,short,22,09:49,438.2735,439.98,435.51,10:35,440.112,stop,0.2717,-40.72,-1.242,438.49,break below 438.82
2024-09-20,orb,MSFT,long,22,09:51,439.3068,437.85,441.42,09:55,437.6137,stop,0.2713,-37.52,-1.433,439.04,break above 438.94
2024-09-23,orb,MSFT,long,23,10:12,434.7804,432.48,438.705,15:55,433.7498,time,0.2812,-23.98,-0.503,434.555,break above 434.55
2024-09-24,orb,MSFT,short,23,09:49,430.5508,432.2725,428.815,10:01,428.485,target,0.2791,47.23,1.782,431.12,break below 431.27
2024-09-25,orb,MSFT,long,23,11:28,431.7645,430.17,434.52,15:55,431.4955,time,0.2797,-6.47,-0.194,431.62,break above 431.56
2024-09-26,orb,MSFT,short,21,10:30,430.7107,433.065,426.03,15:55,430.7192,time,0.2549,-0.43,-0.009,430.72,break below 430.90
2024-09-27,orb,MSFT,long,23,10:11,431.6144,430.71,433.17,10:34,430.5808,stop,0.2791,-24.05,-1.275,431.53,break above 431.52
2024-09-30,orb,MSFT,short,23,10:00,426.2521,427.895,422.9,11:29,428.0234,stop,0.2764,-41.02,-1.071,426.23,break below 426.35
2024-10-01,orb,MSFT,short,17,09:48,422.6732,425.6275,417.175,15:55,420.9562,time,0.2026,28.98,0.605,422.81,break below 423.03
2024-10-02,orb,MSFT,short,17,09:48,416.8199,419.835,411.03,15:55,418.0254,time,0.1998,-20.69,-0.415,416.9,break below 417.00
2024-10-03,orb,MSFT,long,23,09:56,418.3555,416.8975,421.0,10:22,416.7724,stop,0.2703,-36.68,-1.166,418.265,break above 417.99
2024-10-04,orb,MSFT,short,23,09:57,416.7449,418.455,413.7,12:38,418.6556,stop,0.2703,-44.21,-1.213,416.87,break below 417.22
2024-10-07,orb,MSFT,short,24,09:52,414.3557,415.8825,410.985,10:16,416.0073,stop,0.2804,-39.92,-1.019,414.25,break below 414.67
2024-10-08,orb,MSFT,long,20,09:50,412.5487,410.1975,417.375,15:55,415.1654,time,0.2342,52.1,1.089,412.59,break above 412.12
2024-10-09,orb,MSFT,long,23,10:06,416.91,415.495,419.29,11:08,419.29,target,0.2719,54.47,1.872,416.76,break above 416.67
2024-10-11,orb,MSFT,long,24,10:15,416.4299,414.79,419.35,12:13,414.3906,stop,0.2805,-49.22,-1.349,416.31,break above 416.13
2024-10-14,orb,MSFT,long,23,09:46,420.9963,419.2125,424.905,11:30,419.0542,stop,0.2718,-44.94,-1.03,421.11,break above 420.63
2024-10-15,orb,MSFT,short,23,10:14,419.2792,420.9975,416.355,10:33,416.355,target,0.2719,66.98,1.882,419.45,break below 419.88
2024-10-16,orb,MSFT,short,24,09:51,412.4312,414.57,408.705,11:12,414.7044,stop,0.2792,-54.83,-1.169,412.615,break below 413.39
2024-10-17,orb,MSFT,short,18,10:00,417.4897,420.0325,411.91,15:55,416.865,time,0.2119,11.03,0.226,417.325,break below 417.69
2024-10-18,orb,MSFT,short,23,10:04,416.8549,418.31,414.32,11:31,418.5055,stop,0.2704,-38.23,-1.25,416.98,break below 416.99
2024-10-21,orb,MSFT,short,24,10:46,414.6756,416.73,411.33,13:57,416.86,stop,0.2807,-52.71,-1.22,414.93,break below 415.46
2024-10-22,orb,MSFT,long,21,09:46,422.9869,420.4025,427.415,10:06,427.415,target,0.253,92.74,1.889,422.74,break above 422.69
2024-10-24,orb,MSFT,short,23,09:49,423.303,424.775,420.98,10:00,424.9024,stop,0.2745,-37.06,-1.274,423.51,break below 423.62
2024-10-25,orb,MSFT,long,21,09:46,430.7692,428.485,435.565,13:30,428.2265,stop,0.2535,-53.65,-1.083,430.845,break above 430.27
2024-10-28,orb,MSFT,short,23,09:46,428.6464,430.36,425.74,10:39,430.4891,stop,0.2779,-42.66,-1.204,428.82,break below 428.87
2024-10-29,orb,MSFT,long,23,09:46,428.5535,426.91,431.44,09:51,426.682,stop,0.2766,-43.32,-1.247,428.42,break above 427.93
2024-11-01,orb,MSFT,long,23,10:30,412.0036,409.745,416.15,15:55,410.3768,time,0.2662,-37.68,-0.767,411.88,break above 411.67
2024-11-04,orb,MSFT,long,21,10:50,410.5381,407.975,415.04,11:31,407.8476,stop,0.2416,-56.74,-1.147,410.33,break above 410.21
2024-11-05,orb,MSFT,long,24,09:46,412.5587,410.475,416.355,15:55,411.1666,time,0.2783,-33.69,-0.716,412.435,break above 412.41
2024-11-07,orb,MSFT,long,23,09:46,422.3167,421.0825,424.54,09:49,420.9562,stop,0.273,-31.56,-1.191,422.235,break above 422.23
2024-11-08,orb,MSFT,short,23,10:16,424.3227,425.4075,422.295,12:29,422.15,target,0.2751,49.7,2.083,424.37,break below 424.43
2024-11-11,orb,MSFT,short,23,09:52,422.0433,423.475,419.44,10:59,419.44,target,0.2737,59.6,1.927,422.13,break below 422.26
2024-11-13,orb,MSFT,short,23,09:49,419.4791,421.095,416.49,11:12,421.2463,stop,0.272,-40.92,-1.159,419.56,break below 419.92
2024-11-14,orb,MSFT,short,23,10:04,424.1327,426.2,420.41,10:13,426.3279,stop,0.275,-50.76,-1.144,424.27,break below 424.45
2024-11-15,orb,MSFT,short,22,10:04,418.1345,420.455,413.72,15:55,415.7297,time,0.2594,52.65,1.066,418.21,break below 418.25
2024-11-18,orb,MSFT,long,23,09:48,416.1598,414.0275,420.425,15:55,415.4153,time,0.2694,-17.39,-0.355,416.16,break above 415.84
2024-11-19,orb,MSFT,long,24,10:53,413.8641,412.7025,416.205,11:12,412.5787,stop,0.2793,-31.13,-1.111,413.87,break above 413.81
2024-11-20,orb,MSFT,short,24,09:46,414.3307,416.08,411.085,10:14,411.085,target,0.2804,77.62,1.942,414.415,break below 414.87
2024-11-21,orb,MSFT,short,17,10:00,413.7059,416.8325,408.245,15:55,413.6441,time,0.1983,0.85,0.018,413.97,break below 414.01
2024-11-25,orb,MSFT,short,21,09:53,416.7149,418.9125,412.035,15:52,419.0382,stop,0.2468,-49.03,-1.019,416.62,break below 416.85
2024-11-26,orb,MSFT,long,21,09:49,423.7071,421.0875,428.085,15:28,428.085,target,0.2534,91.68,1.872,423.42,break above 423.06
2024-11-27,orb,MSFT,short,23,10:52,424.2827,425.7,420.66,15:55,423.9672,time,0.2751,6.98,0.181,424.02,break below 424.26
2024-11-29,orb,MSFT,long,23,10:16,421.3264,419.4225,424.53,12:23,424.62,target,0.2753,75.48,1.928,421.125,break above 421.00
2024-12-02,orb,MSFT,long,23,09:47,425.6276,423.42,429.51,10:26,429.51,target,0.2784,89.02,1.907,425.45,break above 425.34
2024-12-03,orb,MSFT,long,23,09:58,430.219,429.455,431.84,10:02,431.84,target,0.2799,37.0,2.024,430.25,break above 430.22
2024-12-04,orb,MSFT,long,17,09:52,438.3315,435.255,443.73,15:55,438.1435,time,0.2099,-3.4,-0.071,438.08,break above 437.78
2024-12-05,orb,MSFT,short,22,09:47,437.1688,438.585,434.37,10:34,438.7166,stop,0.271,-34.32,-1.11,437.18,break below 437.29
2024-12-06,orb,MSFT,long,22,09:46,445.0435,443.4,447.78,10:09,443.267,stop,0.2748,-39.36,-1.225,444.86,break above 444.75
2024-12-09,orb,MSFT,long,17,10:36,445.8237,442.76,451.235,15:55,444.8865,time,0.2131,-16.15,-0.336,445.585,break above 445.01
2024-12-10,orb,MSFT,long,22,09:46,447.9293,446.035,451.27,11:43,445.9012,stop,0.2764,-44.9,-1.169,447.78,break above 447.76
2024-12-11,orb,MSFT,long,22,10:02,446.4739,445.24,448.9,10:37,448.9,target,0.2782,53.1,1.978,446.46,break above 446.31
2024-12-12,orb,MSFT,long,22,10:03,453.636,451.455,457.8,10:12,451.2646,stop,0.2796,-52.45,-1.127,453.57,break above 453.53
2024-12-13,orb,MSFT,short,22,10:43,447.8256,449.69,444.44,15:55,447.4542,time,0.2775,7.89,0.205,447.94,break below 448.00
2024-12-16,orb,MSFT,short,22,10:09,445.3414,447.38,441.59,11:00,447.5142,stop,0.276,-48.08,-1.132,445.45,break below 445.76
2024-12-17,orb,MSFT,long,22,09:46,452.6157,451.015,455.59,09:59,450.8797,stop,0.2794,-38.47,-1.147,452.54,break above 452.21
2024-12-19,orb,MSFT,short,22,09:53,439.748,441.3475,436.465,10:12,441.4924,stop,0.2726,-38.65,-1.079,439.72,break below 439.83
2024-12-20,orb,MSFT,long,18,10:27,433.6801,430.8475,438.805,11:15,438.805,target,0.2226,92.03,1.927,433.5,break above 433.00
2024-12-23,orb,MSFT,short,22,09:47,435.3594,436.5925,433.255,09:58,436.7235,stop,0.2699,-30.28,-1.237,435.48,break below 435.67
2024-12-24,orb,MSFT,long,22,09:48,436.3209,435.295,438.28,10:42,438.31,target,0.2717,43.49,1.987,436.29,break above 436.28
2024-12-26,orb,MSFT,short,22,09:47,439.0083,439.94,436.64,15:09,440.077,stop,0.2721,-23.78,-0.983,438.84,break below 438.96
2024-12-27,orb,MSFT,short,17,10:02,429.5011,432.23,423.71,15:55,430.5541,time,0.2058,-18.11,-0.375,429.39,break below 429.40
2024-12-30,orb,MSFT,short,23,09:47,423.5929,424.805,420.83,10:45,424.9324,stop,0.2747,-31.08,-1.02,423.48,break below 423.56
2024-12-31,orb,MSFT,short,23,10:50,423.9478,425.3975,421.685,14:03,421.64,target,0.2749,52.8,1.855,424.16,break below 424.20
2025-01-02,orb,MSFT,short,23,10:24,422.7881,424.535,419.45,12:26,419.45,target,0.2741,76.5,1.962,422.84,break below 423.00
2025-01-03,orb,MSFT,long,23,10:04,423.0619,421.6275,425.685,10:12,421.501,stop,0.2733,-36.17,-1.163,422.98,break above 422.70
2025-01-06,orb,MSFT,long,23,09:49,430.7092,428.8525,435.085,12:55,428.7238,stop,0.2779,-45.94,-0.961,430.93,break above 430.82
2025-01-07,orb,MSFT,long,23,09:58,430.5291,428.7725,434.075,10:01,428.6439,stop,0.2779,-43.64,-1.073,430.54,break above 430.37
2025-01-08,orb,MSFT,long,23,09:50,425.1225,423.925,427.93,12:08,423.6179,stop,0.2747,-34.88,-1.136,425.26,break above 425.04
2025-01-10,orb,MSFT,short,18,09:47,419.4441,422.23,414.13,13:23,422.3567,stop,0.2129,-52.64,-1.083,419.53,break below 419.75
2025-01-13,orb,MSFT,short,24,09:47,415.0704,416.7225,411.09,14:42,416.8475,stop,0.2809,-42.93,-0.953,414.845,break below 415.02
2025-01-14,orb,MSFT,short,23,10:31,416.8549,418.185,413.91,15:01,413.91,target,0.2704,67.46,2.058,416.76,break below 416.80
2025-01-15,orb,MSFT,long,17,09:46,423.8571,420.77,429.35,15:55,426.8219,time,0.2045,50.2,1.032,423.63,break above 423.19
2025-01-16,orb,MSFT,short,23,09:53,425.7172,427.7225,422.375,10:08,427.8508,stop,0.276,-49.35,-1.204,425.94,break below 426.06
2025-01-17,orb,MSFT,short,17,09:59,428.2315,431.535,422.88,12:54,431.6645,stop,0.2052,-58.57,-1.194,428.65,break below 428.76
2025-01-21,orb,MSFT,short,19,09:55,426.1821,428.37,420.6,10:07,428.4985,stop,0.2283,-44.24,-0.899,425.78,break below 426.09
2025-01-22,orb,MSFT,long,22,09:51,439.3018,437.6025,442.305,10:38,442.305,target,0.2742,65.8,1.908,439.17,break above 439.14
2025-01-24,orb,MSFT,long,22,11:19,445.7887,443.48,449.6,13:38,443.347,stop,0.2748,-53.99,-1.203,445.52,break above 445.50
2025-01-27,orb,MSFT,long,17,09:48,429.1287,426.215,434.69,14:29,434.69,target,0.2083,94.33,1.964,429.04,break above 428.77
2025-01-28,orb,MSFT,long,23,09:52,435.2305,432.7,438.79,10:18,438.79,target,0.2844,81.58,1.747,434.73,break above 434.02
2025-01-29,orb,MSFT,short,17,09:47,441.3276,444.3225,435.795,11:52,444.5733,stop,0.2114,-55.39,-1.146,441.48,break below 441.81
2025-01-30,orb,MSFT,long,12,09:49,421.8365,417.69,429.84,10:03,417.5647,stop,0.1413,-51.4,-1.058,421.74,break above 420.56
2025-01-31,orb,MSFT,long,23,10:06,420.3961,418.215,424.08,10:26,418.0895,stop,0.2711,-53.32,-1.186,420.17,break above 419.70
2025-02-03,orb,MSFT,short,18,10:13,409.2222,412.155,404.1,10:35,412.2786,stop,0.2078,-55.22,-1.143,409.47,break below 409.62
2025-02-04,orb,MSFT,long,24,09:51,411.9335,410.8425,414.135,12:34,410.7192,stop,0.278,-29.42,-1.117,411.94,break above 411.89
2025-02-05,orb,MSFT,short,24,09:58,410.7817,412.2875,408.095,11:06,412.4112,stop,0.2781,-39.39,-1.174,410.89,break below 410.91
2025-02-06,orb,MSFT,long,23,09:48,418.0554,415.9725,421.755,12:12,415.8452,stop,0.2697,-51.1,-1.153,417.9,break above 417.82
2025-02-07,orb,MSFT,short,24,10:02,415.1104,417.065,411.575,10:53,411.575,target,0.2809,84.57,1.926,415.235,break below 415.52
2025-02-10,orb,MSFT,short,24,09:52,411.9314,413.12,409.64,10:05,413.2439,stop,0.2788,-31.78,-1.142,411.96,break below 412.12
2025-02-11,orb,MSFT,long,24,09:59,410.9532,410.1225,412.425,10:29,412.49,target,0.2792,36.6,1.987,410.89,break above 410.88
2025-02-12,orb,MSFT,long,22,09:50,408.2074,406.3225,412.9,15:55,408.4174,time,0.2534,4.37,0.091,408.515,break above 408.25
2025-02-13,orb,MSFT,long,24,10:34,409.1277,407.5925,411.8,15:55,409.992,time,0.2775,20.46,0.608,408.995,break above 408.69
2025-02-14,orb,MSFT,short,24,10:31,405.9082,407.42,403.37,10:52,407.5422,stop,0.2748,-39.49,-1.219,406.07,break below 406.20
2025-02-18,orb,MSFT,long,24,09:58,410.3931,409.0775,412.91,10:01,408.9548,stop,0.2768,-34.8,-1.135,410.355,break above 410.18
2025-02-19,orb,MSFT,long,24,09:48,409.9229,408.605,412.31,10:04,408.4824,stop,0.2765,-34.85,-1.176,409.84,break above 409.56
2025-02-20,orb,MSFT,long,23,09:50,417.1351,415.535,420.56,09:53,415.4103,stop,0.2694,-39.94,-1.037,417.21,break above 417.06
2025-02-21,orb,MSFT,short,24,10:00,414.4156,416.545,411.4,13:41,411.4,target,0.2805,72.09,1.752,414.83,break below 415.11
2025-02-25,orb,MSFT,short,25,09:48,399.5451,400.87,396.94,09:54,400.9903,stop,0.2818,-36.41,-1.112,399.56,break below 399.88
2025-02-26,orb,MSFT,long,18,09:53,399.2097,396.55,404.755,15:55,399.6801,time,0.203,8.26,0.168,399.285,break above 398.84
2025-02-27,orb,MSFT,short,17,09:56,400.0699,403.275,394.74,14:34,394.74,target,0.1919,90.42,1.869,400.43,break below 400.81
2025-03-03,orb,MSFT,short,22,09:54,394.0717,396.3725,389.645,15:12,389.645,target,0.2447,97.14,1.969,394.13,break below 394.51
2025-03-05,orb,MSFT,long,25,10:13,392.7078,390.615,396.42,11:11,390.4978,stop,0.2755,-55.52,-1.148,392.55,break above 392.21
2025-03-06,orb,MSFT,long,21,09:51,397.8893,395.545,402.52,12:05,395.4113,stop,0.2343,-52.27,-1.071,397.87,break above 397.79
2025-03-07,orb,MSFT,long,25,09:52,394.3883,392.7375,397.29,09:58,392.6197,stop,0.277,-44.49,-1.173,394.255,break above 394.24
2025-03-11,orb,MSFT,long,26,09:52,382.7248,380.4675,385.395,10:04,380.3534,stop,0.2792,-61.94,-1.45,382.11,break above 381.78
2025-03-12,orb,MSFT,short,21,09:48,379.936,382.4425,375.535,11:38,382.5572,stop,0.2253,-55.27,-1.143,380.14,break below 380.21
2025-03-13,orb,MSFT,short,26,09:50,381.8954,383.605,378.04,10:17,383.8451,stop,0.2803,-50.97,-1.057,381.75,break below 381.99
2025-03-14,orb,MSFT,long,25,09:46,383.7501,381.635,387.575,10:12,381.5205,stop,0.2693,-56.01,-1.131,383.615,break above 383.61
2025-03-17,orb,MSFT,long,23,10:21,390.207,387.985,394.24,10:55,387.7037,stop,0.2517,-57.83,-1.206,390.07,break above 389.88
2025-03-18,orb,MSFT,short,21,09:46,382.5402,385.1175,378.225,15:55,383.56,time,0.2268,-21.64,-0.449,382.82,break below 382.95
2025-03-19,orb,MSFT,long,25,09:53,386.3959,385.02,388.83,13:30,384.9045,stop,0.2717,-37.56,-1.183,386.29,break above 386.02
2025-03-20,orb,MSFT,long,25,09:46,386.5359,384.765,389.67,10:16,389.67,target,0.275,78.08,1.91,386.4,break above 386.25
2025-03-21,orb,MSFT,long,25,10:09,384.8504,384.215,387.95,10:21,384.0647,stop,0.2711,-19.91,-0.64,385.46,break above 385.40
2025-03-24,orb,MSFT,short,19,10:07,390.5728,393.4025,385.625,11:55,393.5205,stop,0.2095,-56.22,-1.141,390.81,break below 391.51
2025-03-25,orb,MSFT,long,25,10:17,395.7937,394.0625,398.465,12:32,393.9318,stop,0.2779,-46.83,-1.276,395.53,break above 395.36
2025-03-26,orb,MSFT,short,25,09:50,393.8118,394.65,392.565,09:57,392.565,target,0.2778,30.89,1.778,393.955,break below 394.02
2025-03-27,orb,MSFT,long,25,10:01,390.7222,388.8925,394.345,15:55,390.8677,time,0.2758,3.36,0.074,390.71,break above 390.30
2025-03-28,orb,MSFT,short,25,10:13,385.4743,387.56,382.385,10:56,382.36,target,0.2721,77.59,1.799,385.835,break below 386.10
2025-03-31,orb,MSFT,short,21,10:28,367.9796,370.465,363.4,11:36,370.5761,stop,0.2183,-54.75,-1.107,368.11,break below 368.32
2025-04-01,orb,MSFT,long,26,09:47,376.4529,374.795,379.94,10:43,379.94,target,0.2789,90.39,2.027,376.51,break above 376.21
2025-04-02,orb,MSFT,long,18,09:49,382.1946,379.3075,387.355,10:11,379.1937,stop,0.1927,-54.21,-1.123,381.99,break above 381.93
2025-04-04,orb,MSFT,long,21,09:47,368.3505,365.4675,372.465,09:58,372.465,target,0.2209,86.18,1.759,367.8,break above 366.94
2025-04-08,orb,MSFT,short,22,09:51,367.1198,369.385,362.68,09:53,369.4958,stop,0.2282,-52.5,-1.068,367.15,break below 367.20
2025-04-10,orb,MSFT,long,22,09:50,383.7751,381.485,388.28,09:57,381.3706,stop,0.2369,-53.14,-1.066,383.75,break above 383.45
2025-04-11,orb,MSFT,long,20,09:47,385.1955,382.39,389.89,10:02,382.2753,stop,0.2159,-58.62,-1.172,384.89,break above 384.45
2025-04-14,orb,MSFT,short,25,09:58,390.5728,391.94,388.1,10:03,392.0576,stop,0.2756,-37.4,-1.169,390.66,break below 390.81
2025-04-15,orb,MSFT,short,25,10:18,387.9036,389.945,384.35,15:47,384.35,target,0.2737,88.57,1.9,388.08,break below 388.10
2025-04-16,orb,MSFT,short,22,09:46,377.4467,379.785,373.17,11:25,379.984,stop,0.2345,-56.05,-1.156,377.58,break below 378.15
2025-04-17,orb,MSFT,short,26,09:47,371.0287,372.8,367.355,09:51,372.9118,stop,0.2725,-49.24,-1.043,370.985,break below 371.35
2025-04-21,orb,MSFT,short,27,09:47,361.9014,363.475,359.755,10:17,359.74,target,0.2761,58.08,1.735,362.235,break below 362.62
2025-04-22,orb,MSFT,long,24,10:47,364.0642,361.78,367.93,15:55,366.8199,time,0.2487,65.89,1.339,363.83,break above 363.50
2025-04-23,orb,MSFT,long,22,09:52,379.9389,377.485,384.28,09:56,377.3718,stop,0.2345,-56.71,-1.138,379.75,break above 379.71
2025-04-24,orb,MSFT,long,22,09:46,379.4138,377.11,383.68,10:36,383.785,target,0.2384,95.93,1.991,379.3,break above 378.87
2025-04-25,orb,MSFT,short,25,09:47,386.2541,388.1,383.9,10:07,388.2164,stop,0.2726,-49.33,-1.409,386.7,break below 387.00
2025-04-29,orb,MSFT,long,25,09:46,392.6678,391.5075,394.845,13:12,391.39,stop,0.2762,-32.22,-1.158,392.62,break above 392.37
2025-04-30,orb,MSFT,short,20,09:58,384.9445,387.82,380.485,10:24,387.9363,stop,0.2173,-60.05,-1.228,385.375,break below 385.51
2025-05-02,orb,MSFT,long,23,09:46,434.2702,432.11,438.5,10:06,438.5,target,0.2842,97.0,1.98,434.24,break above 434.22
2025-05-05,orb,MSFT,long,22,09:47,435.9207,433.89,439.59,15:55,435.3494,time,0.2699,-12.84,-0.307,435.79,break above 435.60
2025-05-06,orb,MSFT,long,22,10:34,435.6507,433.1475,439.815,15:55,434.7395,time,0.2695,-20.31,-0.415,435.37,break above 435.12
2025-05-07,orb,MSFT,long,23,10:08,434.6704,433.6275,436.785,10:47,433.4974,stop,0.281,-27.26,-1.126,434.68,break above 434.65
2025-05-08,orb,MSFT,short,22,09:48,437.2688,439.3775,433.985,11:23,439.5093,stop,0.2711,-49.56,-1.253,437.58,break below 437.74
2025-05-09,orb,MSFT,short,22,09:46,438.2185,439.4725,436.645,10:40,436.645,target,0.2717,34.35,1.656,438.53,break below 438.56
2025-05-12,orb,MSFT,short,17,09:53,440.4878,443.37,435.0,10:13,443.503,stop,0.211,-51.47,-1.085,440.58,break below 440.75
2025-05-13,orb,MSFT,long,22,09:52,449.6148,447.225,453.015,10:44,447.0908,stop,0.2771,-55.81,-1.314,449.155,break above 449.08
2025-05-14,orb,MSFT,long,22,09:49,452.3107,450.145,456.445,13:22,450.01,stop,0.2789,-50.89,-1.102,452.245,break above 452.15
2025-05-15,orb,MSFT,long,22,10:00,453.386,451.825,455.74,12:06,455.84,target,0.2824,53.71,1.871,453.13,break above 453.10
2025-05-16,orb,MSFT,short,22,09:53,449.5851,451.14,446.73,10:16,451.2753,stop,0.2786,-37.46,-1.158,449.67,break below 449.76
2025-05-20,orb,MSFT,short,21,09:47,455.2434,456.2,453.44,11:12,456.4369,stop,0.2693,-25.33,-1.311,455.28,break below 455.47
2025-05-21,orb,MSFT,long,21,10:02,456.4169,455.55,458.13,10:03,455.4133,stop,0.2694,-21.34,-1.182,456.41,break above 456.36
2025-05-22,orb,MSFT,long,21,09:57,458.3525,456.0125,462.725,11:15,455.8757,stop,0.2696,-52.28,-1.113,458.25,break above 457.75
2025-05-23,orb,MSFT,short,22,09:55,449.4101,450.425,445.97,10:04,450.5601,stop,0.2785,-25.58,-0.783,448.94,break below 449.10
2025-05-28,orb,MSFT,short,21,10:07,460.0719,461.4425,457.625,13:38,457.56,target,0.2721,52.48,1.964,460.17,break below 460.38
2025-05-29,orb,MSFT,short,21,09:47,458.3425,460.565,455.78,12:00,455.78,target,0.2711,53.54,1.598,458.97,break below 459.42
2025-05-30,orb,MSFT,short,21,09:50,458.3325,459.2175,457.095,10:05,459.5178,stop,0.2711,-25.16,-1.694,458.51,break below 458.55
2025-06-02,orb,MSFT,long,21,11:01,461.4534,459.18,465.39,15:55,461.1116,time,0.2727,-7.45,-0.171,461.25,break above 461.02
2025-06-03,orb,MSFT,short,21,10:36,460.8317,462.7275,457.47,11:18,462.8663,stop,0.2725,-43.0,-1.168,460.975,break below 461.37
2025-06-04,orb,MSFT,long,21,09:49,465.1295,463.765,467.8,12:35,463.6209,stop,0.2741,-31.96,-1.131,465.11,break above 464.49
2025-06-05,orb,MSFT,short,21,09:46,464.0208,466.005,461.82,10:25,466.1448,stop,0.2744,-44.88,-1.532,464.61,break below 464.77
2025-06-06,orb,MSFT,long,21,09:50,471.7915,470.245,474.16,11:19,469.869,stop,0.2778,-40.65,-1.483,471.55,break above 471.31
2025-06-09,orb,MSFT,short,21,09:48,468.6144,469.955,466.43,09:55,470.261,stop,0.2771,-34.86,-1.413,468.78,break below 468.92
2025-06-10,orb,MSFT,short,21,09:46,469.4691,471.5625,465.555,15:55,470.6812,time,0.2776,-25.73,-0.612,469.56,break below 470.60
2025-06-11,orb,MSFT,long,21,09:46,472.6518,471.27,475.875,14:17,471.0187,stop,0.2785,-34.57,-1.073,472.805,break above 472.65
2025-06-12,orb,MSFT,long,21,10:09,476.1028,474.8675,478.025,11:13,478.025,target,0.2826,40.08,1.814,475.92,break above 475.88
2025-06-13,orb,MSFT,long,20,09:51,478.7436,477.0275,481.655,10:10,476.8844,stop,0.2685,-37.45,-1.214,478.57,break above 478.52
2025-06-16,orb,MSFT,long,20,09:55,478.5735,476.72,481.91,15:55,478.3814,time,0.2693,-4.11,-0.119,478.45,break above 478.38
2025-06-17,orb,MSFT,short,21,09:47,474.4676,475.3575,471.885,09:59,475.5001,stop,0.2805,-21.96,-0.904,474.2,break below 474.30
2025-06-18,orb,MSFT,long,20,10:21,478.6836,476.8,481.675,15:55,480.5258,time,0.2705,36.57,1.125,478.425,break above 478.34
2025-06-20,orb,MSFT,short,20,09:56,480.9457,482.14,478.69,13:30,478.635,target,0.2707,45.94,1.998,480.99,break below 481.03
2025-06-23,orb,MSFT,long,17,11:05,478.1234,475.1825,483.635,13:15,483.635,target,0.2314,93.47,1.951,478.0,break above 477.81
2025-06-24,orb,MSFT,short,20,09:50,487.6437,488.72,485.9,10:51,488.8666,stop,0.2744,-24.73,-1.316,487.78,break below 487.84
2025-06-25,orb,MSFT,long,20,10:06,494.3333,492.92,497.615,10:43,492.7721,stop,0.2773,-31.5,-1.006,494.485,break above 494.09
2025-06-26,orb,MSFT,long,20,09:58,495.7487,494.35,497.74,10:43,494.2017,stop,0.2781,-31.22,-1.381,495.48,break above 495.45
2025-06-27,orb,MSFT,short,20,09:54,496.351,497.36,494.795,09:57,497.5092,stop,0.2793,-23.44,-1.371,496.505,break below 496.56
2025-06-30,orb,MSFT,short,20,10:10,495.8712,496.84,493.345,10:48,497.1141,stop,0.279,-25.14,-1.079,495.675,break below 495.70
2025-07-01,orb,MSFT,short,20,10:59,495.2514,496.855,492.49,11:13,492.49,target,0.2787,54.95,1.888,495.4,break below 495.74
2025-07-02,orb,MSFT,long,20,09:46,493.518,490.99,498.01,09:56,490.8427,stop,0.2762,-53.78,-1.149,493.33,break above 493.17
2025-07-03,orb,MSFT,long,20,09:52,495.4986,494.49,498.51,10:09,498.51,target,0.2805,59.95,2.237,495.83,break above 495.45
2025-07-07,orb,MSFT,long,20,09:51,498.4695,497.1775,500.425,10:02,497.0283,stop,0.2797,-29.1,-1.344,498.26,break above 498.20
2025-07-08,orb,MSFT,short,20,10:07,495.7862,497.29,493.525,15:55,496.6389,time,0.279,-17.33,-0.691,496.035,break below 496.44
2025-07-09,orb,MSFT,long,19,09:46,504.3913,501.99,507.765,10:57,501.8394,stop,0.2682,-48.75,-1.333,503.915,break above 503.86
2025-07-10,orb,MSFT,short,19,09:46,501.2796,503.0225,497.525,15:55,502.0906,time,0.2679,-15.68,-0.45,501.19,break below 501.64
2025-07-11,orb,MSFT,long,19,09:54,500.6101,499.2025,503.575,11:42,503.73,target,0.2692,59.01,2.131,500.66,break above 500.61
2025-07-14,orb,MSFT,long,19,09:51,502.7008,501.885,503.88,10:02,501.6795,stop,0.2681,-19.67,-1.557,502.55,break above 502.52
2025-07-15,orb,MSFT,long,19,10:21,505.9617,504.2,508.55,15:55,506.3281,time,0.2706,6.69,0.243,505.65,break above 505.61
2025-07-16,orb,MSFT,short,19,09:52,502.9291,504.365,500.33,10:32,504.5613,stop,0.2688,-31.28,-1.224,503.02,break below 503.23
2025-07-17,orb,MSFT,long,19,09:47,509.2327,507.4275,512.565,11:33,512.565,target,0.2739,63.04,1.937,509.14,break above 509.10
2025-07-18,orb,MSFT,short,19,09:55,510.6418,512.7975,507.9,15:55,510.268,time,0.2729,6.83,0.22,511.165,break below 511.42
2025-07-21,orb,MSFT,long,15,09:46,511.5184,508.095,517.56,15:55,509.962,time,0.2151,-23.56,-0.498,511.25,break above 510.64
2025-07-22,orb,MSFT,short,19,09:51,508.7073,509.9975,505.475,15:47,505.465,target,0.2719,61.33,2.141,508.49,break below 508.89
2025-07-23,orb,MSFT,short,19,09:46,502.1993,504.62,497.885,11:54,504.7714,stop,0.2684,-49.14,-1.152,502.375,break below 502.45
2025-07-24,orb,MSFT,long,19,10:59,510.4531,508.805,513.32,15:55,510.9467,time,0.273,9.1,0.318,510.31,break above 510.26
2025-07-25,orb,MSFT,long,19,09:52,512.5637,511.46,514.49,12:32,514.56,target,0.2749,37.65,1.962,512.47,break above 512.40
2025-07-28,orb,MSFT,long,19,10:00,514.8744,513.475,517.03,10:21,513.321,stop,0.2743,-29.79,-1.323,514.66,break above 514.56
2025-07-29,orb,MSFT,short,19,09:51,514.9155,516.42,512.25,12:52,512.25,target,0.2751,50.37,1.907,515.03,break below 515.29
2025-08-01,orb,MSFT,short,16,09:46,529.5861,532.7275,523.795,11:24,523.795,target,0.2382,92.42,1.94,529.75,break below 529.86
2025-08-04,orb,MSFT,long,14,09:46,534.9104,531.3,541.725,15:55,534.8495,time,0.2105,-1.06,-0.022,534.775,break above 534.47
2025-08-05,orb,MSFT,short,18,09:51,535.0694,536.04,532.5,09:55,536.2158,stop,0.2707,-20.91,-0.984,534.86,break below 535.07
2025-08-06,orb,MSFT,short,18,09:50,527.0618,529.4725,522.745,15:55,525.1475,time,0.2667,34.19,0.847,527.23,break below 527.38
2025-08-08,orb,MSFT,short,19,10:05,522.0233,523.4375,519.935,11:39,519.935,target,0.2789,39.4,1.776,522.27,break below 522.37
2025-08-11,orb,MSFT,long,19,09:58,523.7071,521.3175,526.53,11:15,526.53,target,0.2813,53.35,1.616,523.055,break above 522.87
2025-08-12,orb,MSFT,short,19,10:07,523.333,525.73,518.23,10:20,525.9277,stop,0.2796,-49.58,-1.044,523.23,break below 523.87
2025-08-13,orb,MSFT,short,18,09:46,529.1112,531.095,525.515,10:06,531.2693,stop,0.2678,-39.11,-1.168,529.235,break below 529.65
2025-08-14,orb,MSFT,long,19,09:46,522.7968,521.42,525.17,10:46,525.19,target,0.2806,45.19,1.903,522.67,break above 522.61
2025-08-15,orb,MSFT,long,19,10:05,523.397,522.03,525.315,10:43,521.8034,stop,0.2788,-30.56,-1.469,523.125,break above 523.12
2025-08-18,orb,MSFT,short,19,09:52,518.6344,521.385,513.645,15:55,516.2348,time,0.2771,45.31,0.924,518.805,break below 519.97
2025-08-19,orb,MSFT,short,19,10:28,511.2966,513.45,507.6,15:55,509.5578,time,0.2732,32.76,0.884,511.5,break below 511.77
2025-08-20,orb,MSFT,short,19,10:00,506.378,508.755,502.05,15:55,506.4119,time,0.2706,-0.91,-0.022,506.52,break below 506.55
2025-08-21,orb,MSFT,long,19,10:07,505.5666,504.0975,508.38,13:25,503.9438,stop,0.2693,-31.1,-1.147,505.525,break above 505.32
2025-08-22,orb,MSFT,long,19,10:03,506.962,504.43,511.15,15:55,507.3478,time,0.2711,7.06,0.166,506.67,break above 506.23
2025-08-25,orb,MSFT,long,19,11:05,508.1324,506.35,511.69,13:04,506.1981,stop,0.2705,-37.02,-1.095,508.13,break above 508.08
2025-08-26,orb,MSFT,short,19,09:48,502.7191,503.94,500.46,10:03,504.0962,stop,0.2687,-26.43,-1.199,502.78,break below 502.96
2025-08-27,orb,MSFT,short,19,09:46,500.6348,502.0,497.83,10:16,502.1506,stop,0.2676,-29.07,-1.101,500.61,break below 500.70
2025-08-28,orb,MSFT,short,19,09:46,506.448,508.4125,502.855,11:17,508.6726,stop,0.2707,-42.54,-1.209,506.56,break below 506.69
2025-08-29,orb,MSFT,short,19,09:46,505.4083,507.81,501.225,11:24,507.9623,stop,0.2701,-48.8,-1.17,505.615,break below 506.12
2025-09-02,orb,MSFT,long,16,09:47,502.8808,499.8725,508.955,15:55,505.1584,time,0.2274,36.21,0.748,502.9,break above 502.80
2025-09-03,orb,MSFT,long,19,09:46,507.8023,504.745,512.17,09:58,504.5936,stop,0.2697,-61.24,-1.302,507.22,break above 506.40
2025-09-04,orb,MSFT,short,19,09:52,503.7238,505.365,500.97,10:28,505.7267,stop,0.2692,-38.32,-1.377,503.9,break below 503.96
2025-09-08,orb,MSFT,long,20,09:52,499.8849,497.3225,504.485,15:29,497.1658,stop,0.2797,-54.66,-1.145,499.71,break above 499.56
2025-09-09,orb,MSFT,short,20,10:02,499.6201,501.12,496.83,10:12,501.2703,stop,0.2811,-33.29,-1.164,499.69,break below 500.16
2025-09-11,orb,MSFT,long,19,10:34,503.2009,500.315,507.665,10:55,500.1649,stop,0.2673,-57.95,-1.245,502.765,break above 502.68
2025-09-12,orb,MSFT,long,19,09:46,507.3872,505.4,510.14,09:53,505.2484,stop,0.27,-40.91,-1.363,506.98,break above 506.80
2025-09-15,orb,MSFT,long,19,09:54,511.6284,509.21,516.14,15:55,513.9258,time,0.2746,43.37,0.988,511.52,break above 511.40
2025-09-16,orb,MSFT,short,18,09:48,512.5262,514.755,506.82,15:55,509.1727,time,0.2595,60.1,1.262,512.11,break below 512.44
2025-09-17,orb,MSFT,short,19,09:47,506.3181,508.8075,502.125,13:20,508.9601,stop,0.2706,-50.47,-1.193,506.58,break below 506.85
2025-09-18,orb,MSFT,long,19,09:54,510.8482,509.25,513.72,10:02,509.0972,stop,0.2721,-33.54,-1.185,510.74,break above 510.71
2025-09-19,orb,MSFT,long,19,09:49,513.7441,511.695,515.955,11:31,511.3815,stop,0.2733,-45.16,-1.674,513.115,break above 512.99
2025-09-22,orb,MSFT,short,19,09:59,514.3956,516.115,511.21,10:42,516.2698,stop,0.2749,-35.88,-1.155,514.48,break below 514.55
2025-09-23,orb,MSFT,short,19,09:46,510.5968,512.7725,506.21,10:06,512.9338,stop,0.2729,-44.68,-1.075,510.585,break below 510.98
2025-09-25,orb,MSFT,short,19,09:58,506.0381,507.795,503.64,10:23,507.9473,stop,0.2704,-36.55,-1.389,506.41,break below 506.59
2025-09-26,orb,MSFT,short,15,10:26,507.4177,510.815,501.32,14:39,510.9983,stop,0.2141,-53.92,-1.136,507.65,break below 508.03
2025-09-29,orb,MSFT,long,18,09:46,514.4243,511.4775,519.645,15:55,514.0557,time,0.2602,-6.89,-0.141,514.2,break above 513.75
2025-09-30,orb,MSFT,long,19,10:01,513.2839,511.45,516.61,10:59,516.61,target,0.276,62.92,1.925,513.17,break above 513.15
2025-10-01,orb,MSFT,short,19,10:07,512.1463,514.6775,506.96,11:01,514.9144,stop,0.2737,-52.87,-1.082,512.105,break below 512.36
2025-10-02,orb,MSFT,short,19,09:52,516.7549,519.215,512.45,11:02,512.45,target,0.2761,81.52,1.903,516.96,break below 517.10
2025-10-03,orb,MSFT,long,19,09:51,517.9553,516.3725,520.565,10:08,516.0901,stop,0.2758,-35.71,-1.345,517.77,break above 517.66
2025-10-06,orb,MSFT,long,17,09:53,523.8571,520.705,529.51,14:22,529.51,target,0.2531,95.85,1.921,523.64,break above 523.12
2025-10-07,orb,MSFT,short,18,09:46,524.3726,527.08,519.115,10:26,527.2381,stop,0.2654,-51.84,-1.085,524.425,break below 525.50
2025-10-09,orb,MSFT,short,19,09:46,521.1636,523.065,517.665,15:16,517.665,target,0.2784,66.2,1.936,521.265,break below 522.10
2025-10-10,orb,MSFT,long,19,09:48,523.567,521.655,527.01,10:04,521.4685,stop,0.2786,-40.15,-1.184,523.44,break above 523.36
2025-10-13,orb,MSFT,short,19,10:52,512.6112,514.5075,509.415,13:03,514.6619,stop,0.2739,-39.24,-1.217,512.81,break below 512.89
2025-10-14,orb,MSFT,long,19,09:57,509.7979,507.725,513.47,12:47,513.47,target,0.2744,69.5,1.91,509.64,break above 509.39
2025-10-15,orb,MSFT,short,19,09:50,513.9258,515.09,512.375,09:58,515.2445,stop,0.2746,-25.33,-1.473,514.185,break below 514.29
2025-10-16,orb,MSFT,long,19,09:46,515.4746,512.955,519.57,12:19,512.7461,stop,0.274,-52.11,-1.244,515.16,break above 514.12
2025-10-17,orb,MSFT,long,19,09:54,511.2433,508.97,516.02,11:36,508.8173,stop,0.2719,-46.37,-1.038,511.32,break above 510.53
2025-10-20,orb,MSFT,short,19,09:57,513.4459,514.895,510.95,10:02,515.1045,stop,0.2744,-31.79,-1.272,513.58,break below 513.80
2025-10-21,orb,MSFT,short,19,10:07,516.1651,517.43,514.01,11:05,517.5852,stop,0.2758,-27.26,-1.258,516.29,break below 516.32
2025-10-22,orb,MSFT,long,19,10:02,523.612,521.2975,528.565,10:42,521.1411,stop,0.2784,-47.23,-1.026,523.72,break above 523.40
2025-10-23,orb,MSFT,long,19,09:52,523.2069,520.7175,527.55,10:21,520.5613,stop,0.2781,-50.55,-1.168,522.995,break above 522.78
2025-10-24,orb,MSFT,long,19,09:46,524.9574,522.65,528.68,09:50,522.4932,stop,0.2791,-47.1,-1.233,524.66,break above 524.55
2025-10-27,orb,MSFT,long,18,10:02,532.2346,530.605,535.54,13:26,530.4458,stop,0.2684,-32.47,-1.096,532.25,break above 532.16
2025-10-29,orb,MSFT,short,13,09:49,538.5884,542.8325,531.35,15:55,540.292,time,0.1968,-22.34,-0.449,539.005,break below 539.57
2025-10-30,orb,MSFT,short,14,10:00,527.8516,531.455,521.0,15:55,526.5079,time,0.2078,18.6,0.381,527.97,break below 528.00
2025-11-03,orb,MSFT,long,18,09:47,524.7624,521.98,529.93,10:05,521.8234,stop,0.2641,-53.17,-1.115,524.63,break above 524.20
2025-11-04,orb,MSFT,long,19,09:52,512.4637,509.9975,517.175,13:27,509.837,stop,0.2724,-50.18,-1.104,512.39,break above 512.01
2025-11-05,orb,MSFT,long,19,10:24,513.8791,512.305,516.655,10:45,512.1513,stop,0.2737,-33.1,-1.202,513.755,break above 513.50
2025-11-06,orb,MSFT,short,19,09:50,501.0996,503.385,497.13,10:50,497.13,target,0.2678,75.16,1.897,501.3,break below 501.57
2025-11-07,orb,MSFT,short,20,09:51,494.8215,497.0325,490.065,14:41,497.2441,stop,0.2784,-48.73,-1.049,494.71,break below 494.82
2025-11-10,orb,MSFT,long,19,09:47,503.371,500.91,507.18,11:40,500.7597,stop,0.2677,-49.88,-1.256,503.0,break above 502.96
2025-11-11,orb,MSFT,long,19,10:13,505.5616,503.945,507.995,10:34,503.7938,stop,0.2693,-33.86,-1.32,505.295,break above 505.14
2025-11-12,orb,MSFT,short,19,09:47,506.558,508.15,504.67,10:34,504.67,target,0.2707,35.6,1.615,506.99,break below 507.10
2025-11-13,orb,MSFT,short,19,09:46,506.0931,509.115,501.495,09:54,509.2677,stop,0.2705,-60.59,-1.255,506.575,break below 506.83
2025-11-14,orb,MSFT,long,19,09:56,502.6307,499.875,507.57,11:01,507.57,target,0.2713,93.57,1.92,502.44,break above 502.26
2025-11-17,orb,MSFT,short,16,11:16,505.6083,509.1225,499.755,11:42,509.2752,stop,0.2276,-58.9,-1.179,506.0,break below 506.21
2025-11-18,orb,MSFT,short,15,09:56,494.6416,498.1,488.14,11:02,488.14,target,0.2088,97.31,1.954,494.78,break below 495.21
2025-11-19,orb,MSFT,long,20,09:46,493.7381,491.335,498.49,10:50,491.1876,stop,0.2764,-51.29,-1.075,493.72,break above 493.66
2025-11-20,orb,MSFT,long,20,10:01,493.563,491.6175,497.235,10:13,491.4375,stop,0.2766,-42.79,-1.142,493.49,break above 493.24
2025-11-21,orb,MSFT,short,21,09:46,475.3673,477.405,472.275,10:01,472.275,target,0.281,64.66,1.801,475.695,break below 475.93
2025-11-24,orb,MSFT,short,18,09:46,470.9587,474.0075,466.08,10:39,474.1497,stop,0.2387,-57.68,-1.213,471.365,break below 471.88
2025-11-26,orb,MSFT,short,20,10:22,481.5355,483.97,476.68,10:32,484.1152,stop,0.2711,-51.86,-1.067,481.54,break below 481.63
2025-11-28,orb,MSFT,long,20,09:47,489.7769,487.9725,493.095,13:39,491.5125,eod,0.2766,34.44,1.008,489.68,break above 489.23
2025-12-01,orb,MSFT,long,20,11:03,488.9766,486.65,493.07,15:54,486.504,stop,0.2738,-49.73,-1.162,488.79,break above 488.65
2025-12-02,orb,MSFT,long,20,10:01,489.4668,487.7525,492.485,12:20,492.485,target,0.2771,60.09,1.904,489.33,break above 489.04
2025-12-03,orb,MSFT,short,21,10:10,475.1074,477.635,470.66,10:18,477.7783,stop,0.2809,-56.37,-1.155,475.31,break below 475.54
2025-12-04,orb,MSFT,short,19,09:46,476.557,479.205,471.645,10:09,479.3488,stop,0.2549,-53.3,-1.113,476.685,break below 477.12
2025-12-05,orb,MSFT,long,20,10:32,483.395,481.76,486.29,10:38,481.6155,stop,0.2711,-35.86,-1.187,483.27,break above 483.17
2025-12-08,orb,MSFT,long,18,10:03,490.3171,487.145,495.35,15:55,489.5031,time,0.2479,-14.9,-0.303,489.88,break above 489.70
2025-12-09,orb,MSFT,long,20,09:51,490.6872,489.435,492.45,15:55,491.3725,time,0.2765,13.43,0.668,490.44,break above 490.29
2025-12-10,orb,MSFT,short,18,10:38,478.5564,481.4125,473.305,12:24,481.5569,stop,0.2425,-54.25,-1.115,478.71,break below 478.72
2025-12-11,orb,MSFT,long,18,10:09,481.3794,478.525,486.67,15:55,482.3552,time,0.2444,17.32,0.354,481.24,break above 481.14
2025-12-12,orb,MSFT,short,20,10:30,478.3265,480.32,474.575,10:37,480.4691,stop,0.2693,-43.12,-1.126,478.405,break below 478.48
2025-12-15,orb,MSFT,short,20,09:48,476.8269,478.605,473.7,10:18,473.7,target,0.2684,62.27,1.904,476.97,break below 477.05
2025-12-16,orb,MSFT,long,21,09:50,473.9621,472.35,476.67,10:38,472.2083,stop,0.2792,-37.11,-1.227,473.79,break above 473.78
2025-12-17,orb,MSFT,short,21,09:47,475.6223,477.34,472.63,10:05,477.4832,stop,0.2812,-39.36,-1.194,475.77,break below 476.27
2025-12-18,orb,MSFT,long,20,09:46,481.0043,479.6225,483.785,10:00,483.785,target,0.2723,55.34,1.994,481.01,break above 480.88
2025-12-24,orb,MSFT,long,20,09:52,486.786,485.7575,488.495,11:14,488.495,target,0.2749,33.91,1.858,486.67,break above 486.61
2025-12-26,orb,MSFT,short,20,09:59,486.439,487.4175,485.355,11:30,487.5637,stop,0.2738,-22.77,-1.656,486.73,break below 486.77
2025-12-29,orb,MSFT,long,20,09:47,487.9163,486.005,491.15,11:11,485.8592,stop,0.2735,-41.42,-1.207,487.72,break above 487.71
2025-12-30,orb,MSFT,long,20,09:50,488.6766,486.805,492.04,15:55,487.5237,time,0.2744,-23.33,-0.669,488.55,break above 487.99
2025-12-31,orb,MSFT,short,20,09:46,485.5043,486.875,482.87,09:52,487.0211,stop,0.2733,-30.61,-1.146,485.54,break below 485.69
2026-01-02,orb,MSFT,short,15,10:05,478.7363,482.08,472.69,11:11,472.69,target,0.2021,90.49,1.927,478.95,break below 479.54
2026-01-05,orb,MSFT,long,21,11:30,474.2922,471.9175,479.02,15:55,472.3582,time,0.2792,-40.89,-0.823,474.285,break above 474.23
2026-01-06,orb,MSFT,short,21,10:07,470.8037,472.505,467.54,10:38,472.6518,stop,0.2783,-39.09,-1.125,470.85,break below 470.89
2026-01-07,orb,MSFT,long,13,10:36,485.4856,481.5075,492.855,15:55,483.355,time,0.1768,-27.88,-0.567,485.29,break above 485.04
2026-01-09,orb,MSFT,short,21,09:49,472.6282,475.115,468.335,10:22,475.2575,stop,0.2794,-55.5,-1.169,472.855,break below 474.00
2026-01-13,orb,MSFT,short,21,09:49,472.7881,474.435,470.46,10:18,470.46,target,0.2795,48.61,1.747,473.11,break below 473.12
2026-01-14,orb,MSFT,short,18,10:01,463.221,466.0225,457.975,10:18,466.1623,stop,0.2348,-53.18,-1.101,463.34,break below 463.99
2026-01-15,orb,MSFT,short,17,09:48,458.5924,461.55,452.985,15:55,456.687,time,0.2196,32.17,0.663,458.695,break below 459.16
2026-01-20,orb,MSFT,long,19,10:44,454.6714,451.9775,459.755,15:55,453.7838,time,0.2428,-17.11,-0.347,454.57,break above 454.52
2026-01-22,orb,MSFT,long,22,09:46,449.7449,447.7525,453.61,09:48,447.6182,stop,0.2774,-47.07,-1.096,449.705,break above 449.50
2026-01-23,orb,MSFT,long,19,09:50,455.7167,452.91,460.8,10:08,460.8,target,0.2465,96.34,1.928,455.54,break above 455.17
2026-01-26,orb,MSFT,long,17,09:49,468.1304,464.8375,473.185,11:44,473.185,target,0.2264,85.7,1.812,467.62,break above 467.58
2026-01-27,orb,MSFT,long,18,10:04,478.7236,475.62,483.84,15:55,480.6458,time,0.2435,34.36,0.697,478.36,break above 477.96
2026-01-28,orb,MSFT,short,20,10:45,479.2162,481.46,475.25,14:19,481.6044,stop,0.2698,-48.03,-1.16,479.39,break below 479.48
2026-02-02,orb,MSFT,long,16,10:16,430.5391,427.4075,436.43,10:30,427.2793,stop,0.1927,-52.35,-1.088,430.415,break above 430.26
2026-02-04,orb,MSFT,short,18,09:52,409.747,412.65,404.67,10:06,412.7738,stop,0.208,-54.69,-1.142,409.99,break below 410.12
2026-02-10,orb,MSFT,long,17,09:56,420.206,417.2075,425.915,13:16,417.0823,stop,0.1999,-53.3,-1.08,420.11,break above 419.66
2026-02-12,orb,MSFT,short,21,09:47,400.7197,403.22,396.08,09:53,403.341,stop,0.2374,-55.28,-1.106,400.84,break below 401.19
2026-02-13,orb,MSFT,long,21,09:46,404.6914,402.45,409.47,09:52,402.3293,stop,0.2384,-49.84,-1.014,404.79,break above 404.55
2026-02-17,orb,MSFT,short,19,09:48,395.4813,398.14,390.415,10:19,398.2594,stop,0.212,-53.0,-1.083,395.565,break below 396.29
2026-02-18,orb,MSFT,long,25,10:02,399.5198,397.8775,402.7,15:55,400.0499,time,0.2822,12.97,0.323,399.485,break above 399.32
2026-02-19,orb,MSFT,long,24,09:49,401.2403,399.435,404.175,10:04,404.175,target,0.2736,70.16,1.85,401.015,break above 400.89
2026-02-20,orb,MSFT,long,24,10:11,399.2097,396.955,403.09,10:15,396.8359,stop,0.2688,-57.24,-1.166,399.0,break above 398.59
2026-02-25,orb,MSFT,long,24,09:47,394.1782,392.005,398.2,10:00,398.2,target,0.2697,96.25,1.942,394.07,break above 393.85
2026-02-26,orb,MSFT,long,20,09:55,405.9618,403.5425,410.84,10:16,403.4214,stop,0.2276,-51.03,-1.049,405.975,break above 405.88
2026-02-27,orb,MSFT,long,20,09:52,394.5883,392.1275,399.275,15:50,392.0099,stop,0.2213,-51.79,-1.087,394.51,break above 394.19
2026-03-04,orb,MSFT,long,17,09:57,405.9718,403.1,411.575,15:55,406.0082,time,0.1947,0.42,0.009,405.925,break above 405.57
2026-03-05,orb,MSFT,long,19,09:48,410.063,406.9425,414.795,10:30,406.8204,stop,0.218,-61.83,-1.243,409.56,break above 409.35
2026-03-09,orb,MSFT,short,19,09:46,403.5989,406.085,398.51,10:03,406.2068,stop,0.2163,-49.77,-1.037,403.56,break below 403.77
2026-03-10,orb,MSFT,short,16,10:01,404.0088,407.155,398.26,12:26,407.2771,stop,0.1824,-52.48,-1.106,404.19,break below 404.35
2026-03-11,orb,MSFT,short,24,10:16,405.7432,407.485,402.28,11:12,402.28,target,0.2747,82.84,1.99,405.75,break below 405.96
2026-03-12,orb,MSFT,short,24,09:47,403.179,404.835,400.68,10:46,404.9565,stop,0.273,-42.93,-1.292,403.45,break below 403.92
2026-03-13,orb,MSFT,long,20,09:46,404.5013,402.03,409.23,09:56,401.9094,stop,0.2268,-52.07,-1.085,404.43,break above 404.09
2026-03-16,orb,MSFT,short,25,09:53,394.9515,396.66,392.25,10:08,396.779,stop,0.2786,-45.97,-1.251,395.19,break below 395.41
2026-03-17,orb,MSFT,long,24,09:47,402.9559,400.85,406.76,10:08,400.7297,stop,0.2714,-53.7,-1.136,402.82,break above 402.51
2026-03-18,orb,MSFT,long,25,10:00,398.1094,396.53,400.7,10:13,396.411,stop,0.2797,-42.74,-1.23,397.92,break above 397.83
2026-03-20,orb,MSFT,short,26,09:51,382.7851,384.84,379.17,10:16,384.9555,stop,0.281,-56.71,-1.154,382.95,break below 383.49
2026-03-23,orb,MSFT,long,25,11:24,387.0861,385.3225,390.505,11:37,385.2069,stop,0.2719,-47.25,-1.094,387.05,break above 387.02
2026-03-25,orb,MSFT,short,26,09:57,373.328,375.2275,369.955,11:16,369.955,target,0.2742,87.42,1.913,373.47,break below 373.55
2026-03-26,orb,MSFT,long,26,09:48,372.6618,370.94,375.845,10:43,370.8287,stop,0.2724,-47.93,-1.128,372.575,break above 372.53
2026-03-27,orb,MSFT,short,20,09:51,358.2575,360.655,353.47,11:23,360.7632,stop,0.2025,-50.32,-1.05,358.26,break below 358.86
2026-03-30,orb,MSFT,long,21,10:23,362.4887,360.06,367.14,13:15,359.952,stop,0.2136,-53.48,-1.079,362.42,break above 361.70
2026-03-31,orb,MSFT,long,27,09:50,367.7453,365.8525,370.945,10:22,365.5903,stop,0.2789,-58.46,-1.276,367.55,break above 367.33
2026-04-01,orb,MSFT,short,21,09:46,368.8293,371.2,364.21,10:03,371.3114,stop,0.2188,-52.34,-1.07,368.87,break below 369.10
2026-04-02,orb,MSFT,long,23,10:34,367.9103,365.7125,372.035,15:22,372.035,target,0.2417,94.63,1.952,367.82,break above 367.20
2026-04-07,orb,MSFT,short,27,10:00,369.5391,370.6475,367.685,10:58,367.685,target,0.2819,49.78,1.867,369.66,break below 369.84
2026-04-09,orb,MSFT,short,24,09:53,368.2895,370.4475,364.365,12:00,370.5586,stop,0.2497,-54.71,-1.124,368.42,break below 368.46
2026-04-10,orb,MSFT,short,23,09:51,371.5435,373.7525,367.46,10:14,373.8646,stop,0.2414,-53.63,-1.112,371.655,break below 371.88
2026-04-13,orb,MSFT,long,26,09:58,373.8521,372.415,376.54,10:02,376.54,target,0.2765,69.61,1.947,373.79,break above 373.73
2026-04-16,orb,MSFT,short,20,09:49,415.3754,417.9225,410.535,11:22,418.0479,stop,0.2343,-53.68,-1.09,415.46,break below 415.86
2026-04-17,orb,MSFT,long,22,10:31,426.918,424.555,431.08,11:09,431.08,target,0.2673,91.3,1.908,426.73,break above 426.15
2026-04-20,orb,MSFT,short,14,11:07,416.605,420.135,409.71,13:24,420.271,stop,0.1645,-51.49,-1.058,416.66,break below 417.18
2026-04-21,orb,MSFT,long,21,09:48,422.0266,419.4425,426.56,10:35,426.56,target,0.2525,94.95,1.906,421.815,break above 421.59
2026-04-22,orb,MSFT,long,19,09:46,428.7986,426.075,433.68,15:55,433.18,time,0.232,83.01,1.724,428.61,break above 428.46
2026-04-23,orb,MSFT,short,19,09:59,417.7146,420.59,412.73,10:45,420.7162,stop,0.2238,-57.25,-1.15,417.97,break below 418.13
2026-04-24,orb,MSFT,long,21,09:48,420.6061,418.205,425.27,10:17,418.0795,stop,0.2476,-53.31,-1.078,420.56,break above 420.42
2026-04-27,orb,MSFT,long,15,10:28,423.507,420.1625,429.74,15:55,425.0624,time,0.1797,23.15,0.483,423.355,break above 423.20
2026-04-28,orb,MSFT,long,23,09:46,424.5873,423.1775,427.145,09:50,427.145,target,0.2769,58.55,1.925,424.5,break above 424.42
2026-04-29,orb,MSFT,long,21,09:51,426.0678,423.505,430.375,10:15,423.3779,stop,0.2507,-56.74,-1.18,425.795,break above 425.21
2026-04-30,orb,MSFT,short,15,09:49,408.0076,411.4525,401.74,10:08,401.74,target,0.1726,93.84,1.932,408.215,break below 408.51
2026-05-01,orb,MSFT,short,17,10:06,410.6018,413.52,405.06,10:33,413.6441,stop,0.1969,-51.92,-1.083,410.7,break below 410.78
2026-05-05,orb,MSFT,short,15,09:50,410.4968,413.69,404.27,15:55,412.1736,time,0.1737,-25.33,-0.538,410.55,break below 410.91
2026-05-06,orb,MSFT,long,19,09:53,409.3828,406.665,414.51,10:25,414.51,target,0.2221,97.2,1.956,409.28,break above 408.16
2026-05-08,orb,MSFT,long,23,09:47,418.1254,416.3625,421.155,09:54,415.9752,stop,0.2698,-49.73,-1.353,417.96,break above 417.73
2026-05-11,orb,MSFT,long,14,11:28,412.1186,408.51,418.77,15:55,411.7364,time,0.1626,-5.51,-0.115,411.93,break above 411.51
2026-05-14,orb,MSFT,long,18,10:18,405.9517,403.165,411.13,11:12,411.13,target,0.2087,93.0,1.946,405.82,break above 405.42
2026-05-15,orb,MSFT,long,16,10:22,418.8606,415.66,424.63,10:54,424.63,target,0.1915,92.12,1.926,418.65,break above 418.20
2026-05-18,orb,MSFT,long,15,09:50,421.9265,418.395,427.83,11:01,418.2695,stop,0.1769,-55.03,-1.167,421.54,break above 421.15
2026-05-20,orb,MSFT,long,18,10:56,416.4749,413.655,421.71,15:53,421.71,target,0.214,94.02,1.945,416.34,break above 416.00
2026-05-22,orb,MSFT,short,19,10:07,419.1842,421.9,414.16,15:55,418.7056,time,0.2246,8.87,0.181,419.32,break below 419.47
2026-05-26,orb,MSFT,long,21,10:00,417.8453,415.375,422.38,10:58,415.2504,stop,0.2459,-54.74,-1.116,417.71,break above 417.39
2026-05-27,orb,MSFT,long,22,09:48,413.8641,411.46,418.21,09:50,411.3366,stop,0.2552,-55.86,-1.129,413.71,break above 413.26
2026-05-28,orb,MSFT,long,15,09:46,419.3758,415.8875,425.555,10:00,425.555,target,0.1799,92.51,1.914,419.11,break above 418.88
2026-06-05,orb,MSFT,short,23,09:46,425.9522,427.5725,422.09,10:24,422.09,target,0.2762,88.55,2.107,425.745,break below 425.76
2026-06-08,orb,MSFT,short,15,11:31,410.8567,414.12,404.25,15:55,411.6835,time,0.1738,-12.58,-0.255,410.83,break below 411.35
2026-06-09,orb,MSFT,long,24,09:49,410.9733,408.95,414.635,10:18,408.8273,stop,0.2768,-51.78,-1.139,410.845,break above 410.56
2026-06-10,orb,MSFT,long,18,09:48,403.1409,400.28,408.38,14:38,400.1549,stop,0.2032,-53.95,-1.11,402.98,break above 402.81
2026-06-15,orb,MSFT,long,20,09:57,397.5492,395.28,402.705,15:55,399.2102,time,0.2253,32.99,0.667,397.755,break above 397.63
2026-06-17,orb,MSFT,short,23,10:36,386.3241,388.55,382.16,14:58,382.16,target,0.2508,95.52,1.95,386.42,break below 386.85
2026-06-22,orb,MSFT,long,14,09:46,380.5991,376.9325,387.635,10:16,376.8194,stop,0.149,-53.07,-1.062,380.5,break above 379.50
2026-06-23,orb,MSFT,long,17,10:29,376.3129,373.335,381.84,11:21,373.223,stop,0.1792,-52.71,-1.094,376.17,break above 375.85
2026-06-29,orb,MSFT,long,17,09:54,380.3241,377.155,385.87,10:07,376.667,stop,0.1808,-62.35,-1.263,380.06,break above 379.71
2026-06-30,orb,MSFT,long,19,09:52,372.2516,369.71,377.33,10:55,369.5991,stop,0.1984,-50.6,-1.048,372.25,break above 371.88
2026-07-01,orb,MSFT,short,16,09:49,375.6673,378.76,369.895,10:05,378.8736,stop,0.1698,-51.47,-1.089,375.805,break below 376.57
2026-07-02,orb,MSFT,long,25,10:07,387.1261,385.4975,390.905,12:30,390.95,target,0.2759,95.32,2.115,387.3,break above 387.20
2026-07-08,orb,MSFT,short,22,10:17,381.2256,383.5375,376.975,10:52,383.6526,stop,0.2368,-53.63,-1.114,381.35,break below 381.87
2026-07-09,orb,MSFT,long,16,09:46,378.8936,375.9875,384.905,10:15,375.8747,stop,0.1698,-48.47,-1.019,378.96,break above 378.50
2026-07-10,orb,MSFT,short,18,09:48,386.3641,389.15,381.005,15:55,385.3256,time,0.1963,18.5,0.378,386.435,break below 386.50
2026-07-13,orb,MSFT,short,20,09:52,386.1091,388.67,381.23,10:51,388.7866,stop,0.218,-53.77,-1.084,386.19,break below 386.30
2026-07-14,orb,MSFT,long,20,09:54,383.6601,381.055,388.495,15:55,384.9945,time,0.2174,26.47,0.534,383.535,break above 383.40
2026-07-15,orb,MSFT,long,22,10:02,391.5374,389.19,395.865,10:19,395.965,target,0.2458,97.16,1.985,391.415,break above 391.33
2026-07-17,orb,MSFT,short,17,09:49,393.182,395.955,387.57,14:14,396.0738,stop,0.1886,-49.35,-1.039,393.16,break below 393.52
2026-07-20,orb,MSFT,long,21,10:16,393.6481,391.315,398.32,11:43,398.32,target,0.236,97.87,1.996,393.65,break above 392.89
2026-07-23,orb,MSFT,short,22,10:06,387.1438,389.4775,382.75,10:34,382.75,target,0.2404,96.42,1.954,387.235,break below 387.25
2026-07-27,orb,MSFT,long,23,10:04,392.4277,390.235,396.73,10:30,390.1179,stop,0.2533,-53.38,-1.072,392.4,break above 392.37
2026-07-29,orb,MSFT,short,19,09:48,389.0732,391.6425,383.805,09:57,391.76,stop,0.2087,-51.26,-1.033,389.03,break below 389.15
2026-08-05,orb,MSFT,short,12,09:46,490.6128,494.965,482.5,15:55,490.3971,time,0.1657,2.42,0.049,490.81,break below 491.79
2026-08-06,orb,MSFT,long,12,09:52,496.0288,491.8,503.68,15:55,499.85,time,0.1687,45.69,0.961,495.76,break above 494.97
2026-08-10,orb,MSFT,long,15,10:07,509.2177,505.79,515.3,13:53,505.6383,stop,0.2133,-53.91,-1.134,508.96,break above 508.80
2026-08-11,orb,MSFT,short,19,09:46,501.0296,503.14,497.305,10:46,503.2909,stop,0.2678,-43.23,-1.17,501.195,break below 501.20
2026-08-12,orb,MSFT,short,20,09:47,496.7709,499.22,491.78,13:48,491.78,target,0.2795,99.54,2.007,496.74,break below 497.10
2026-08-13,orb,MSFT,long,14,09:50,499.6098,496.265,506.27,11:10,496.1161,stop,0.1954,-49.11,-1.052,499.6,break above 498.94
2026-08-14,orb,MSFT,long,20,09:54,498.0594,495.6875,501.455,13:37,495.5313,stop,0.2788,-50.84,-1.322,497.61,break above 497.45
2026-08-17,orb,MSFT,short,12,09:51,484.9145,489.1325,476.945,15:55,480.5741,time,0.1638,51.92,1.065,485.07,break below 485.68
2026-08-19,orb,MSFT,long,20,10:14,484.4003,481.94,488.75,10:25,481.7954,stop,0.2712,-52.37,-1.153,484.21,break above 484.16
2026-08-20,orb,MSFT,short,20,11:29,479.5011,481.775,475.475,12:34,481.9195,stop,0.2699,-48.64,-1.158,479.675,break below 479.79
2026-08-21,orb,MSFT,long,16,10:15,485.0455,481.7275,490.96,10:37,481.583,stop,0.2169,-55.62,-1.13,484.805,break above 484.55
2026-08-24,orb,MSFT,long,18,10:01,487.4862,484.415,492.68,15:55,488.2335,time,0.2473,13.2,0.266,487.17,break above 486.93
2026-08-25,orb,MSFT,long,16,09:46,489.5068,486.5925,495.93,10:06,486.354,stop,0.219,-50.66,-1.017,489.705,break above 488.76
2026-08-27,orb,MSFT,long,13,09:49,497.4492,493.565,504.77,10:15,504.77,target,0.1846,94.99,1.956,497.3,break above 497.00
2026-08-28,orb,MSFT,long,12,09:47,512.6537,508.44,520.62,10:11,508.2875,stop,0.1716,-52.57,-1.079,512.5,break above 511.90
2026-08-31,orb,MSFT,long,19,11:01,511.5934,509.4175,515.59,12:05,509.1972,stop,0.2721,-45.8,-1.172,511.475,break above 511.37
2026-09-01,orb,MSFT,long,10,09:46,505.7917,500.815,515.14,11:04,500.6648,stop,0.1408,-51.41,-1.077,505.59,break above 504.52
2026-09-04,orb,MSFT,short,14,09:47,503.8288,507.51,496.92,15:55,500.7402,time,0.1984,43.04,0.871,503.98,break below 504.20
2026-09-08,orb,MSFT,short,20,09:53,491.2026,493.3975,488.155,09:55,493.5455,stop,0.2764,-47.13,-1.349,491.65,break below 491.75
2026-09-09,orb,MSFT,short,20,10:02,491.1676,492.8325,487.605,10:36,492.9803,stop,0.2764,-36.53,-1.048,491.09,break below 491.46
2026-09-10,orb,MSFT,long,20,09:46,489.8669,487.86,493.5,12:53,493.5,target,0.2777,72.38,1.925,489.74,break above 489.47
2026-09-11,orb,MSFT,short,17,10:50,493.282,496.15,487.78,11:26,496.2988,stop,0.2359,-51.52,-1.086,493.36,break below 493.48
2026-09-14,orb,MSFT,long,20,09:49,500.08,497.485,504.565,11:34,504.565,target,0.2839,89.42,1.894,499.845,break above 499.52
2026-09-15,orb,MSFT,short,14,10:09,498.9803,502.49,492.32,15:55,497.2291,time,0.1965,24.32,0.512,499.1,break below 499.20
2026-09-18,orb,MSFT,short,18,10:07,492.5672,495.5,487.52,14:21,495.6486,stop,0.2495,-55.72,-1.164,492.84,break below 492.86
2026-09-21,orb,MSFT,long,18,10:05,496.6439,493.795,501.88,10:28,493.6469,stop,0.25,-54.2,-1.117,496.49,break above 496.00
2026-09-24,orb,MSFT,short,20,09:47,491.6675,493.745,487.64,10:19,493.9081,stop,0.2767,-45.09,-1.108,491.71,break below 491.86
2026-09-28,orb,MSFT,long,16,09:54,507.3922,504.33,513.255,13:13,513.255,target,0.231,93.57,1.966,507.305,break above 506.28
2026-09-29,orb,MSFT,long,14,10:26,509.2627,505.84,515.86,13:10,505.6882,stop,0.1991,-50.24,-1.074,509.18,break above 509.12
2026-09-30,orb,MSFT,long,16,09:55,516.705,513.3775,522.535,15:50,513.2235,stop,0.2309,-55.93,-1.145,516.43,break above 516.34
2026-10-01,orb,MSFT,short,15,09:52,516.8249,519.965,510.38,15:55,514.3943,time,0.218,36.24,0.756,516.77,break below 517.12
2026-10-02,orb,MSFT,short,14,09:53,515.6753,519.21,509.19,15:55,516.88,time,0.203,-17.07,-0.365,515.87,break below 515.96
2026-10-06,orb,MSFT,long,18,09:49,532.4097,530.35,535.93,14:36,530.1909,stop,0.2683,-40.21,-1.201,532.21,break above 531.87
2026-10-07,orb,MSFT,short,18,09:47,525.9222,528.995,521.105,13:20,529.1537,stop,0.2662,-58.43,-1.234,526.365,break below 526.38
2026-10-09,orb,MSFT,long,17,10:19,531.9495,528.93,537.57,15:55,534.6895,time,0.2555,46.32,0.946,531.81,break above 531.50
2023-10-12,orb,NVDA,long,185,10:00,47.1942,46.9,47.71,13:25,46.8859,stop,0.2718,-57.29,-1.147,47.17,break above 47.13
2023-10-13,orb,NVDA,short,181,10:53,46.506,46.805,45.98,12:13,45.98,target,0.2641,94.95,1.908,46.53,break below 46.55
2023-10-19,orb,NVDA,long,161,09:53,42.9229,42.56,43.49,11:18,42.5472,stop,0.2172,-60.7,-1.216,42.87,break above 42.86
2023-10-23,orb,NVDA,long,161,09:49,41.5225,41.19,42.12,10:18,42.12,target,0.2152,95.99,1.923,41.5,break above 41.42
2023-10-25,orb,NVDA,short,142,09:46,43.0171,43.37,42.32,10:16,43.383,stop,0.1934,-52.15,-1.049,43.02,break below 43.10
2023-10-30,orb,NVDA,long,217,09:46,41.3724,41.12,41.81,10:20,41.1077,stop,0.284,-57.73,-1.157,41.35,break above 41.33
2023-11-01,orb,NVDA,long,149,10:30,41.6425,41.275,42.28,15:37,42.28,target,0.1999,94.79,1.899,41.61,break above 41.58
2023-11-02,orb,NVDA,short,129,10:11,42.9471,43.285,42.13,10:27,43.298,stop,0.1754,-45.44,-0.915,42.9,break below 43.01
2023-11-03,orb,NVDA,long,166,09:57,44.3233,44.01,44.91,10:12,43.9968,stop,0.2306,-54.43,-1.093,44.31,break above 44.29
2023-11-07,orb,NVDA,short,111,09:46,45.2164,45.72,44.37,10:22,45.7337,stop,0.158,-57.58,-1.153,45.27,break below 45.48
2023-11-08,orb,NVDA,long,204,09:52,46.4739,46.185,46.92,10:21,46.1661,stop,0.2957,-63.09,-1.262,46.43,break above 46.37
2023-11-09,orb,NVDA,long,144,10:00,47.8544,47.495,48.53,10:07,47.4808,stop,0.214,-54.01,-1.087,47.84,break above 47.80
2023-11-10,orb,NVDA,long,153,11:06,47.9644,47.625,48.6,15:55,48.2555,time,0.2306,44.31,0.891,47.95,break above 47.93
2023-11-13,orb,NVDA,long,147,10:02,48.7846,48.38,49.4,15:55,48.6954,time,0.2234,-13.34,-0.267,48.72,break above 48.65
2023-11-14,orb,NVDA,short,175,10:07,49.2352,49.525,48.67,10:32,49.5399,stop,0.2686,-53.58,-1.074,49.24,break below 49.29
2023-11-15,orb,NVDA,short,120,09:47,49.2652,49.635,48.39,13:13,48.39,target,0.1843,104.84,2.105,49.22,break below 49.33
2023-11-16,orb,NVDA,long,156,10:07,48.9747,48.6,49.56,15:55,49.4352,time,0.2403,71.59,1.434,48.92,break above 48.86
2023-11-17,orb,NVDA,long,181,09:53,49.6449,49.405,50.23,09:57,49.3902,stop,0.2786,-46.38,-0.932,49.68,break above 49.65
2023-11-20,orb,NVDA,long,201,09:48,49.5349,49.33,49.93,10:13,49.93,target,0.3124,79.11,1.968,49.53,break above 49.48
2023-11-21,orb,NVDA,short,135,10:02,49.835,50.19,49.08,15:55,49.925,time,0.2094,-12.35,-0.247,49.82,break below 49.88
2023-11-24,orb,NVDA,short,116,09:50,48.0956,48.56,47.27,12:59,47.7743,eod,0.1744,37.09,0.744,48.13,break below 48.20
2023-11-28,orb,NVDA,short,208,09:49,47.9656,48.15,47.64,10:11,47.57,target,0.3119,81.97,2.318,47.98,break below 47.99
2023-11-29,orb,NVDA,long,181,09:52,48.7146,48.395,49.22,10:05,48.3805,stop,0.2735,-60.75,-1.221,48.67,break above 48.66
2023-11-30,orb,NVDA,short,208,09:47,47.6257,47.87,47.15,10:40,47.15,target,0.3099,98.64,1.976,47.63,break below 47.64
2023-12-01,orb,NVDA,long,114,09:46,46.9741,46.535,47.84,10:05,46.521,stop,0.1664,-51.81,-1.045,46.97,break above 46.87
2023-12-04,orb,NVDA,short,144,09:46,45.3664,45.755,44.72,10:01,45.7687,stop,0.2055,-58.14,-1.17,45.41,break below 45.47
2023-12-06,orb,NVDA,short,135,09:49,46.656,47.04,45.93,13:24,45.93,target,0.1975,97.81,1.958,46.67,break below 46.70
2023-12-07,orb,NVDA,long,144,10:36,46.2839,45.925,46.96,15:55,46.576,time,0.2104,41.86,0.843,46.27,break above 46.24
2023-12-08,orb,NVDA,long,151,10:04,47.2342,46.92,47.91,15:55,47.5057,time,0.2245,40.78,0.818,47.25,break above 47.24
2023-12-13,orb,NVDA,long,161,09:58,48.2845,47.96,48.89,12:38,47.9356,stop,0.2413,-56.41,-1.13,48.27,break above 48.26
2023-12-14,orb,NVDA,short,151,10:38,48.0256,48.38,47.39,11:00,48.3945,stop,0.2267,-55.93,-1.123,48.05,break below 48.09
2023-12-18,orb,NVDA,long,185,10:01,49.6449,49.38,50.19,14:03,50.19,target,0.2888,100.56,2.013,49.65,break above 49.59
2023-12-19,orb,NVDA,short,149,09:49,49.0353,49.375,48.37,10:06,49.3898,stop,0.2278,-53.05,-1.063,49.04,break below 49.05
2023-12-21,orb,NVDA,short,200,09:48,48.6754,48.89,48.14,09:52,48.9047,stop,0.3038,-46.16,-0.923,48.64,break below 48.70
2023-12-22,orb,NVDA,short,203,09:57,49.0153,49.23,48.6,10:33,49.2648,stop,0.3103,-50.96,-1.195,49.02,break below 49.10
2023-12-27,orb,NVDA,short,202,09:57,49.3152,49.515,48.99,15:55,49.3948,time,0.3105,-16.39,-0.464,49.34,break below 49.35
2023-12-28,orb,NVDA,long,200,10:49,49.8249,49.595,50.15,11:50,49.5751,stop,0.3088,-50.27,-1.359,49.78,break above 49.76
2023-12-29,orb,NVDA,short,200,10:04,49.7551,49.885,49.51,10:09,49.915,stop,0.3098,-32.29,-1.292,49.76,break below 49.78
2024-01-04,orb,NVDA,long,196,10:37,48.0744,47.825,48.59,15:55,48.0056,time,0.2941,-13.78,-0.276,48.08,break above 48.06
2024-01-05,orb,NVDA,long,204,10:04,48.7646,48.565,49.27,10:58,49.27,target,0.3133,102.78,2.144,48.8,break above 48.74
2024-01-10,orb,NVDA,long,121,10:14,54.2563,53.84,55.07,15:55,54.1837,time,0.2023,-8.98,-0.181,54.25,break above 54.18
2024-01-11,orb,NVDA,short,116,09:46,54.6336,55.05,53.76,11:14,53.76,target,0.1954,101.14,2.028,54.62,break below 54.76
2024-01-12,orb,NVDA,long,169,09:50,54.8865,54.615,55.5,10:00,54.5986,stop,0.2846,-48.93,-0.981,54.91,break above 54.87
2024-01-18,orb,NVDA,long,147,10:51,57.5573,57.2,58.22,12:05,57.1828,stop,0.2581,-55.3,-1.106,57.54,break above 57.51
2024-01-19,orb,NVDA,long,119,10:38,58.0474,57.61,58.87,12:27,58.87,target,0.2145,97.67,1.954,58.03,break above 57.99
2024-01-22,orb,NVDA,short,116,10:05,59.5221,59.96,58.67,11:23,59.978,stop,0.2112,-53.09,-1.064,59.53,break below 59.59
2024-01-24,orb,NVDA,long,136,09:49,60.5382,60.185,61.28,10:00,61.28,target,0.2543,100.64,2.027,60.55,break above 60.42
2024-01-25,orb,NVDA,short,128,09:59,61.9014,62.29,61.12,10:14,62.3387,stop,0.2415,-56.21,-1.126,61.9,break below 61.95
2024-01-26,orb,NVDA,short,144,09:52,60.6618,61.035,60.0,09:59,61.0533,stop,0.2667,-56.64,-1.14,60.69,break below 60.74
2024-01-29,orb,NVDA,long,133,09:47,61.6785,61.285,62.41,15:25,62.41,target,0.2528,97.04,1.946,61.66,break above 61.64
2024-01-30,orb,NVDA,short,140,09:47,62.5712,62.955,61.89,10:07,62.9739,stop,0.2668,-56.64,-1.14,62.6,break below 62.64
2024-01-31,orb,NVDA,long,147,09:50,62.0086,61.66,62.68,09:56,61.6415,stop,0.2763,-54.24,-1.085,62.0,break above 61.98
2024-02-01,orb,NVDA,short,162,10:01,61.7015,61.95,61.26,10:06,61.9686,stop,0.3048,-43.58,-1.169,61.72,break below 61.75
2024-02-07,orb,NVDA,long,83,09:49,68.6806,68.08,69.88,15:13,69.89,target,0.175,100.21,2.012,68.68,break above 68.55
2024-02-09,orb,NVDA,long,141,09:48,70.7212,70.44,71.19,10:17,71.19,target,0.3025,65.8,1.867,70.69,break above 70.64
2024-02-14,orb,NVDA,long,131,09:47,73.7421,73.34,74.48,10:57,73.268,stop,0.2886,-62.4,-1.253,73.72,break above 73.66
2024-02-28,orb,NVDA,short,107,10:31,77.1369,77.685,76.29,11:00,77.7083,stop,0.2472,-61.39,-1.234,77.22,break below 77.27
2024-02-29,orb,NVDA,short,95,11:03,78.9263,79.475,77.9,14:16,79.4988,stop,0.2242,-54.61,-1.095,78.95,break below 79.05
2024-03-01,orb,NVDA,long,89,10:09,80.6842,79.99,81.67,11:16,81.67,target,0.2168,87.52,1.756,80.55,break above 80.52
2024-03-06,orb,NVDA,long,60,09:46,88.9567,88.075,90.55,09:51,88.0486,stop,0.1568,-54.64,-1.104,88.9,break above 88.72
2024-03-07,orb,NVDA,long,72,10:13,90.9673,90.28,92.35,14:12,92.35,target,0.1968,99.36,2.0,90.97,break above 90.91
2024-03-08,orb,NVDA,long,63,10:05,96.1188,95.265,97.62,10:50,95.2364,stop,0.1773,-55.77,-1.128,96.05,break above 95.89
2024-03-14,orb,NVDA,short,72,09:46,89.1333,89.975,87.92,09:50,87.92,target,0.1904,87.16,1.767,89.29,break below 89.32
2024-03-22,orb,NVDA,long,65,10:02,92.4177,91.535,93.83,11:33,93.86,target,0.1804,93.57,1.882,92.3,break above 92.19
2024-03-25,orb,NVDA,long,65,09:50,94.9285,94.145,96.44,10:11,96.44,target,0.1851,98.06,1.972,94.91,break above 94.74
2024-03-26,orb,NVDA,short,76,09:54,95.0315,95.7,93.75,10:00,95.7287,stop,0.2134,-53.2,-1.077,95.05,break below 95.06
2024-04-02,orb,NVDA,short,87,10:17,87.7437,88.38,86.67,11:06,88.4065,stop,0.2267,-57.89,-1.167,87.81,break below 87.84
2024-04-03,orb,NVDA,long,103,10:01,89.4968,88.875,90.33,10:26,90.33,target,0.2757,85.54,1.712,89.36,break above 89.32
2024-04-04,orb,NVDA,short,87,09:47,89.5231,90.11,88.4,14:18,88.4,target,0.231,97.48,1.966,89.54,break below 89.61
2024-04-12,orb,NVDA,short,74,10:39,88.7034,89.485,87.46,11:35,89.5268,stop,0.1948,-61.13,-1.224,88.81,break below 88.84
2024-04-16,orb,NVDA,long,76,09:58,87.2862,86.61,88.56,15:55,87.6837,time,0.1979,30.01,0.608,87.26,break above 87.03
2024-04-17,orb,NVDA,short,84,09:47,87.8736,88.33,86.56,10:09,86.56,target,0.2191,110.13,2.222,87.74,break below 87.89
2024-04-19,orb,NVDA,short,73,10:12,83.0051,83.66,81.62,10:28,81.62,target,0.1806,100.93,2.033,82.98,break below 83.06
2024-04-23,orb,NVDA,long,92,09:46,81.3344,80.77,82.39,09:50,80.7458,stop,0.2218,-54.38,-1.095,81.31,break above 81.22
2024-04-24,orb,NVDA,short,96,09:53,83.0151,83.56,82.0,11:08,81.96,target,0.2375,101.05,2.024,83.04,break below 83.05
2024-04-26,orb,NVDA,long,78,09:50,84.6054,83.925,85.83,10:08,85.83,target,0.1991,95.32,1.925,84.56,break above 84.40
2024-04-30,orb,NVDA,long,68,09:58,88.4965,87.665,89.87,10:29,87.6387,stop,0.177,-58.51,-1.171,88.4,break above 88.13
2024-05-03,orb,NVDA,long,99,09:48,88.1965,87.545,89.06,10:20,87.5187,stop,0.2573,-67.35,-1.347,88.05,break above 87.98
2024-05-07,orb,NVDA,short,60,09:50,90.3929,91.22,88.76,12:04,91.2474,stop,0.1607,-51.43,-1.045,90.4,break below 90.68
2024-05-08,orb,NVDA,long,93,09:47,90.6272,89.925,91.53,11:18,89.883,stop,0.2478,-69.45,-1.396,90.46,break above 90.40
2024-05-10,orb,NVDA,long,80,09:46,91.1473,90.43,92.29,10:07,90.4029,stop,0.2143,-59.77,-1.205,91.05,break above 90.91
2024-05-14,orb,NVDA,long,69,10:23,90.3271,89.585,91.73,15:55,91.5625,time,0.1871,85.06,1.724,90.3,break above 90.18
2024-05-16,orb,NVDA,long,81,09:47,95.6187,94.98,96.81,10:05,94.9515,stop,0.2273,-54.27,-1.098,95.59,break above 95.55
2024-05-17,orb,NVDA,short,89,09:55,93.6019,94.22,92.54,14:11,92.48,target,0.2464,99.6,1.998,93.66,break below 93.74
2024-05-21,orb,NVDA,long,78,10:34,94.4683,93.805,95.71,15:55,95.2314,time,0.2194,59.3,1.197,94.44,break above 94.31
2024-05-24,orb,NVDA,long,55,09:47,104.5614,103.79,106.49,10:04,103.7589,stop,0.1678,-44.31,-0.895,104.69,break above 104.56
2024-06-03,orb,NVDA,short,74,09:53,113.196,113.76,111.75,09:54,113.8541,stop,0.2452,-48.95,-0.987,113.09,break below 113.18
2024-06-04,orb,NVDA,short,59,09:57,114.4357,115.335,112.83,12:48,115.3696,stop,0.1975,-55.3,-1.123,114.5,break below 114.56
2024-06-05,orb,NVDA,long,81,09:48,118.7656,118.075,119.92,10:36,119.92,target,0.2835,93.22,1.871,118.69,break above 118.60
2024-06-11,orb,NVDA,short,43,09:55,120.7938,121.9375,118.525,09:58,121.9741,stop,0.1515,-50.91,-1.041,120.8,break below 121.10
2024-06-13,orb,NVDA,short,54,10:21,128.0016,128.955,126.18,10:40,128.9937,stop,0.2011,-53.77,-1.077,128.03,break below 128.18
2024-06-14,orb,NVDA,long,34,09:53,130.7042,129.25,133.6,11:51,129.2112,stop,0.1278,-50.89,-1.032,130.7,break above 130.18
2024-06-17,orb,NVDA,short,31,09:48,131.4206,133.005,128.25,15:55,131.5745,time,0.1184,-4.89,-0.1,131.42,break below 132.30
2024-06-18,orb,NVDA,long,62,09:51,132.3547,131.495,133.88,11:37,133.88,target,0.241,94.33,1.914,132.29,break above 132.22
2024-06-26,orb,NVDA,long,44,09:53,127.4082,126.26,129.62,10:25,126.2221,stop,0.1617,-52.35,-1.062,127.38,break above 127.18
2024-06-28,orb,NVDA,long,44,09:47,125.4876,124.235,127.64,10:15,127.64,target,0.1634,94.54,1.893,125.37,break above 125.03
2024-07-02,orb,NVDA,long,45,09:46,123.1469,121.965,125.25,10:03,121.9284,stop,0.16,-54.99,-1.116,123.06,break above 122.87
2024-07-03,orb,NVDA,long,47,10:44,123.1769,122.1275,125.255,10:58,125.305,target,0.1715,99.85,2.038,123.17,break above 122.73
2024-07-09,orb,NVDA,long,46,09:46,132.1196,131.135,134.33,11:31,131.0957,stop,0.1753,-47.28,-0.965,132.2,break above 131.99
2024-07-10,orb,NVDA,long,57,10:16,134.2052,133.35,135.945,10:36,133.31,stop,0.2207,-51.25,-1.039,134.215,break above 134.21
2024-07-12,orb,NVDA,long,51,09:50,129.2388,128.22,131.145,13:35,131.145,target,0.1944,97.02,1.951,129.195,break above 129.05
2024-07-16,orb,NVDA,short,53,09:57,127.2018,128.2,125.41,10:03,125.35,target,0.1962,97.95,1.987,127.27,break below 127.39
2024-07-17,orb,NVDA,short,69,09:46,120.4838,121.225,119.08,09:48,121.2614,stop,0.2426,-53.89,-1.092,120.51,break below 120.60
2024-08-13,orb,NVDA,long,62,09:47,113.1389,112.31,114.71,10:57,114.71,target,0.208,97.2,1.96,113.11,break above 113.04
2024-08-20,orb,NVDA,long,56,09:59,129.8589,128.9725,131.635,10:01,128.9338,stop,0.21,-52.02,-1.047,129.86,break above 129.75
2024-08-21,orb,NVDA,long,55,09:47,128.6086,127.6625,130.385,09:53,127.6242,stop,0.2043,-54.34,-1.089,128.57,break above 128.44
2024-08-22,orb,NVDA,short,57,10:06,129.0813,129.995,127.37,11:33,127.37,target,0.214,97.33,1.951,129.12,break below 129.25
2024-08-26,orb,NVDA,short,38,09:55,128.9313,130.285,126.355,10:31,126.355,target,0.1425,97.76,1.964,128.975,break below 129.32
2024-08-28,orb,NVDA,short,67,09:46,127.0019,127.755,125.52,10:49,125.52,target,0.2477,99.04,1.984,127.01,break below 127.21
2024-09-13,orb,NVDA,short,38,10:31,117.7547,119.145,115.26,10:44,119.1807,stop,0.1307,-54.32,-1.104,117.85,break below 118.36
2024-09-17,orb,NVDA,short,55,09:49,116.9949,117.9825,115.275,10:45,118.0179,stop,0.188,-56.45,-1.137,117.08,break below 117.17
2024-09-18,orb,NVDA,short,53,11:24,114.5056,115.4625,112.665,14:00,115.4971,stop,0.1775,-52.73,-1.067,114.53,break below 114.62
2024-09-20,orb,NVDA,short,49,10:23,116.715,117.775,114.73,15:55,116.0148,time,0.1671,34.14,0.686,116.76,break below 116.95
2024-09-23,orb,NVDA,short,54,10:40,115.2554,116.215,113.44,11:52,116.2499,stop,0.182,-53.88,-1.079,115.29,break below 115.45
2024-09-24,orb,NVDA,short,70,10:04,116.2451,117.005,114.89,11:22,117.0401,stop,0.2378,-55.89,-1.132,116.3,break below 116.42
2024-09-25,orb,NVDA,long,56,09:47,123.357,122.405,125.075,15:55,123.4729,time,0.2015,6.29,0.126,123.295,break above 123.20
2024-09-26,orb,NVDA,short,56,09:49,125.9172,126.85,124.21,09:55,126.8881,stop,0.2053,-54.57,-1.107,125.97,break below 126.04
2024-09-27,orb,NVDA,short,47,10:07,122.0534,123.1375,119.995,11:24,119.995,target,0.1673,96.58,1.962,122.09,break below 122.29
2024-10-04,orb,NVDA,short,60,09:51,123.5029,124.3575,121.875,12:43,124.3948,stop,0.216,-53.73,-1.082,123.53,break below 123.72
2024-10-08,orb,NVDA,long,53,10:01,131.2294,130.21,133.03,15:24,133.03,target,0.2048,95.23,1.911,131.15,break above 130.99
2024-10-11,orb,NVDA,long,74,09:52,134.9705,134.265,136.275,10:52,134.2247,stop,0.2884,-55.47,-1.119,134.935,break above 134.86
2024-10-14,orb,NVDA,long,44,09:53,138.4665,137.31,140.67,15:55,138.4185,time,0.1766,-2.29,-0.046,138.43,break above 138.30
2024-10-15,orb,NVDA,short,62,09:46,136.9789,137.8475,135.455,09:59,135.455,target,0.2464,94.24,1.906,137.05,break below 137.13
2024-10-23,orb,NVDA,short,43,10:02,140.2179,141.41,137.99,13:14,137.99,target,0.1748,95.63,1.951,140.27,break below 140.41
2024-10-24,orb,NVDA,short,52,09:49,139.6981,140.68,137.8,09:52,140.7222,stop,0.2106,-53.47,-1.071,139.72,break below 140.01
2024-10-25,orb,NVDA,long,48,09:56,142.8829,141.78,144.87,13:44,141.7125,stop,0.1971,-56.38,-1.14,142.81,break above 142.71
2024-10-28,orb,NVDA,short,47,10:35,141.0677,142.095,138.96,15:55,140.7022,time,0.1921,16.98,0.346,141.05,break below 141.06
2024-10-29,orb,NVDA,long,59,09:58,140.6222,139.6975,142.225,15:24,142.225,target,0.2431,94.32,1.898,140.54,break above 140.48
2024-11-01,orb,NVDA,long,63,09:52,136.0658,135.2325,137.61,14:07,135.1919,stop,0.2472,-55.3,-1.108,136.025,break above 135.87
2024-11-05,orb,NVDA,long,47,10:01,139.2418,138.1525,141.325,15:55,139.5881,time,0.1902,16.09,0.324,139.21,break above 138.93
2024-11-06,orb,NVDA,short,45,09:47,142.5272,143.655,140.34,10:01,143.6981,stop,0.1858,-52.87,-1.063,142.55,break below 142.69
2024-11-07,orb,NVDA,long,55,09:58,147.9744,146.985,149.67,15:55,148.5754,time,0.2363,32.82,0.667,147.88,break above 147.80
2024-11-08,orb,NVDA,short,35,10:05,147.4208,148.86,144.6,15:55,147.7843,time,0.1493,-12.87,-0.259,147.44,break below 147.97
2024-11-13,orb,NVDA,short,45,10:04,147.2958,148.445,145.13,15:55,146.1138,time,0.1917,53.0,1.066,147.34,break below 147.56
2024-11-14,orb,NVDA,short,51,09:47,145.8562,146.88,143.94,09:56,146.9241,stop,0.2153,-54.67,-1.094,145.9,break below 146.02
2024-11-15,orb,NVDA,short,43,10:15,143.0571,144.2325,140.775,13:24,140.775,target,0.1781,97.95,1.977,143.08,break below 143.28
2024-11-27,orb,NVDA,short,57,10:07,133.38,134.24,131.645,13:45,134.2803,stop,0.2208,-51.54,-1.045,133.375,break below 133.40
2024-11-29,orb,NVDA,long,72,09:51,137.2412,136.545,138.465,09:59,138.465,target,0.2891,87.83,1.906,137.185,break above 137.04
2024-12-04,orb,NVDA,short,52,09:54,140.8077,141.72,138.87,10:13,141.7625,stop,0.2122,-49.86,-1.009,140.77,break below 140.81
2024-12-05,orb,NVDA,short,55,10:23,144.1068,145.065,142.35,10:54,145.1085,stop,0.2295,-55.33,-1.112,144.16,break below 144.19
2024-12-06,orb,NVDA,short,64,10:46,144.0868,144.92,142.58,11:11,142.58,target,0.267,96.17,1.926,144.14,break below 144.19
2024-12-09,orb,NVDA,long,50,09:46,139.4318,138.3975,141.375,10:34,138.356,stop,0.2006,-53.99,-1.088,139.39,break above 139.35
2024-12-12,orb,NVDA,long,58,09:52,137.4812,136.61,139.19,10:02,136.569,stop,0.2298,-53.14,-1.065,137.47,break above 137.33
2024-12-13,orb,NVDA,short,41,10:25,137.2638,138.52,134.89,10:57,134.89,target,0.1633,97.16,1.959,137.31,break below 137.49
2024-12-20,orb,NVDA,short,59,09:49,128.4315,129.28,126.76,09:54,129.3188,stop,0.2204,-52.57,-1.061,128.44,break below 128.56
2024-12-23,orb,NVDA,short,47,10:10,136.3691,136.925,133.76,10:22,136.4609,eod,0.186,-4.5,-0.091,135.87,break below 136.04
2024-12-26,orb,NVDA,short,62,09:50,139.3082,140.14,137.74,10:16,137.74,target,0.2504,96.98,1.955,139.34,break below 139.45
2024-12-31,orb,NVDA,short,45,10:08,135.9792,137.13,133.83,10:24,137.1711,stop,0.1776,-53.82,-1.087,136.03,break below 136.20
2025-01-06,orb,NVDA,long,44,09:49,149.965,148.8,152.16,15:47,148.7554,stop,0.1893,-53.41,-1.084,149.92,break above 149.74
2025-01-14,orb,NVDA,short,68,09:47,134.7596,135.61,133.42,09:59,133.42,target,0.266,90.82,1.83,134.88,break below 134.90
2025-01-16,orb,NVDA,short,56,09:46,137.0189,138.06,135.39,11:25,135.39,target,0.2226,90.99,1.826,137.17,break below 137.40
2025-01-17,orb,NVDA,long,70,09:46,136.711,136.06,138.19,11:28,138.19,target,0.2805,103.25,2.077,136.77,break above 136.62
2025-01-21,orb,NVDA,long,42,09:48,139.947,138.75,142.32,09:54,138.7084,stop,0.1689,-52.19,-1.044,139.94,break above 139.74
2025-01-23,orb,NVDA,long,48,09:52,145.7237,144.63,147.75,15:55,146.8009,time,0.2039,51.5,1.032,145.67,break above 145.52
2025-01-31,orb,NVDA,long,55,10:00,125.1275,124.075,126.79,10:33,126.79,target,0.203,91.23,1.833,124.98,break above 124.93
2025-02-07,orb,NVDA,short,46,10:12,128.4615,129.56,126.365,10:37,129.5989,stop,0.1719,-52.49,-1.072,128.495,break below 128.81
2025-02-14,orb,NVDA,long,57,10:21,137.5513,136.665,139.26,11:19,136.624,stop,0.226,-53.08,-1.077,137.53,break above 137.49
2025-02-19,orb,NVDA,short,57,09:59,138.2035,139.22,136.595,10:29,139.2618,stop,0.2285,-60.55,-1.214,138.345,break below 138.44
2025-02-20,orb,NVDA,short,54,09:47,138.9433,139.875,137.13,09:59,137.13,target,0.2175,97.7,1.977,138.96,break below 139.24
2025-02-24,orb,NVDA,long,72,09:46,137.9914,137.29,139.3,09:51,137.2488,stop,0.2867,-53.75,-1.114,137.96,break above 137.86
2025-03-17,orb,NVDA,short,54,09:46,121.0837,122.0075,119.24,10:58,119.24,target,0.1907,99.37,1.995,121.085,break below 121.14
2025-03-24,orb,NVDA,short,59,10:10,119.4542,120.3275,117.815,10:19,120.3636,stop,0.2057,-53.86,-1.09,119.49,break below 119.59
2025-03-25,orb,NVDA,short,60,09:48,119.3242,120.2225,117.755,10:41,120.2586,stop,0.209,-56.27,-1.14,119.4,break below 119.52
2025-03-26,orb,NVDA,short,60,09:46,117.2298,118.1,115.64,10:12,115.64,target,0.2055,95.18,1.935,117.28,break below 117.38
2025-04-24,orb,NVDA,long,75,09:46,104.2713,103.61,105.59,11:10,105.59,target,0.2326,98.67,1.993,104.27,break above 104.09
2025-04-29,orb,NVDA,long,55,09:46,109.0977,108.1575,110.865,15:55,109.1822,time,0.1761,4.47,0.09,109.06,break above 108.86
2025-04-30,orb,NVDA,long,71,09:50,105.4416,104.76,106.86,09:57,104.7286,stop,0.2185,-50.85,-1.023,105.46,break above 105.42
2025-05-02,orb,NVDA,short,61,09:49,113.8458,114.67,112.24,11:17,114.7044,stop,0.2032,-52.58,-1.064,113.86,break below 113.95
2025-05-05,orb,NVDA,long,64,09:47,114.2843,113.4875,115.805,10:10,113.4535,stop,0.2125,-53.39,-1.08,114.26,break above 114.17
2025-05-06,orb,NVDA,short,90,09:54,111.0367,111.5775,110.055,10:05,111.611,stop,0.2928,-51.98,-1.138,111.07,break below 111.16
2025-05-07,orb,NVDA,long,88,09:47,113.474,113.0225,114.275,09:49,112.9886,stop,0.291,-43.01,-1.171,113.44,break above 113.41
2025-05-08,orb,NVDA,short,44,09:49,116.685,117.885,114.51,11:41,117.9204,stop,0.15,-54.51,-1.101,116.76,break below 117.22
2025-05-09,orb,NVDA,short,80,10:20,117.0649,117.6925,115.825,10:36,115.825,target,0.2736,98.92,1.986,117.07,break below 117.16
2025-05-15,orb,NVDA,short,46,09:47,132.8251,134.0225,130.82,10:05,134.0652,stop,0.1775,-57.22,-1.165,132.955,break below 133.34
2025-05-16,orb,NVDA,short,74,10:35,135.0145,135.675,133.725,10:44,133.725,target,0.29,95.13,1.978,135.025,break below 135.06
2025-05-20,orb,NVDA,short,74,09:47,133.5299,134.09,132.53,11:55,134.1302,stop,0.287,-44.71,-1.162,133.57,break below 133.63
2025-05-21,orb,NVDA,long,60,09:49,134.5404,133.64,136.1,11:40,136.1,target,0.237,93.34,1.897,134.46,break above 134.26
2025-05-22,orb,NVDA,long,49,09:58,133.485,132.4,135.43,15:55,133.43,time,0.1899,-2.89,-0.058,133.41,break above 133.22
2025-05-23,orb,NVDA,long,48,10:13,131.1293,130.07,133.16,15:55,131.2556,time,0.1831,5.88,0.119,131.1,break above 130.96
2025-05-27,orb,NVDA,long,61,10:03,134.8755,134.0325,136.455,15:55,135.2294,time,0.2394,21.35,0.433,134.84,break above 134.74
2025-05-28,orb,NVDA,short,73,09:51,135.1694,135.775,134.08,11:33,135.8157,stop,0.2864,-47.47,-1.151,135.21,break below 135.25
2025-05-29,orb,NVDA,short,50,09:48,141.4176,142.505,139.52,10:07,139.52,target,0.2049,94.67,1.903,141.51,break below 141.53
2025-06-03,orb,NVDA,long,65,09:47,139.3168,138.485,140.765,10:01,140.765,target,0.2652,93.87,1.9,139.245,break above 139.01
2025-06-04,orb,NVDA,short,57,09:52,140.8677,141.815,139.22,15:19,141.8575,stop,0.2327,-56.65,-1.149,140.95,break below 141.27
2025-06-05,orb,NVDA,short,46,09:48,141.1177,142.35,139.125,10:46,142.3927,stop,0.1881,-58.84,-1.19,141.275,break below 141.53
2025-06-06,orb,NVDA,short,63,10:27,141.7825,142.52,140.15,10:47,142.5628,stop,0.2588,-49.42,-0.993,141.73,break below 141.81
2025-06-09,orb,NVDA,long,53,10:35,144.7734,143.7975,146.625,11:19,143.7544,stop,0.2206,-54.23,-1.086,144.74,break above 144.69
2025-06-10,orb,NVDA,long,69,11:19,143.1129,142.43,144.41,11:32,142.3873,stop,0.2846,-50.35,-1.106,143.09,break above 143.05
2025-06-11,orb,NVDA,short,52,09:47,143.267,144.28,141.4,10:11,144.3233,stop,0.2157,-55.14,-1.105,143.32,break below 143.57
2025-06-12,orb,NVDA,long,50,09:49,143.8431,142.845,145.815,15:55,144.8065,time,0.2096,47.96,0.969,143.835,break above 143.82
2025-06-13,orb,NVDA,short,70,10:11,142.3173,143.01,141.09,10:29,141.09,target,0.2886,85.62,1.911,142.37,break below 142.44
2025-06-16,orb,NVDA,long,69,09:54,144.4133,143.785,145.45,11:05,145.45,target,0.2905,71.24,1.86,144.34,break above 144.29
2025-06-18,orb,NVDA,long,65,09:48,144.4683,143.645,145.94,15:55,145.3864,time,0.2735,59.4,1.195,144.41,break above 144.15
2025-06-20,orb,NVDA,short,68,10:22,144.8415,145.5925,143.695,10:45,143.695,target,0.2851,77.68,1.806,144.96,break below 144.99
2025-06-23,orb,NVDA,long,66,09:52,143.7381,142.97,145.22,12:26,142.9271,stop,0.2732,-53.8,-1.087,143.72,break above 143.61
2025-06-24,orb,NVDA,long,44,09:46,147.7443,146.5875,149.925,10:08,146.5435,stop,0.1866,-53.02,-1.083,147.7,break above 147.66
2025-06-25,orb,NVDA,long,40,09:47,151.6805,150.36,154.08,15:03,154.08,target,0.178,95.8,1.932,151.6,break above 151.43
2025-06-26,orb,NVDA,short,51,09:51,154.1138,155.085,152.19,09:57,155.1315,stop,0.227,-52.13,-1.059,154.12,break below 154.17
2025-06-27,orb,NVDA,short,64,09:48,155.5933,156.3025,154.195,10:00,156.3494,stop,0.2875,-48.68,-1.083,155.6,break below 155.62
2025-06-30,orb,NVDA,short,42,09:52,156.1431,157.365,153.84,10:41,157.4122,stop,0.1893,-53.49,-1.084,156.19,break below 156.29
2025-07-01,orb,NVDA,short,64,10:19,155.7083,156.4825,154.345,10:33,154.345,target,0.2877,86.96,1.907,155.77,break below 155.78
2025-07-02,orb,NVDA,long,41,10:10,155.3766,154.14,157.74,15:55,157.2628,time,0.1861,77.15,1.568,155.34,break above 155.27
2025-07-03,orb,NVDA,long,62,10:03,159.0527,158.385,160.29,10:21,160.29,target,0.2866,76.43,1.941,159.02,break above 158.99
2025-07-07,orb,NVDA,short,63,10:57,157.8026,158.67,156.42,12:18,158.7176,stop,0.2868,-57.93,-1.226,157.92,break below 158.03
2025-07-10,orb,NVDA,short,61,09:56,163.0111,163.7825,161.645,11:13,161.645,target,0.2866,83.04,1.911,163.07,break below 163.20
2025-07-11,orb,NVDA,long,34,09:49,166.1248,164.6125,169.0,15:55,165.0905,time,0.1617,-35.33,-0.711,166.075,break above 165.69
2025-07-16,orb,NVDA,short,58,09:51,170.3889,171.1675,169.165,11:36,169.165,target,0.2844,70.7,1.826,170.5,break below 170.62
2025-07-17,orb,NVDA,long,42,09:53,172.7718,171.5425,175.075,15:55,173.268,time,0.2093,20.63,0.417,172.72,break above 172.25
2025-07-18,orb,NVDA,short,57,10:04,173.198,173.74,172.21,10:18,172.21,target,0.2839,56.03,1.928,173.23,break below 173.25
2025-07-23,orb,NVDA,short,59,09:46,168.9943,169.7625,167.595,11:01,169.8134,stop,0.287,-48.62,-1.14,169.04,break below 169.15
2025-07-24,orb,NVDA,short,53,10:13,171.4685,172.5825,169.785,10:46,172.6343,stop,0.2614,-62.05,-1.255,171.65,break below 171.73
2025-07-25,orb,NVDA,long,57,09:54,174.0272,173.435,174.89,13:53,173.383,stop,0.2842,-37.0,-1.339,173.92,break above 173.89
2025-07-28,orb,NVDA,long,56,10:00,175.4576,174.665,177.05,10:11,174.6126,stop,0.2811,-47.6,-1.069,175.46,break above 175.36
2025-07-29,orb,NVDA,long,55,09:59,179.3538,178.4625,180.825,10:06,178.409,stop,0.2819,-52.25,-1.206,179.25,break above 179.20
2025-07-30,orb,NVDA,long,50,09:46,177.8783,176.85,179.82,14:43,179.82,target,0.2582,96.82,1.956,177.84,break above 177.65
2025-07-31,orb,NVDA,short,33,09:46,180.4159,182.045,177.59,09:53,182.0996,stop,0.171,-55.73,-1.137,180.56,break below 180.83
2025-08-01,orb,NVDA,short,33,09:46,171.3486,172.945,168.46,10:07,172.9969,stop,0.1627,-54.56,-1.106,171.45,break below 171.80
2025-08-04,orb,NVDA,long,35,09:46,177.1431,175.665,179.88,15:55,179.7411,time,0.1807,90.75,1.845,177.07,break above 176.80
2025-08-05,orb,NVDA,short,46,10:19,178.3115,179.42,176.225,10:48,176.225,target,0.2357,95.74,1.954,178.355,break below 178.59
2025-08-06,orb,NVDA,long,45,09:54,178.4985,177.18,180.45,10:50,177.1268,stop,0.2291,-61.95,-1.263,178.27,break above 178.08
2025-08-07,orb,NVDA,short,40,11:28,181.1856,182.5275,178.785,15:55,180.2741,time,0.2081,36.25,0.727,181.28,break below 181.32
2025-08-08,orb,NVDA,long,46,09:46,182.4047,181.3,184.495,15:55,182.6252,time,0.2412,9.9,0.202,182.365,break above 182.19
2025-08-11,orb,NVDA,long,36,09:49,182.9649,181.535,185.69,10:06,181.4805,stop,0.1876,-53.62,-1.075,182.92,break above 182.79
2025-08-12,orb,NVDA,short,48,09:51,180.8357,181.9425,178.845,11:10,182.0096,stop,0.2493,-56.59,-1.142,180.91,break below 180.91
2025-08-13,orb,NVDA,short,44,10:05,181.8754,183.07,179.68,11:15,179.68,target,0.2298,96.37,1.938,181.94,break below 182.18
2025-08-14,orb,NVDA,long,33,09:49,182.2747,180.77,185.21,15:55,182.1004,time,0.1725,-5.92,-0.121,182.25,break above 182.01
2025-08-15,orb,NVDA,short,42,09:46,179.7461,180.925,177.43,15:55,180.159,time,0.2168,-17.56,-0.359,179.76,break below 179.99
2025-08-18,orb,NVDA,long,47,10:23,182.8648,181.76,184.94,10:44,181.7055,stop,0.2452,-54.74,-1.099,182.82,break above 182.76
2025-08-19,orb,NVDA,short,42,09:46,180.1559,181.3975,177.835,10:41,177.835,target,0.2173,97.26,1.95,180.21,break below 180.32
2025-08-20,orb,NVDA,short,31,09:46,172.2883,174.15,169.38,10:08,169.38,target,0.1536,90.0,1.826,172.56,break below 173.15
2025-08-21,orb,NVDA,short,34,10:00,174.3227,175.75,171.46,10:10,175.8027,stop,0.1704,-50.49,-1.038,174.32,break below 174.60
2025-08-25,orb,NVDA,long,52,10:00,178.4935,177.4825,180.325,11:03,180.34,target,0.2693,95.75,1.943,178.43,break above 178.39
2025-08-26,orb,NVDA,short,35,09:47,178.7863,180.255,176.055,10:10,180.3091,stop,0.1798,-53.48,-1.091,178.855,break below 179.29
2025-08-27,orb,NVDA,short,39,09:46,179.5261,180.83,177.035,10:14,180.8842,stop,0.2011,-53.17,-1.078,179.565,break below 179.67
2025-09-02,orb,NVDA,long,34,09:47,171.3714,169.8375,174.225,10:25,169.7865,stop,0.1661,-54.05,-1.087,171.3,break above 171.00
2025-09-03,orb,NVDA,long,46,10:05,171.7215,170.5775,173.795,10:13,170.5263,stop,0.2257,-55.2,-1.119,171.65,break above 171.63
2025-09-04,orb,NVDA,short,38,09:56,169.5141,170.805,166.92,10:24,170.8562,stop,0.1854,-51.19,-1.04,169.51,break below 169.77
2025-09-09,orb,NVDA,short,59,09:51,168.2395,168.995,166.94,10:50,166.94,target,0.2857,76.39,1.89,168.31,break below 168.36
2025-09-11,orb,NVDA,short,32,10:01,177.3568,178.925,174.32,15:55,177.3132,time,0.1631,1.23,0.025,177.39,break below 177.61
2025-09-12,orb,NVDA,long,48,10:55,178.4985,177.43,180.55,11:39,177.3768,stop,0.2447,-54.09,-1.084,178.47,break above 178.40
2025-09-15,orb,NVDA,long,48,11:25,176.633,175.52,178.61,15:55,177.3068,time,0.2446,32.1,0.649,176.55,break above 176.52
2025-09-18,orb,NVDA,long,44,10:26,175.4476,174.3,177.69,15:55,176.577,time,0.2233,49.47,0.995,175.43,break above 175.38
2025-09-19,orb,NVDA,long,56,09:50,176.9481,176.0375,178.655,11:30,175.9847,stop,0.2833,-54.23,-1.11,176.91,break above 176.78
2025-09-22,orb,NVDA,long,56,09:49,176.0328,175.335,177.15,09:57,175.2824,stop,0.2822,-42.3,-1.249,175.94,break above 175.93
2025-09-23,orb,NVDA,short,35,09:46,179.6661,181.15,176.92,15:55,178.8236,time,0.1806,29.31,0.594,179.74,break below 179.88
2025-09-24,orb,NVDA,short,56,09:50,178.1116,179.0325,176.445,10:20,179.0862,stop,0.2866,-54.87,-1.136,178.17,break below 178.31
2025-09-25,orb,NVDA,long,43,09:49,175.2726,174.08,177.515,10:24,177.515,target,0.2193,96.21,1.954,175.225,break above 175.00
2025-09-26,orb,NVDA,short,53,09:46,176.7869,177.79,174.97,10:27,174.97,target,0.2693,96.03,1.928,176.85,break below 176.96
2025-09-30,orb,NVDA,long,54,09:46,183.25,182.3225,184.79,09:54,182.2678,stop,0.2826,-53.32,-1.2,183.145,break above 183.12
2025-10-01,orb,NVDA,short,41,09:50,183.9848,185.265,181.665,10:13,185.3206,stop,0.2165,-54.98,-1.118,184.065,break below 184.45
2025-10-02,orb,NVDA,short,37,09:52,188.5434,189.8275,185.875,10:05,189.8844,stop,0.2001,-49.82,-1.022,188.51,break below 188.65
2025-10-03,orb,NVDA,short,52,09:59,188.7534,189.68,186.98,11:26,189.7369,stop,0.2815,-51.43,-1.099,188.78,break below 189.00
2025-10-07,orb,NVDA,long,52,09:49,187.8863,186.87,189.705,11:03,186.8139,stop,0.2787,-56.04,-1.14,187.815,break above 187.54
2025-10-08,orb,NVDA,long,37,10:02,189.2518,187.8175,191.815,11:17,187.7612,stop,0.1993,-55.35,-1.123,189.15,break above 189.06
2025-10-09,orb,NVDA,long,38,09:48,193.388,192.08,195.98,15:55,192.7422,time,0.2099,-24.75,-0.501,193.38,break above 193.09
2025-10-10,orb,NVDA,long,51,09:57,193.7781,192.92,195.38,10:29,195.38,target,0.2855,81.41,1.947,193.74,break above 193.56
2025-10-13,orb,NVDA,long,41,09:59,189.6119,188.325,191.97,10:22,188.2685,stop,0.2214,-55.3,-1.11,189.54,break above 189.22
2025-10-16,orb,NVDA,long,54,10:21,182.7048,181.9175,183.995,11:45,181.8629,stop,0.282,-45.74,-1.223,182.61,break above 182.59
2025-10-17,orb,NVDA,long,55,09:50,181.5544,180.6275,183.155,10:22,183.155,target,0.2892,87.74,1.894,181.47,break above 181.43
2025-10-20,orb,NVDA,long,54,10:21,183.415,182.545,184.99,10:29,184.99,target,0.2867,84.76,1.926,183.36,break above 183.34
2025-10-21,orb,NVDA,short,52,09:49,180.8957,181.945,179.08,11:11,181.9996,stop,0.2701,-57.67,-1.161,180.99,break below 181.10
2025-10-22,orb,NVDA,long,54,09:47,182.2347,181.2625,184.015,10:26,181.2081,stop,0.281,-55.71,-1.125,182.18,break above 182.13
2025-10-23,orb,NVDA,long,55,09:49,181.0093,180.3,182.265,10:58,182.265,target,0.2878,68.78,1.909,180.955,break above 180.78
2025-10-27,orb,NVDA,short,52,10:11,189.6831,190.4575,188.14,10:41,190.5146,stop,0.2828,-43.52,-1.083,189.685,break below 189.79
2025-10-28,orb,NVDA,short,32,10:31,192.4972,194.065,189.445,12:17,194.1232,stop,0.1766,-52.21,-1.059,192.525,break below 192.68
2025-10-31,orb,NVDA,short,48,09:54,205.9282,207.0,203.97,11:56,203.97,target,0.2828,93.71,1.933,205.99,break below 206.04
2025-11-03,orb,NVDA,short,48,09:51,207.3478,208.4775,205.455,11:12,208.54,stop,0.2847,-57.51,-1.189,207.47,break below 207.53
2025-11-04,orb,NVDA,long,45,09:52,203.1009,201.9725,205.235,10:27,201.9119,stop,0.2601,-53.77,-1.099,203.06,break above 203.02
2025-11-05,orb,NVDA,long,40,09:47,199.4948,198.2275,201.925,10:54,201.925,target,0.2312,96.98,1.967,199.46,break above 199.37
2025-11-06,orb,NVDA,short,23,09:52,194.1617,196.3375,189.91,10:48,189.91,target,0.128,97.66,1.982,194.195,break below 195.07
2025-11-10,orb,NVDA,short,51,09:51,194.1117,194.735,192.47,09:57,194.7934,stop,0.2837,-35.05,-0.91,193.98,break below 194.07
2025-11-11,orb,NVDA,short,51,09:48,193.6169,194.56,191.74,10:53,191.74,target,0.283,95.44,1.991,193.62,break below 193.74
2025-11-18,orb,NVDA,short,31,09:47,181.4056,183.105,178.29,11:31,183.1599,stop,0.1615,-54.55,-1.096,181.5,break below 181.95
2025-11-19,orb,NVDA,long,35,09:51,186.0458,184.64,188.915,11:55,184.5846,stop,0.1854,-51.33,-1.029,186.065,break above 185.98
2025-11-26,orb,NVDA,short,42,09:47,180.4259,181.7025,178.155,11:42,181.757,stop,0.2176,-56.13,-1.13,180.52,break below 180.53
2025-11-28,orb,NVDA,short,42,11:27,176.8569,178.12,174.55,13:58,176.563,eod,0.2135,12.13,0.243,176.93,break below 176.97
2025-12-03,orb,NVDA,long,43,10:34,181.3344,180.1225,183.535,11:56,180.0685,stop,0.2224,-54.66,-1.117,181.26,break above 181.10
2025-12-09,orb,NVDA,long,40,11:03,185.7007,184.4475,188.13,11:43,184.3922,stop,0.2117,-52.55,-1.07,185.675,break above 185.56
2025-12-10,orb,NVDA,short,51,10:35,183.5549,184.595,181.67,14:59,184.6504,stop,0.2687,-56.14,-1.129,183.62,break below 183.72
2025-12-11,orb,NVDA,short,38,09:49,177.7567,179.13,175.2,12:40,179.1837,stop,0.1941,-54.42,-1.093,177.82,break below 177.87
2025-12-12,orb,NVDA,short,39,09:49,180.6458,181.9125,178.125,10:58,178.125,target,0.2023,98.11,1.993,180.65,break below 181.01
2025-12-15,orb,NVDA,long,43,10:07,178.0334,176.835,180.27,10:15,176.7819,stop,0.2185,-54.03,-1.097,177.98,break above 177.97
2025-12-16,orb,NVDA,long,39,09:51,177.0831,175.805,179.57,10:26,175.7523,stop,0.197,-52.1,-1.064,177.06,break above 176.68
2025-12-17,orb,NVDA,short,38,09:47,173.4679,174.855,170.985,11:15,170.985,target,0.1896,94.16,1.921,173.565,break below 173.58
2025-12-23,orb,NVDA,long,38,10:24,185.2506,183.875,187.82,11:28,187.82,target,0.2047,97.43,1.95,185.19,break above 184.84
2025-12-24,orb,NVDA,short,53,10:23,187.2138,188.075,185.69,11:31,188.1314,stop,0.2846,-48.92,-1.161,187.28,break below 187.44
2025-12-30,orb,NVDA,short,53,09:46,187.2638,188.0925,185.445,11:13,188.1489,stop,0.2847,-47.2,-1.009,187.21,break below 187.22
2025-12-31,orb,NVDA,short,43,09:46,188.4235,189.63,186.15,15:55,187.0861,time,0.2324,57.27,1.148,188.47,break below 188.71
2026-01-02,orb,NVDA,long,30,09:48,192.4477,190.74,195.69,10:16,190.6828,stop,0.164,-53.11,-1.073,192.39,break above 191.89
2026-01-06,orb,NVDA,long,41,09:48,191.2073,189.975,193.56,10:47,189.918,stop,0.2233,-53.09,-1.084,191.17,break above 190.96
2026-01-07,orb,NVDA,long,45,09:47,188.6766,187.6225,190.885,10:07,190.885,target,0.2463,99.13,2.026,188.71,break above 188.69
2026-01-08,orb,NVDA,short,35,09:49,186.739,188.24,183.965,12:34,183.965,target,0.1875,96.9,1.943,186.815,break below 186.95
2026-01-13,orb,NVDA,short,54,10:42,183.4799,184.3825,181.855,10:47,184.4378,stop,0.2844,-52.01,-1.143,183.54,break below 183.66
2026-01-14,orb,NVDA,short,32,09:59,181.5305,183.13,178.45,15:55,182.5147,time,0.1668,-31.66,-0.634,181.57,break below 181.80
2026-01-15,orb,NVDA,long,37,09:49,188.9867,187.605,191.64,10:25,187.5487,stop,0.1991,-53.4,-1.073,188.95,break above 188.81
2026-01-16,orb,NVDA,short,48,10:02,188.4085,189.5475,186.435,15:55,187.3562,time,0.2594,50.25,1.009,188.51,break below 188.74
2026-01-20,orb,NVDA,short,37,10:20,179.6561,181.0125,177.06,10:31,181.0668,stop,0.1909,-52.39,-1.075,179.695,break below 179.71
2026-01-21,orb,NVDA,long,51,09:52,180.3291,179.295,182.22,10:50,182.22,target,0.2668,96.17,1.934,180.27,break above 180.17
2026-01-22,orb,NVDA,short,45,10:01,184.0148,185.1325,181.825,10:27,185.188,stop,0.2377,-53.03,-1.069,184.03,break below 184.13
2026-01-26,orb,NVDA,short,46,09:52,187.0439,188.115,184.89,15:55,186.756,time,0.2468,12.99,0.263,187.04,break below 187.12
2026-01-27,orb,NVDA,long,53,09:57,187.4462,186.55,188.995,10:11,188.995,target,0.2873,81.8,1.894,187.365,break above 187.36
2026-01-30,orb,NVDA,long,42,10:19,193.258,191.965,195.535,10:28,191.9074,stop,0.231,-56.95,-1.14,193.155,break above 192.98
2026-02-02,orb,NVDA,short,53,09:59,186.459,187.33,185.23,10:04,187.3862,stop,0.2835,-49.42,-1.332,186.63,break below 186.66
2026-02-04,orb,NVDA,short,38,10:02,177.0469,178.3775,174.455,11:38,174.455,target,0.1933,98.3,1.978,177.07,break below 177.23
2026-02-05,orb,NVDA,long,30,09:46,176.4529,174.7825,179.665,09:57,174.7301,stop,0.1507,-51.84,-1.062,176.41,break above 175.76
2026-02-11,orb,NVDA,long,43,09:46,193.248,192.0825,195.525,09:52,192.0249,stop,0.2367,-52.83,-1.071,193.23,break above 193.16
2026-02-12,orb,NVDA,short,50,09:50,191.5425,192.63,189.63,10:44,189.63,target,0.2745,95.35,1.907,191.63,break below 191.68
2026-02-17,orb,NVDA,short,29,09:48,180.5158,182.26,177.1,11:01,182.3147,stop,0.1503,-52.32,-1.049,180.54,break below 181.11
2026-02-18,orb,NVDA,long,51,10:04,189.3268,188.29,191.2,13:53,188.2335,stop,0.2753,-56.03,-1.133,189.26,break above 189.18
2026-02-19,orb,NVDA,short,53,09:46,185.6643,186.58,183.88,09:52,186.636,stop,0.2824,-51.78,-1.086,185.68,break below 185.81
2026-02-20,orb,NVDA,long,36,09:47,188.6166,187.1975,191.345,10:05,187.1413,stop,0.1933,-53.3,-1.071,188.58,break above 188.44
2026-02-23,orb,NVDA,short,31,10:18,191.0427,192.6275,187.865,15:55,191.1773,time,0.1698,-4.34,-0.088,191.04,break below 191.31
2026-02-25,orb,NVDA,long,49,09:52,195.4586,194.395,197.44,12:09,197.44,target,0.2771,96.81,1.947,195.41,break above 194.99
2026-02-27,orb,NVDA,short,48,09:56,179.6911,180.7525,177.685,10:01,180.8067,stop,0.2477,-53.8,-1.096,179.73,break below 179.75
2026-03-03,orb,NVDA,short,38,10:23,177.9166,179.255,175.4,11:05,179.3088,stop,0.1943,-53.1,-1.087,177.97,break below 177.99
2026-03-04,orb,NVDA,long,42,09:48,182.5247,181.185,184.74,09:56,181.1306,stop,0.2185,-58.77,-1.181,182.37,break above 182.30
2026-03-05,orb,NVDA,long,51,09:59,182.6848,181.6675,184.555,10:28,181.613,stop,0.266,-54.93,-1.119,182.63,break above 182.45
2026-03-06,orb,NVDA,long,46,09:46,181.8145,180.6175,183.82,12:37,180.5633,stop,0.2385,-57.79,-1.177,181.685,break above 181.55
2026-03-09,orb,NVDA,long,37,10:25,178.2985,176.875,180.865,12:36,180.865,target,0.1922,94.77,1.926,178.205,break above 178.12
2026-03-10,orb,NVDA,long,54,09:51,183.6551,182.7875,185.36,09:56,182.7327,stop,0.2833,-50.09,-1.082,183.645,break above 183.56
2026-03-11,orb,NVDA,long,36,10:01,187.4462,185.9625,190.08,10:34,185.9067,stop,0.192,-55.61,-1.126,187.335,break above 186.96
2026-03-12,orb,NVDA,short,54,09:46,183.425,184.205,181.97,10:33,181.97,target,0.2843,78.28,1.946,183.46,break below 183.56
2026-03-13,orb,NVDA,short,50,10:03,184.1347,185.2425,182.265,10:56,182.265,target,0.2642,93.22,1.879,184.25,break below 184.44
2026-03-17,orb,NVDA,short,43,09:54,183.0951,184.3375,180.85,15:55,182.3347,time,0.226,32.47,0.65,183.175,break below 183.28
2026-03-18,orb,NVDA,long,46,10:04,182.8248,181.75,184.99,14:34,181.6955,stop,0.24,-52.19,-1.051,182.83,break above 182.78
2026-03-19,orb,NVDA,long,40,10:13,178.2235,176.9025,180.645,15:55,178.3115,time,0.2049,3.32,0.066,178.15,break above 178.01
2026-03-20,orb,NVDA,short,56,09:56,176.527,177.4125,174.735,13:35,174.735,target,0.2841,100.07,2.002,176.52,break below 176.76
2026-03-23,orb,NVDA,long,50,09:59,177.8033,176.775,179.73,10:05,176.722,stop,0.2539,-54.32,-1.103,177.76,break above 177.67
2026-03-24,orb,NVDA,short,55,09:51,174.2277,175.17,172.485,10:00,175.2226,stop,0.2755,-54.99,-1.117,174.275,break below 174.44
2026-03-26,orb,NVDA,short,57,10:12,175.0475,175.8425,173.525,10:53,173.525,target,0.2868,86.49,1.964,175.07,break below 175.19
2026-03-27,orb,NVDA,short,51,09:54,168.9993,170.025,167.085,15:50,167.085,target,0.2481,97.38,1.948,169.045,break below 169.09
2026-03-31,orb,NVDA,long,56,09:47,168.8306,167.8775,170.525,10:17,170.525,target,0.2748,94.61,1.914,168.76,break above 168.72
2026-04-01,orb,NVDA,long,53,10:55,176.668,175.69,178.48,14:02,175.6373,stop,0.2676,-54.89,-1.114,176.62,break above 176.59
2026-04-02,orb,NVDA,long,36,09:59,174.0122,172.575,176.7,11:10,176.7,target,0.1828,96.58,1.951,173.95,break above 173.74
2026-04-07,orb,NVDA,short,52,10:01,175.1075,176.125,173.26,13:36,176.1778,stop,0.2618,-55.92,-1.126,175.17,break below 175.26
2026-04-08,orb,NVDA,short,37,10:00,182.5552,183.9675,179.925,15:55,181.9046,time,0.1939,23.88,0.479,182.62,break below 182.72
2026-04-09,orb,NVDA,long,54,10:47,182.2697,181.3925,183.8,12:02,183.8,target,0.2849,82.35,1.9,182.195,break above 182.15
2026-04-10,orb,NVDA,long,32,09:48,187.0861,185.475,190.08,15:55,188.2635,time,0.1728,37.5,0.764,187.01,break above 186.48
2026-04-13,orb,NVDA,long,53,09:51,187.0261,186.365,188.21,10:00,188.21,target,0.2861,62.46,1.916,186.98,break above 186.97
2026-04-14,orb,NVDA,long,37,10:38,193.443,192.055,196.03,15:11,196.03,target,0.2078,95.51,1.948,193.38,break above 193.30
2026-04-15,orb,NVDA,long,39,10:04,198.7846,197.465,201.245,12:46,197.4058,stop,0.2205,-54.0,-1.099,198.725,break above 198.67
2026-04-16,orb,NVDA,long,50,10:38,197.9094,196.815,199.755,11:10,199.755,target,0.286,92.0,1.877,197.795,break above 197.76
2026-04-17,orb,NVDA,long,49,09:50,201.1403,200.0775,202.785,10:24,200.0175,stop,0.2806,-55.3,-1.25,200.98,break above 200.88
2026-04-20,orb,NVDA,short,46,11:05,198.3655,199.4475,196.215,12:34,199.5073,stop,0.2613,-52.79,-1.065,198.37,break below 198.43
2026-04-21,orb,NVDA,short,46,11:04,200.7398,201.8075,198.59,15:55,199.5198,time,0.2643,55.85,1.132,200.735,break below 200.87
2026-04-22,orb,NVDA,short,50,09:49,199.82,200.52,198.555,10:31,200.5802,stop,0.286,-38.29,-1.169,199.865,break below 199.97
2026-04-23,orb,NVDA,long,47,09:47,203.296,202.13,205.295,10:13,202.0694,stop,0.2718,-57.92,-1.168,203.185,break above 203.13
2026-04-27,orb,NVDA,short,25,09:52,208.4474,210.475,204.64,10:00,210.5381,stop,0.149,-52.42,-1.078,208.53,break below 209.00
2026-04-29,orb,NVDA,short,42,09:47,210.3169,211.56,208.05,09:55,211.6235,stop,0.2525,-55.13,-1.122,210.39,break below 210.42
2026-05-01,orb,NVDA,short,30,09:51,199.81,201.6025,196.615,15:55,199.1097,time,0.1716,20.84,0.418,199.94,break below 200.24
2026-05-05,orb,NVDA,long,50,09:47,200.09,199.07,201.785,09:57,199.0103,stop,0.2849,-54.27,-1.199,199.975,break above 199.94
2026-05-06,orb,NVDA,long,30,09:46,201.9106,200.105,205.025,10:10,205.025,target,0.176,93.26,1.895,201.745,break above 201.54
2026-05-07,orb,NVDA,long,33,09:53,209.2728,207.61,212.125,10:09,212.125,target,0.2001,93.92,1.891,209.115,break above 208.71
2026-05-13,orb,NVDA,short,27,09:46,223.7579,225.69,220.23,10:52,225.7577,stop,0.1724,-54.17,-1.102,223.87,break below 224.25
2026-05-20,orb,NVDA,long,35,10:09,223.367,221.8375,226.015,11:16,226.015,target,0.2257,92.45,1.897,223.23,break above 223.18
2026-05-22,orb,NVDA,short,37,09:48,218.2795,219.725,215.675,10:06,215.675,target,0.2307,96.14,1.925,218.375,break below 218.47
2026-05-26,orb,NVDA,short,36,10:02,214.6056,216.1075,211.945,10:12,216.1723,stop,0.2208,-56.62,-1.134,214.72,break below 214.82
2026-06-02,orb,NVDA,long,31,09:46,227.9684,226.265,230.96,09:52,230.96,target,0.2042,92.54,1.907,227.83,break above 227.45
2026-06-04,orb,NVDA,short,29,09:50,212.4562,214.23,209.16,10:40,214.2943,stop,0.1761,-53.48,-1.091,212.54,break below 212.75
2026-06-05,orb,NVDA,short,46,09:49,212.8561,213.885,211.08,10:26,211.08,target,0.2798,81.42,1.893,212.95,break below 212.96
2026-06-08,orb,NVDA,short,44,09:51,208.1175,209.285,205.94,11:51,209.3478,stop,0.2619,-54.39,-1.109,208.17,break below 208.21
2026-06-09,orb,NVDA,short,35,10:01,208.6674,210.1225,205.855,10:46,205.855,target,0.2088,98.22,1.973,208.7,break below 208.88
2026-06-10,orb,NVDA,short,26,10:58,203.8288,205.7375,200.12,15:23,200.12,target,0.1516,96.28,1.978,203.865,break below 204.29
2026-06-11,orb,NVDA,long,49,09:47,202.8808,201.98,204.89,10:14,201.9194,stop,0.2832,-47.39,-0.997,202.95,break above 202.83
2026-06-12,orb,NVDA,long,33,10:18,206.3719,204.8475,209.265,10:42,204.786,stop,0.1933,-52.53,-1.081,206.32,break above 206.24
2026-06-15,orb,NVDA,short,39,10:07,208.4774,209.855,206.06,10:33,209.918,stop,0.2325,-56.41,-1.143,208.59,break below 208.75
2026-06-16,orb,NVDA,short,35,10:00,208.6524,210.1225,205.885,10:09,210.1855,stop,0.2088,-53.87,-1.09,208.71,break below 208.88
2026-06-17,orb,NVDA,long,47,09:52,209.0927,208.21,210.7,09:56,208.1475,stop,0.2798,-44.7,-1.146,209.04,break above 208.85
2026-06-18,orb,NVDA,long,48,09:53,208.2825,207.235,210.22,12:31,210.22,target,0.2885,92.71,1.941,208.23,break above 207.97
2026-06-22,orb,NVDA,short,24,10:31,210.2569,212.39,206.21,15:55,208.3225,time,0.1443,46.28,0.936,210.33,break below 210.81
2026-06-23,orb,NVDA,long,32,09:48,202.9209,201.27,205.89,11:06,201.2096,stop,0.1843,-54.94,-1.115,202.81,break above 202.49
2026-06-24,orb,NVDA,short,37,10:09,199.2202,200.52,196.515,10:32,200.6002,stop,0.2111,-51.27,-1.038,199.185,break below 199.47
2026-06-26,orb,NVDA,long,39,09:52,193.6281,192.345,196.17,15:55,193.122,time,0.2159,-19.95,-0.401,193.62,break above 193.45
2026-07-01,orb,NVDA,long,33,10:12,196.3689,194.795,199.28,10:45,194.7366,stop,0.1841,-54.05,-1.096,196.29,break above 196.13
2026-07-02,orb,NVDA,long,50,09:51,198.6796,197.7875,200.465,09:53,197.7282,stop,0.2831,-47.85,-1.072,198.68,break above 198.63
2026-07-06,orb,NVDA,long,51,09:51,195.6487,194.735,197.3,10:09,197.3,target,0.2882,83.93,1.925,195.59,break above 195.47
2026-07-07,orb,NVDA,long,51,10:03,193.383,192.33,195.18,10:19,192.2723,stop,0.2811,-56.93,-1.175,193.28,break above 193.22
2026-07-09,orb,NVDA,short,31,10:02,201.2996,203.0075,198.185,13:07,203.0684,stop,0.1786,-55.01,-1.104,201.4,break below 201.56
2026-07-10,orb,NVDA,long,25,09:47,205.4916,203.525,209.3,11:38,209.3,target,0.1496,95.06,1.975,205.45,break above 204.98
2026-07-13,orb,NVDA,short,32,09:52,207.5577,209.1,204.54,10:00,209.1627,stop,0.19,-51.55,-1.06,207.58,break below 207.66
2026-07-15,orb,NVDA,short,37,09:51,211.1316,212.5,208.48,11:17,208.48,target,0.2233,97.89,1.974,211.16,break below 211.22
2026-07-20,orb,NVDA,short,33,10:21,204.7486,206.4025,201.94,11:23,206.4644,stop,0.1933,-56.82,-1.157,204.915,break below 205.09
2026-07-21,orb,NVDA,short,38,09:49,206.0932,207.4425,203.535,15:55,207.3922,time,0.224,-49.59,-1.002,206.14,break below 206.28
2026-07-22,orb,NVDA,long,36,09:52,207.5723,206.205,210.27,11:06,210.27,target,0.2164,96.9,1.987,207.56,break above 207.40
2026-07-23,orb,NVDA,short,35,10:20,208.2125,209.67,205.5,12:24,209.7329,stop,0.2084,-53.42,-1.098,208.28,break below 208.49
2026-07-24,orb,NVDA,short,31,09:54,205.9932,207.67,202.87,10:08,207.7323,stop,0.1827,-54.1,-1.091,206.07,break below 206.76
2026-07-28,orb,NVDA,short,41,09:46,193.292,194.525,190.91,10:01,194.5834,stop,0.2271,-53.17,-1.076,193.32,break below 193.65
2026-07-29,orb,NVDA,short,33,09:52,194.4916,195.9675,191.46,10:13,191.46,target,0.1839,99.86,2.014,194.465,break below 194.88
2026-07-30,orb,NVDA,long,35,09:51,193.8982,192.47,196.64,10:23,196.64,target,0.1971,95.77,1.969,193.86,break above 193.42
2026-08-03,orb,NVDA,long,28,09:54,200.225,198.375,203.67,10:06,203.67,target,0.1632,96.3,1.949,200.14,break above 199.83
2026-08-04,orb,NVDA,short,47,09:56,210.2069,211.235,208.4,13:05,211.2984,stop,0.2825,-51.58,-1.161,210.29,break below 210.36
2026-08-07,orb,NVDA,long,41,10:28,223.2069,221.895,225.54,13:00,221.8284,stop,0.2596,-56.78,-1.14,223.11,break above 223.10
2026-08-10,orb,NVDA,short,44,09:54,222.3333,223.26,220.71,10:23,220.71,target,0.2793,71.15,1.902,222.41,break below 222.44
2026-08-11,orb,NVDA,short,30,09:59,218.9343,220.675,215.71,15:55,217.8053,time,0.1876,33.68,0.678,219.02,break below 219.26
2026-08-12,orb,NVDA,long,31,09:49,223.0469,221.3725,226.195,15:55,223.358,time,0.1976,9.45,0.19,222.98,break above 222.45
2026-08-14,orb,NVDA,short,40,10:21,224.8925,226.245,222.54,10:44,226.3129,stop,0.2567,-57.07,-1.155,225.01,break below 225.02
2026-08-17,orb,NVDA,long,43,11:16,227.3582,226.165,229.57,13:14,226.0972,stop,0.2774,-54.5,-1.117,227.3,break above 227.15
2026-08-18,orb,NVDA,short,43,09:56,219.3942,220.5375,217.125,10:03,220.6037,stop,0.2694,-52.28,-1.069,219.4,break below 219.46
2026-08-20,orb,NVDA,short,36,10:05,217.1248,218.5075,214.405,10:42,218.5731,stop,0.2233,-52.36,-1.064,217.14,break below 217.18
2026-08-21,orb,NVDA,short,33,09:52,216.2451,217.75,213.31,15:55,215.0845,time,0.2039,38.1,0.78,216.27,break below 216.77
2026-08-25,orb,NVDA,long,37,09:46,212.8438,211.4375,215.45,10:30,211.3741,stop,0.2236,-54.6,-1.103,212.775,break above 212.76
2026-08-26,orb,NVDA,long,36,09:46,213.5891,212.145,216.285,09:50,212.0814,stop,0.2182,-54.5,-1.097,213.525,break above 213.48
2026-08-28,orb,NVDA,short,26,09:50,225.6923,227.675,222.05,11:52,222.05,target,0.1674,94.53,1.939,225.8,break below 226.10
2026-08-31,orb,NVDA,long,30,10:09,219.5358,217.765,222.61,14:47,217.6997,stop,0.1865,-55.27,-1.141,219.38,break above 219.30
2026-09-01,orb,NVDA,long,28,10:07,217.9854,216.18,221.52,15:55,216.8849,time,0.1735,-30.99,-0.622,217.96,break above 217.24
2026-09-02,orb,NVDA,long,23,10:00,221.5865,219.3225,225.795,11:09,225.795,target,0.1482,96.65,1.948,221.48,break above 220.12
2026-09-09,orb,NVDA,short,44,09:52,224.5426,225.335,222.98,10:26,225.4026,stop,0.282,-38.12,-1.104,224.55,break below 224.60
2026-09-10,orb,NVDA,short,34,09:49,218.0746,219.64,215.275,15:55,218.5656,time,0.2118,-16.91,-0.342,218.185,break below 218.30
2026-09-11,orb,NVDA,long,39,09:56,221.4564,220.155,223.92,10:34,220.089,stop,0.2451,-53.58,-1.095,221.41,break above 221.22
2026-09-14,orb,NVDA,long,34,10:12,211.6985,210.21,214.515,10:25,210.1469,stop,0.2043,-52.96,-1.085,211.645,break above 211.48
2026-09-15,orb,NVDA,short,47,10:12,212.5062,213.225,211.32,13:06,211.32,target,0.2855,55.47,1.859,212.59,break below 212.61
2026-09-16,orb,NVDA,long,46,09:48,214.5944,213.835,215.89,11:04,215.89,target,0.2837,59.32,1.882,214.52,break above 214.35
2026-09-17,orb,NVDA,long,45,09:57,218.8306,217.9125,220.455,15:55,219.5041,time,0.2821,30.03,0.787,218.76,break above 218.68
2026-09-18,orb,NVDA,long,44,10:11,220.2561,219.045,222.45,10:41,218.9793,stop,0.2752,-56.45,-1.13,220.18,break above 220.05
2026-09-21,orb,NVDA,long,26,09:46,224.8224,222.97,228.7,10:03,222.9031,stop,0.1654,-50.07,-1.008,224.88,break above 224.36
2026-09-23,orb,NVDA,short,43,10:08,227.4917,228.265,226.15,10:14,226.15,target,0.2791,57.42,1.894,227.56,break below 227.62
2026-09-25,orb,NVDA,short,41,10:05,224.4926,225.8025,222.165,12:05,225.8702,stop,0.2627,-56.74,-1.141,224.59,break below 224.68
2026-09-29,orb,NVDA,short,28,10:07,229.3762,231.19,225.85,10:43,231.2594,stop,0.1832,-52.91,-1.062,229.41,break below 229.57
2026-09-30,orb,NVDA,long,38,10:00,231.5144,230.105,233.99,10:11,230.036,stop,0.2493,-56.43,-1.147,231.4,break above 231.39
2026-10-01,orb,NVDA,long,32,09:51,231.4844,229.885,234.52,10:02,229.816,stop,0.2098,-53.6,-1.084,231.43,break above 231.33
2026-10-02,orb,NVDA,long,33,09:59,237.5712,236.0075,240.515,11:03,235.9367,stop,0.2219,-54.16,-1.092,237.51,break above 237.47
2026-10-07,orb,NVDA,long,41,10:10,239.0917,237.9875,241.175,10:23,237.9161,stop,0.278,-48.48,-1.113,239.05,break above 238.90
2026-10-08,orb,NVDA,long,42,10:06,235.2406,234.5025,236.445,10:22,236.445,target,0.283,50.3,1.85,235.15,break above 235.13
2026-10-09,orb,NVDA,short,31,10:00,230.7508,232.38,227.67,15:55,229.6189,time,0.204,34.88,0.717,230.81,break below 230.87
2023-10-12,orb,AMZN,long,55,10:11,133.39,132.29,134.99,13:15,132.2503,stop,0.2113,-62.89,-1.271,133.19,break above 133.14
2023-10-13,orb,AMZN,short,53,09:46,131.4556,132.4275,129.615,09:56,132.4672,stop,0.2025,-53.82,-1.083,131.49,break below 131.59
2023-10-16,orb,AMZN,long,75,09:48,131.7395,131.01,132.945,14:11,132.98,target,0.2897,92.75,1.917,131.655,break above 131.58
2023-10-17,orb,AMZN,short,68,09:46,129.1412,129.8425,127.645,10:07,129.8815,stop,0.2554,-50.59,-1.016,129.11,break below 129.26
2023-10-18,orb,AMZN,long,76,10:06,130.2941,129.7375,131.425,10:30,129.6986,stop,0.2866,-45.54,-1.065,130.3,break above 130.27
2023-10-19,orb,AMZN,short,48,11:18,130.031,131.1775,128.065,14:49,128.065,target,0.1815,94.19,1.891,130.14,break below 130.24
2023-10-23,orb,AMZN,long,71,10:05,125.2976,124.585,126.67,12:02,126.685,target,0.2618,98.25,1.991,125.28,break above 125.15
2023-10-24,orb,AMZN,long,74,09:57,128.2085,127.485,129.51,11:21,127.4468,stop,0.2745,-56.64,-1.134,128.16,break above 128.04
2023-10-26,orb,AMZN,short,56,09:48,119.894,120.81,118.14,10:52,120.8462,stop,0.1959,-53.52,-1.074,119.92,break below 120.01
2023-10-31,orb,AMZN,long,68,10:11,133.38,132.5925,134.79,10:35,132.5527,stop,0.2619,-56.52,-1.135,133.325,break above 133.30
2023-11-01,orb,AMZN,long,74,09:46,134.9905,134.3675,136.325,10:06,134.2797,stop,0.2885,-52.89,-1.095,135.02,break above 134.86
2023-11-02,orb,AMZN,short,72,09:47,137.8186,138.3675,136.905,10:10,136.905,target,0.2878,65.49,1.866,137.88,break below 137.95
2023-11-03,orb,AMZN,short,72,10:05,138.2185,138.94,136.93,12:27,138.9817,stop,0.2886,-55.24,-1.145,138.27,break below 138.40
2023-11-06,orb,AMZN,long,43,09:46,140.5221,139.3225,142.765,13:19,139.2382,stop,0.1736,-55.38,-1.122,140.47,break above 140.28
2023-11-07,orb,AMZN,long,62,10:01,142.1876,141.3775,143.77,15:55,142.6672,time,0.2562,29.48,0.596,142.175,break above 142.16
2023-11-08,orb,AMZN,short,69,10:22,141.7974,142.47,140.31,14:25,142.5327,stop,0.2834,-51.02,-1.027,141.75,break below 141.85
2023-11-09,orb,AMZN,long,70,09:55,142.5377,142.1375,143.255,10:05,142.0274,stop,0.288,-36.01,-1.381,142.51,break above 142.42
2023-11-10,orb,AMZN,long,66,09:51,141.4274,140.615,142.865,10:11,140.5728,stop,0.2689,-56.67,-1.145,141.365,break above 141.30
2023-11-13,orb,AMZN,long,65,10:31,142.1526,141.4125,143.7,15:55,142.5022,time,0.2683,22.46,0.453,142.175,break above 142.13
2023-11-16,orb,AMZN,long,57,09:53,141.2474,140.34,142.965,10:03,142.965,target,0.236,97.67,1.958,141.215,break above 141.15
2023-11-17,orb,AMZN,long,69,09:48,143.5931,142.9825,144.625,10:30,144.625,target,0.2889,70.91,1.877,143.53,break above 143.42
2023-11-20,orb,AMZN,short,46,10:24,144.7566,145.8875,142.655,10:58,145.9313,stop,0.1928,-54.23,-1.094,144.81,break below 145.15
2023-11-21,orb,AMZN,short,70,10:02,142.6672,143.335,141.28,10:06,143.378,stop,0.2893,-50.05,-1.044,142.65,break below 142.74
2023-11-24,orb,AMZN,short,68,09:48,146.0562,146.6225,144.875,11:35,146.6665,stop,0.2874,-41.79,-1.055,146.04,break below 146.06
2023-11-27,orb,AMZN,long,50,09:54,148.6796,147.78,150.75,15:55,147.6957,time,0.2136,-49.41,-0.998,148.77,break above 148.63
2023-11-28,orb,AMZN,short,68,09:47,146.1212,146.78,144.92,10:05,146.824,stop,0.2875,-48.08,-1.141,146.16,break below 146.21
2023-11-29,orb,AMZN,long,67,09:52,148.3545,147.945,148.995,10:03,147.9006,stop,0.2866,-30.7,-1.309,148.295,break above 148.29
2023-12-04,orb,AMZN,short,69,09:47,143.9718,144.74,142.61,09:56,144.7834,stop,0.2876,-56.29,-1.149,144.03,break below 144.15
2023-12-06,orb,AMZN,short,46,10:00,145.8112,146.9175,143.715,15:55,144.5083,time,0.1941,59.74,1.217,145.85,break below 146.00
2023-12-07,orb,AMZN,short,66,09:55,145.4564,146.255,143.99,10:06,146.2989,stop,0.2778,-55.88,-1.122,145.5,break below 145.62
2023-12-08,orb,AMZN,long,68,10:08,146.834,146.08,148.27,10:41,146.0362,stop,0.2874,-54.54,-1.099,146.81,break above 146.69
2023-12-13,orb,AMZN,short,59,09:57,147.7057,148.6525,146.125,14:42,148.6971,stop,0.2521,-58.75,-1.182,147.81,break below 147.87
2023-12-14,orb,AMZN,short,60,09:52,148.7704,149.7,147.225,12:59,147.225,target,0.2581,92.46,1.868,148.875,break below 148.89
2023-12-15,orb,AMZN,long,63,09:51,149.6099,148.7575,151.105,15:55,150.5048,time,0.2741,56.11,1.138,149.54,break above 149.50
2023-12-19,orb,AMZN,short,52,09:53,153.369,154.3125,151.455,11:12,154.3588,stop,0.2303,-51.7,-1.044,153.36,break below 153.55
2023-12-20,orb,AMZN,long,44,10:13,155.0865,153.9275,157.325,14:42,153.8813,stop,0.1955,-53.22,-1.068,155.06,break above 154.96
2023-12-21,orb,AMZN,long,65,10:15,153.5511,152.795,154.925,10:42,152.7492,stop,0.2868,-52.41,-1.136,153.505,break above 153.48
2023-12-22,orb,AMZN,short,65,10:23,153.5139,153.9075,152.79,14:31,152.77,target,0.2882,48.07,1.985,153.535,break below 153.58
2023-12-29,orb,AMZN,long,65,09:46,153.471,153.0075,154.425,10:45,152.9616,stop,0.2872,-33.4,-1.088,153.48,break above 153.37
2024-01-04,orb,AMZN,long,59,09:53,145.7337,144.84,147.36,11:18,147.36,target,0.2515,95.7,1.931,145.68,break above 145.63
2024-01-05,orb,AMZN,long,66,09:49,145.9488,145.29,147.54,12:08,145.2464,stop,0.2775,-46.63,-0.942,146.04,break above 146.02
2024-01-08,orb,AMZN,long,60,10:03,147.8043,146.945,149.435,15:55,149.1852,time,0.2588,82.6,1.659,147.775,break above 147.74
2024-01-09,orb,AMZN,long,66,10:11,149.6549,148.96,151.03,12:06,151.03,target,0.2881,90.47,1.987,149.65,break above 149.59
2024-01-11,orb,AMZN,short,46,09:53,155.0435,156.115,152.92,15:55,155.0265,time,0.2059,0.58,0.012,155.05,break below 155.08
2024-01-12,orb,AMZN,long,64,09:48,155.8367,155.095,157.33,10:00,155.0485,stop,0.2865,-50.74,-1.064,155.84,break above 155.74
2024-01-16,orb,AMZN,short,56,09:52,153.314,154.0975,151.465,10:20,154.1437,stop,0.248,-46.71,-0.951,153.22,break below 153.22
2024-01-17,orb,AMZN,short,53,09:49,150.2649,151.25,148.46,10:38,151.2954,stop,0.2302,-54.85,-1.113,150.32,break below 150.53
2024-01-18,orb,AMZN,short,61,10:03,152.0144,152.9125,150.475,10:35,152.9584,stop,0.2679,-57.85,-1.167,152.1,break below 152.33
2024-01-19,orb,AMZN,short,65,09:48,153.344,153.745,152.38,11:11,153.7911,stop,0.2879,-29.35,-0.992,153.29,break below 153.33
2024-01-22,orb,AMZN,short,45,10:20,154.8135,155.965,152.665,15:55,154.6714,time,0.2011,6.2,0.125,154.865,break below 154.92
2024-01-23,orb,AMZN,long,64,09:55,155.0115,154.44,155.97,11:40,154.3937,stop,0.2853,-39.83,-1.22,154.95,break above 154.94
2024-01-24,orb,AMZN,short,62,09:50,157.0329,157.88,155.48,10:44,157.9274,stop,0.281,-55.74,-1.124,157.08,break below 157.32
2024-01-26,orb,AMZN,short,63,09:54,158.3225,159.03,157.14,10:55,159.0777,stop,0.2877,-47.87,-1.206,158.4,break below 158.47
2024-01-29,orb,AMZN,long,62,10:12,159.6779,159.3,160.335,10:34,159.1722,stop,0.2846,-31.64,-1.479,159.645,break above 159.59
2024-01-30,orb,AMZN,long,62,09:46,161.0983,160.49,162.2,09:52,160.4419,stop,0.2868,-40.99,-1.16,161.06,break above 160.93
2024-02-01,orb,AMZN,long,41,09:46,158.1274,156.795,160.41,11:18,156.748,stop,0.1855,-56.74,-1.149,158.0,break above 157.89
2024-02-05,orb,AMZN,short,42,09:50,168.3545,169.59,166.05,12:05,169.6409,stop,0.2035,-54.23,-1.094,168.41,break below 168.67
2024-02-06,orb,AMZN,short,59,09:56,169.3042,170.0775,167.835,12:04,167.835,target,0.2875,86.39,1.959,169.33,break below 169.46
2024-02-07,orb,AMZN,short,59,10:05,169.2992,169.905,167.97,10:09,169.956,stop,0.2875,-39.04,-1.026,169.26,break below 169.40
2024-02-08,orb,AMZN,long,58,09:46,170.4761,169.545,171.87,14:04,169.4941,stop,0.2829,-57.24,-1.273,170.32,break above 170.20
2024-02-09,orb,AMZN,short,58,10:12,170.6638,171.18,169.755,10:18,171.2314,stop,0.2848,-33.2,-1.205,170.705,break below 170.71
2024-02-12,orb,AMZN,short,54,10:30,173.6579,174.625,171.88,14:58,171.88,target,0.2697,95.74,1.938,173.71,break below 173.87
2024-02-14,orb,AMZN,long,58,09:46,169.6259,168.8725,170.785,10:31,170.785,target,0.285,66.94,1.811,169.51,break above 169.35
2024-02-15,orb,AMZN,short,58,09:49,169.6141,170.5,168.13,11:04,168.13,target,0.2831,85.79,1.872,169.71,break below 169.85
2024-02-16,orb,AMZN,long,50,11:02,169.1707,168.1775,171.155,15:55,169.4791,time,0.2439,15.18,0.306,169.17,break above 169.16
2024-02-20,orb,AMZN,short,45,10:12,166.55,167.6575,164.365,11:00,167.7078,stop,0.2158,-52.32,-1.059,166.56,break below 166.66
2024-02-21,orb,AMZN,short,45,10:19,168.2095,169.33,166.0,15:55,168.6106,time,0.2179,-18.26,-0.366,168.22,break below 168.43
2024-02-22,orb,AMZN,short,58,10:04,171.9284,172.79,170.3,10:30,172.8718,stop,0.2868,-55.01,-1.143,171.96,break below 172.01
2024-02-23,orb,AMZN,long,57,10:10,175.4076,174.61,176.8,10:23,174.5576,stop,0.2861,-48.74,-1.171,175.34,break above 175.31
2024-02-26,orb,AMZN,short,57,09:53,174.6526,175.54,173.11,10:19,175.5927,stop,0.2862,-53.87,-1.167,174.73,break below 174.81
2024-02-27,orb,AMZN,short,57,10:28,173.8878,174.27,173.19,10:32,174.3223,stop,0.285,-25.05,-1.221,173.91,break below 173.94
2024-02-29,orb,AMZN,long,57,09:47,174.4273,173.54,176.09,15:54,176.09,target,0.2885,94.48,1.95,174.39,break above 174.23
2024-03-01,orb,AMZN,long,56,10:04,177.2532,176.6125,178.33,13:23,178.33,target,0.2869,60.02,1.872,177.185,break above 177.16
2024-03-04,orb,AMZN,long,39,10:48,180.024,178.725,182.505,11:35,178.6714,stop,0.2002,-52.95,-1.078,179.985,break above 179.94
2024-03-05,orb,AMZN,short,53,10:25,175.0475,176.0025,173.205,15:55,173.9922,time,0.2667,55.66,1.126,175.07,break below 175.16
2024-03-06,orb,AMZN,short,57,09:47,175.1674,175.8925,173.755,10:04,173.755,target,0.287,80.22,1.975,175.18,break below 175.37
2024-03-07,orb,AMZN,short,57,09:46,173.7429,174.515,172.49,09:52,174.6924,stop,0.2848,-54.41,-1.414,173.84,break below 174.12
2024-03-08,orb,AMZN,long,49,10:01,177.9934,176.88,179.895,11:47,176.7869,stop,0.249,-59.36,-1.205,177.885,break above 177.60
2024-03-11,orb,AMZN,short,51,09:59,172.3683,173.47,170.56,15:55,172.0866,time,0.2528,14.11,0.285,172.5,break below 172.61
2024-03-12,orb,AMZN,short,58,09:46,172.3683,173.19,170.79,10:01,173.242,stop,0.2876,-50.96,-1.098,172.39,break below 172.45
2024-03-13,orb,AMZN,short,56,09:49,175.6973,176.14,174.46,10:05,176.2128,stop,0.2828,-29.15,-0.93,175.58,break below 175.64
2024-03-14,orb,AMZN,long,54,10:14,178.2485,177.275,180.02,15:55,178.5364,time,0.277,15.27,0.309,178.19,break above 177.99
2024-03-15,orb,AMZN,short,45,09:49,175.6473,176.845,173.545,15:55,174.8724,time,0.2272,34.64,0.7,175.745,break below 175.80
2024-03-18,orb,AMZN,long,56,09:47,176.2929,175.505,177.74,09:54,175.4523,stop,0.2824,-47.35,-1.135,176.25,break above 176.24
2024-03-19,orb,AMZN,long,57,09:46,174.6124,174.1225,175.555,10:07,175.58,target,0.2877,54.87,2.016,174.6,break above 174.59
2024-03-20,orb,AMZN,short,57,09:49,175.1374,175.815,173.85,14:01,175.8677,stop,0.287,-41.91,-1.123,175.16,break below 175.18
2024-03-21,orb,AMZN,short,46,11:07,179.1862,180.32,177.08,15:55,178.6036,time,0.2368,26.57,0.535,179.24,break below 179.32
2024-03-22,orb,AMZN,short,56,09:47,177.0169,177.5275,176.185,09:55,177.5808,stop,0.2849,-31.86,-1.271,177.08,break below 177.09
2024-03-25,orb,AMZN,long,55,09:46,178.8286,177.885,180.54,10:13,180.54,target,0.2852,93.84,1.928,178.77,break above 178.53
2024-03-26,orb,AMZN,short,55,09:47,179.2062,179.96,178.52,11:23,180.014,stop,0.2831,-44.71,-1.694,179.48,break below 179.61
2024-03-28,orb,AMZN,long,55,09:46,180.6742,179.88,182.16,12:23,179.826,stop,0.2841,-46.93,-1.123,180.64,break above 180.49
2024-04-01,orb,AMZN,short,36,10:04,180.2259,181.64,177.56,15:55,181.0643,time,0.1863,-30.37,-0.62,180.28,break below 180.29
2024-04-02,orb,AMZN,long,55,10:22,179.7039,179.06,180.86,15:55,180.4908,time,0.2851,43.0,1.303,179.66,break above 179.62
2024-04-03,orb,AMZN,long,55,10:06,181.5494,180.7275,182.955,15:55,182.2103,time,0.2877,36.06,0.883,181.47,break above 181.43
2024-04-04,orb,AMZN,short,54,09:52,183.295,184.185,181.62,10:15,184.2403,stop,0.2841,-51.33,-1.112,183.33,break below 183.53
2024-04-05,orb,AMZN,long,42,09:51,184.1952,182.96,186.53,15:55,185.1844,time,0.2232,41.32,0.827,184.15,break above 183.89
2024-04-09,orb,AMZN,short,46,10:43,185.0745,186.295,183.04,15:55,185.2956,time,0.2443,-10.42,-0.209,185.21,break below 185.28
2024-04-10,orb,AMZN,long,41,10:20,184.8754,183.795,187.44,15:55,186.0492,time,0.2189,47.9,0.962,185.01,break above 184.86
2024-04-11,orb,AMZN,long,53,11:17,186.9611,186.27,188.58,13:06,188.58,target,0.2867,85.52,2.095,187.04,break above 186.93
2024-04-12,orb,AMZN,short,53,10:10,187.3388,187.8875,186.395,10:37,186.395,target,0.2848,49.74,1.886,187.39,break below 187.41
2024-04-15,orb,AMZN,long,53,09:49,188.0114,186.9,189.69,10:59,186.8439,stop,0.2841,-62.16,-1.261,187.83,break above 187.60
2024-04-16,orb,AMZN,long,54,09:52,183.5701,182.9025,184.845,13:32,182.8451,stop,0.2835,-39.43,-1.128,183.55,break above 183.53
2024-04-17,orb,AMZN,long,54,09:46,184.4553,183.9975,185.535,09:50,183.9423,stop,0.2851,-27.99,-1.011,184.51,break above 184.47
2024-04-18,orb,AMZN,long,47,10:38,181.7545,180.71,183.86,13:01,180.6558,stop,0.2438,-51.88,-1.051,181.76,break above 181.54
2024-04-19,orb,AMZN,short,35,10:27,176.1271,177.525,173.25,15:55,174.4923,time,0.1772,57.04,1.144,176.1,break below 176.32
2024-04-22,orb,AMZN,short,43,10:13,176.497,177.735,174.3,14:20,177.7883,stop,0.2181,-55.74,-1.132,176.59,break below 176.63
2024-04-23,orb,AMZN,short,40,09:51,176.1971,177.5725,173.875,10:07,177.6258,stop,0.2026,-57.35,-1.163,176.34,break below 176.69
2024-04-24,orb,AMZN,short,48,09:57,178.5264,179.555,176.48,11:47,176.48,target,0.2462,97.98,1.992,178.53,break below 178.83
2024-04-26,orb,AMZN,short,53,09:53,176.1671,177.16,174.37,09:55,177.2131,stop,0.2684,-55.71,-1.13,176.23,break below 176.33
2024-04-30,orb,AMZN,short,55,10:32,180.5608,181.315,178.96,11:44,178.96,target,0.2852,87.76,2.033,180.53,break below 180.65
2024-05-03,orb,AMZN,long,53,09:46,187.1561,186.255,188.79,09:51,186.1791,stop,0.2831,-52.06,-1.163,187.1,break above 187.08
2024-05-06,orb,AMZN,long,53,10:52,186.621,185.67,188.16,15:55,188.0936,time,0.2859,77.76,1.768,186.5,break above 186.45
2024-05-07,orb,AMZN,long,52,09:48,189.3768,188.775,190.32,09:50,188.7184,stop,0.2814,-34.52,-1.289,189.29,break above 189.27
2024-05-08,orb,AMZN,short,53,09:46,186.9639,187.705,186.16,10:28,187.7613,stop,0.2843,-42.55,-1.559,187.19,break below 187.19
2024-05-09,orb,AMZN,short,46,09:46,188.1036,189.25,186.01,10:37,189.4368,stop,0.2482,-61.58,-1.239,188.17,break below 188.24
2024-05-10,orb,AMZN,long,52,09:49,189.8869,189.14,191.015,10:02,189.0833,stop,0.282,-42.07,-1.295,189.765,break above 189.62
2024-05-13,orb,AMZN,short,53,09:47,186.654,187.535,184.94,15:55,186.5459,time,0.2838,5.44,0.119,186.67,break below 186.76
2024-05-14,orb,AMZN,long,40,11:18,185.8507,184.595,188.3,15:55,187.3338,time,0.215,59.11,1.196,185.83,break above 185.66
2024-05-15,orb,AMZN,short,37,09:47,184.1197,185.5225,181.525,11:17,185.5782,stop,0.1955,-54.16,-1.098,184.19,break below 184.45
2024-05-17,orb,AMZN,long,54,09:48,184.8654,184.055,186.425,12:31,183.9998,stop,0.2852,-47.03,-1.102,184.845,break above 184.74
2024-05-22,orb,AMZN,short,54,10:07,183.6549,184.505,182.51,11:15,184.5704,stop,0.2847,-49.72,-1.385,183.84,break below 183.88
2024-05-23,orb,AMZN,short,43,09:51,182.4353,183.7275,180.285,11:30,183.8151,stop,0.2252,-59.56,-1.207,182.58,break below 182.71
2024-05-24,orb,AMZN,short,55,10:49,181.0957,181.77,179.88,11:12,181.8245,stop,0.286,-40.37,-1.165,181.14,break below 181.15
2024-05-28,orb,AMZN,long,53,10:24,181.4594,180.45,183.24,13:02,180.3359,stop,0.2745,-59.82,-1.214,181.38,break above 181.32
2024-05-29,orb,AMZN,long,54,09:51,182.9649,182.205,184.29,15:49,182.1503,stop,0.2824,-44.27,-1.18,182.9,break above 182.82
2024-05-30,orb,AMZN,short,55,10:10,180.106,180.7675,179.065,15:24,179.065,target,0.2845,56.97,1.825,180.2,break below 180.21
2024-05-31,orb,AMZN,short,52,09:51,177.1019,178.225,175.36,10:15,175.36,target,0.2647,90.31,1.819,177.27,break below 177.28
2024-06-03,orb,AMZN,long,54,09:46,178.7236,177.6425,180.38,09:51,177.5892,stop,0.2756,-61.53,-1.249,178.555,break above 178.37
2024-06-04,orb,AMZN,long,45,10:02,178.5836,177.46,180.76,10:13,177.4068,stop,0.2294,-53.19,-1.074,178.56,break above 178.41
2024-06-05,orb,AMZN,long,55,09:46,180.2541,179.435,181.58,10:00,179.3812,stop,0.2834,-48.29,-1.228,180.15,break above 180.04
2024-06-06,orb,AMZN,long,54,09:55,182.6498,182.0925,183.765,09:58,182.0379,stop,0.2822,-33.33,-1.107,182.65,break above 182.63
2024-06-07,orb,AMZN,long,54,10:09,184.9855,184.105,186.61,15:54,184.0248,stop,0.2852,-52.16,-1.157,184.94,break above 184.78
2024-06-10,orb,AMZN,long,54,09:52,185.0055,184.275,186.57,11:00,186.57,target,0.289,84.19,2.038,185.04,break above 184.74
2024-06-11,orb,AMZN,short,51,09:46,186.2141,187.1525,184.235,15:55,186.776,time,0.2725,-28.93,-0.583,186.18,break below 186.56
2024-06-12,orb,AMZN,long,40,10:34,188.2265,187.065,190.77,12:12,187.0089,stop,0.2146,-48.92,-0.99,188.3,break above 187.97
2024-06-13,orb,AMZN,long,53,09:46,186.4209,185.8375,187.48,09:56,187.48,target,0.285,55.85,1.925,186.385,break above 186.35
2024-06-14,orb,AMZN,long,54,09:49,183.24,182.8025,183.98,10:37,182.7477,stop,0.2833,-26.87,-1.268,183.195,break above 183.11
2024-06-17,orb,AMZN,long,54,10:35,183.1399,182.145,184.71,10:55,182.0404,stop,0.2822,-59.66,-1.292,183.0,break above 182.93
2024-06-18,orb,AMZN,short,54,09:51,182.5952,183.16,181.675,10:06,183.2149,stop,0.2831,-33.75,-1.263,182.665,break below 182.70
2024-06-21,orb,AMZN,long,53,09:49,187.8713,187.38,189.135,09:51,187.3188,stop,0.2848,-29.57,-0.954,187.965,break above 187.84
2024-06-24,orb,AMZN,long,43,10:12,190.4971,189.2775,192.765,10:40,189.1932,stop,0.2333,-56.3,-1.126,190.44,break above 190.39
2024-06-25,orb,AMZN,long,53,10:01,187.3862,186.565,188.59,11:19,188.59,target,0.2867,63.51,1.775,187.24,break above 187.20
2024-06-26,orb,AMZN,long,53,10:03,187.6913,186.96,189.09,10:25,189.21,target,0.2876,80.2,2.131,187.67,break above 187.62
2024-06-27,orb,AMZN,short,48,09:51,194.2717,195.4325,192.32,09:57,195.4911,stop,0.2672,-58.8,-1.181,194.395,break below 194.74
2024-06-28,orb,AMZN,long,44,10:01,197.9494,196.77,200.145,10:43,196.711,stop,0.2479,-54.74,-1.106,197.895,break above 197.62
2024-07-01,orb,AMZN,long,51,09:49,194.9585,193.7375,196.25,11:57,196.25,target,0.2867,65.58,1.535,194.575,break above 194.44
2024-07-02,orb,AMZN,long,50,10:09,197.3692,196.6,198.895,10:10,196.541,stop,0.2815,-41.69,-1.09,197.365,break above 197.23
2024-07-03,orb,AMZN,short,50,09:56,198.9103,199.53,197.82,10:07,197.82,target,0.2848,54.23,1.903,198.96,break below 199.06
2024-07-08,orb,AMZN,long,34,09:48,201.2203,199.5325,203.905,10:00,199.4726,stop,0.1942,-59.62,-1.203,200.99,break above 200.09
2024-07-09,orb,AMZN,short,50,09:48,199.3752,199.85,198.47,09:54,199.93,stop,0.2854,-28.03,-1.218,199.39,break below 199.50
2024-07-10,orb,AMZN,short,50,10:22,199.4002,199.8225,198.78,10:31,198.78,target,0.2855,30.72,1.768,199.475,break below 199.57
2024-07-11,orb,AMZN,short,50,09:53,198.8803,199.835,197.045,10:18,197.0,target,0.2847,93.73,2.016,198.905,break below 199.43
2024-07-12,orb,AMZN,long,51,09:59,195.1485,194.5725,196.395,10:17,194.5141,stop,0.2842,-32.64,-1.053,195.18,break above 195.00
2024-07-15,orb,AMZN,long,51,10:05,195.3086,194.425,196.72,11:30,194.3417,stop,0.284,-49.6,-1.271,195.19,break above 195.13
2024-07-16,orb,AMZN,short,31,10:02,193.6119,195.3,190.5,15:55,193.1879,time,0.172,12.97,0.262,193.7,break below 194.02
2024-07-17,orb,AMZN,short,36,09:57,188.8933,190.29,186.18,10:26,186.18,target,0.195,97.48,1.977,188.92,break below 189.00
2024-07-18,orb,AMZN,short,36,09:53,187.3138,188.6525,184.535,10:43,184.5,target,0.1934,101.1,2.046,187.28,break below 187.66
2024-07-24,orb,AMZN,long,42,09:55,185.4456,184.1375,187.67,10:38,184.0823,stop,0.2219,-57.48,-1.162,185.315,break above 185.13
2024-07-26,orb,AMZN,long,55,09:46,181.5845,180.905,182.63,09:47,180.8507,stop,0.2857,-40.64,-1.285,181.48,break above 181.43
2024-07-29,orb,AMZN,short,52,11:01,182.5052,183.76,180.91,12:02,183.8151,stop,0.2725,-68.39,-1.384,182.81,break below 182.88
2024-07-30,orb,AMZN,short,32,11:02,182.7752,184.4075,179.78,12:54,179.78,target,0.1679,95.68,1.938,182.865,break below 183.05
2024-07-31,orb,AMZN,long,40,10:09,186.686,185.3275,189.025,15:55,187.2238,time,0.2148,21.3,0.432,186.56,break above 186.17
2024-08-01,orb,AMZN,long,41,09:47,190.057,188.8125,192.435,10:21,188.7559,stop,0.2219,-53.57,-1.082,190.02,break above 189.88
2024-08-02,orb,AMZN,short,43,09:47,164.9505,166.16,162.725,09:49,162.725,target,0.2043,95.49,1.94,165.015,break below 165.06
2024-08-07,orb,AMZN,long,44,10:45,167.0301,165.83,169.235,11:44,165.7803,stop,0.2101,-55.2,-1.105,166.965,break above 166.66
2024-08-08,orb,AMZN,short,44,09:50,163.0461,164.185,160.81,10:01,164.2993,stop,0.2067,-55.35,-1.118,163.06,break below 163.16
2024-08-09,orb,AMZN,long,59,10:07,167.6853,166.8325,169.015,10:35,166.7825,stop,0.2834,-53.55,-1.248,167.56,break above 167.46
2024-08-12,orb,AMZN,short,51,09:47,166.2401,167.2,164.29,10:03,167.2502,stop,0.2442,-51.76,-1.046,166.23,break below 166.24
2024-08-13,orb,AMZN,short,43,09:56,167.0599,168.2575,164.845,10:24,168.308,stop,0.2068,-53.88,-1.101,167.12,break below 167.37
2024-08-14,orb,AMZN,short,52,09:54,170.5088,171.485,168.62,15:55,170.3161,time,0.2551,9.77,0.197,170.53,break below 170.71
2024-08-15,orb,AMZN,long,50,09:53,175.8427,174.795,177.75,15:31,177.75,target,0.2554,95.11,1.931,175.78,break above 175.59
2024-08-16,orb,AMZN,long,56,09:46,177.1231,176.6775,178.065,10:19,178.065,target,0.2865,52.46,2.025,177.14,break above 177.08
2024-08-19,orb,AMZN,short,56,10:19,176.577,177.415,174.91,11:03,177.4682,stop,0.2842,-50.19,-1.073,176.58,break below 176.88
2024-08-20,orb,AMZN,long,55,09:59,178.9487,178.1675,180.275,10:19,178.114,stop,0.2815,-46.19,-1.195,178.87,break above 178.62
2024-08-21,orb,AMZN,long,41,10:01,181.8045,180.5975,184.25,10:50,180.5433,stop,0.2126,-51.92,-1.04,181.815,break above 181.48
2024-08-22,orb,AMZN,short,55,10:00,180.006,180.785,178.4,11:32,178.35,target,0.2844,90.79,2.076,179.99,break below 180.19
2024-08-23,orb,AMZN,long,54,10:03,178.1934,177.25,180.01,10:06,177.1968,stop,0.275,-54.09,-1.089,178.17,break above 177.90
2024-08-26,orb,AMZN,short,56,09:46,176.1971,176.97,174.87,10:34,174.79,target,0.2836,78.52,2.003,176.27,break below 176.49
2024-08-27,orb,AMZN,short,44,09:46,172.5032,173.7725,170.42,10:26,173.8521,stop,0.2183,-59.57,-1.212,172.655,break below 172.78
2024-08-28,orb,AMZN,short,58,09:46,172.2883,173.0,170.6,11:12,170.6,target,0.2874,97.63,2.104,172.2,break below 172.32
2024-08-29,orb,AMZN,long,57,10:02,173.5671,172.7675,175.115,10:09,172.7157,stop,0.2831,-48.81,-1.094,173.55,break above 173.43
2024-08-30,orb,AMZN,long,43,09:52,174.8224,173.7,177.15,15:23,177.15,target,0.2189,99.87,2.02,174.85,break above 174.79
2024-09-03,orb,AMZN,long,51,09:53,178.1134,177.1825,180.115,09:54,177.1293,stop,0.2596,-50.45,-1.012,178.16,break above 178.10
2024-09-04,orb,AMZN,short,57,10:01,173.198,174.04,171.52,10:04,174.0972,stop,0.2839,-51.54,-1.076,173.2,break below 173.28
2024-09-06,orb,AMZN,short,56,09:52,176.487,177.4825,174.835,10:25,174.835,target,0.2841,92.23,1.866,176.6,break below 176.62
2024-09-09,orb,AMZN,long,57,09:51,175.2025,174.405,176.94,10:07,174.3527,stop,0.2857,-48.73,-1.012,175.25,break above 175.20
2024-09-10,orb,AMZN,long,35,09:56,179.8339,178.38,182.64,10:13,178.3265,stop,0.1793,-52.94,-1.065,179.8,break above 179.69
2024-09-11,orb,AMZN,short,31,10:16,177.1868,178.9025,174.065,12:30,178.9562,stop,0.1578,-55.01,-1.1,177.29,break below 177.59
2024-09-13,orb,AMZN,long,38,09:48,188.3465,186.975,190.89,11:07,186.9189,stop,0.2038,-54.45,-1.098,188.28,break above 188.02
2024-09-16,orb,AMZN,long,43,09:53,185.6407,184.45,187.93,10:26,184.3947,stop,0.2276,-53.81,-1.079,185.61,break above 185.31
2024-09-17,orb,AMZN,long,39,10:13,188.7666,187.595,191.39,12:18,187.5387,stop,0.2098,-48.1,-0.975,188.86,break above 188.85
2024-09-18,orb,AMZN,long,52,10:04,186.8961,185.89,188.77,11:41,185.8342,stop,0.2773,-55.49,-1.112,186.85,break above 186.72
2024-09-19,orb,AMZN,short,52,09:51,189.1932,189.835,187.81,10:19,189.892,stop,0.2821,-36.62,-1.043,189.16,break below 189.30
2024-09-20,orb,AMZN,short,52,09:59,189.5931,190.31,188.3,10:58,188.3,target,0.2827,66.96,1.922,189.64,break below 189.68
2024-09-23,orb,AMZN,long,51,09:50,192.3827,191.455,194.05,10:35,191.3976,stop,0.2798,-50.52,-1.145,192.32,break above 192.28
2024-09-24,orb,AMZN,short,33,09:53,192.2773,193.89,189.45,15:55,193.7731,time,0.1819,-49.54,-1.014,192.41,break below 192.45
2024-09-25,orb,AMZN,short,51,09:51,192.4572,193.34,191.24,10:14,193.398,stop,0.2813,-48.26,-1.352,192.64,break below 192.76
2024-09-26,orb,AMZN,short,40,09:51,192.1823,193.4575,189.715,11:00,189.68,target,0.2203,99.87,2.001,192.21,break below 192.41
2024-09-27,orb,AMZN,short,52,10:31,189.7531,190.35,188.82,11:15,188.82,target,0.2829,48.24,1.819,189.84,break below 189.85
2024-09-30,orb,AMZN,short,50,10:07,186.514,187.53,184.53,15:55,186.1858,time,0.2676,16.14,0.323,186.53,break below 186.57
2024-10-01,orb,AMZN,short,54,09:53,183.4749,184.2525,182.085,09:57,184.3078,stop,0.2844,-45.26,-1.16,183.53,break below 183.53
2024-10-02,orb,AMZN,short,54,09:48,184.1397,184.92,182.49,10:27,184.9755,stop,0.2854,-45.42,-1.038,184.11,break below 184.16
2024-10-03,orb,AMZN,long,38,09:56,183.355,181.965,185.895,10:16,181.9104,stop,0.1985,-55.09,-1.107,183.275,break above 183.05
2024-10-04,orb,AMZN,short,46,10:04,185.4543,186.615,183.39,15:55,186.3759,time,0.2448,-42.64,-0.862,185.54,break below 185.71
2024-10-07,orb,AMZN,short,38,09:47,180.9257,182.35,178.45,15:55,180.9343,time,0.1974,-0.52,-0.011,181.05,break below 181.10
2024-10-08,orb,AMZN,long,54,09:54,182.5547,181.715,184.01,10:34,181.6605,stop,0.2817,-48.57,-1.176,182.48,break above 182.45
2024-10-09,orb,AMZN,long,54,10:07,183.4,182.67,184.74,11:52,184.74,target,0.2863,72.07,1.934,183.36,break above 183.28
2024-10-10,orb,AMZN,long,53,09:57,187.9014,187.1425,189.235,10:13,187.0864,stop,0.2845,-43.48,-1.176,187.84,break above 187.78
2024-10-11,orb,AMZN,long,49,10:02,188.3365,187.27,190.27,15:55,189.1682,time,0.2658,40.49,0.826,188.27,break above 188.22
2024-10-14,orb,AMZN,short,53,10:53,188.5034,189.215,187.145,15:55,187.7863,time,0.2865,37.72,1.031,188.525,break below 188.63
2024-10-15,orb,AMZN,long,53,09:48,187.9364,187.345,189.175,10:15,187.2888,stop,0.2847,-34.61,-1.07,187.955,break above 187.85
2024-10-16,orb,AMZN,short,53,11:00,186.0342,186.94,184.42,14:53,186.9961,stop,0.2829,-51.26,-1.151,186.1,break below 186.14
2024-10-17,orb,AMZN,short,53,09:55,186.9339,187.8425,185.105,11:38,187.8989,stop,0.2842,-51.43,-1.063,186.93,break below 186.94
2024-10-18,orb,AMZN,long,43,10:05,188.2965,187.285,190.765,15:55,188.9033,time,0.233,25.86,0.518,188.445,break above 188.26
2024-10-21,orb,AMZN,long,47,10:16,188.5265,187.39,190.57,10:45,187.3338,stop,0.2526,-56.31,-1.13,188.45,break above 188.38
2024-10-22,orb,AMZN,long,45,09:55,189.0167,187.88,191.165,14:00,191.165,target,0.2466,96.43,1.957,188.975,break above 188.75
2024-10-23,orb,AMZN,short,53,10:05,187.5837,188.4375,185.85,12:07,185.85,target,0.2852,91.6,2.004,187.575,break below 187.72
2024-10-24,orb,AMZN,long,51,10:03,185.7157,184.76,187.655,15:55,186.544,time,0.2729,41.97,0.853,185.725,break above 185.63
2024-10-25,orb,AMZN,long,52,09:48,189.3268,188.4275,190.895,13:38,188.3635,stop,0.2809,-50.37,-1.178,189.25,break above 189.21
2024-10-28,orb,AMZN,short,52,11:04,188.9233,189.595,187.69,11:46,189.6519,stop,0.2817,-38.17,-1.156,188.96,break below 189.00
2024-10-29,orb,AMZN,long,52,10:23,188.9317,188.325,190.2,12:51,190.215,target,0.2836,66.45,2.045,188.95,break above 188.81
2024-10-30,orb,AMZN,short,36,10:04,192.8421,194.235,190.14,11:51,194.2983,stop,0.199,-52.62,-1.071,192.87,break below 192.92
2024-10-31,orb,AMZN,short,52,09:48,189.0033,189.9075,187.65,10:28,187.65,target,0.2819,70.09,1.791,189.155,break below 189.24
2024-11-04,orb,AMZN,long,50,09:46,197.3492,196.215,199.17,09:49,196.1561,stop,0.281,-59.93,-1.217,197.2,break above 196.99
2024-11-05,orb,AMZN,long,50,11:07,197.6193,196.7075,199.175,12:24,199.175,target,0.2852,77.5,1.885,197.53,break above 197.40
2024-11-06,orb,AMZN,long,39,10:04,201.5304,200.265,204.06,10:22,204.06,target,0.2277,98.43,1.995,201.53,break above 201.38
2024-11-07,orb,AMZN,long,36,09:49,209.923,208.515,212.58,15:55,209.7171,time,0.2159,-7.63,-0.156,209.87,break above 209.75
2024-11-08,orb,AMZN,short,47,10:30,208.3475,209.185,206.86,11:27,209.2478,stop,0.28,-42.59,-1.169,208.41,break below 208.53
2024-11-11,orb,AMZN,short,48,09:47,207.7527,208.685,205.64,13:02,205.64,target,0.2852,101.12,2.076,207.67,break below 207.75
2024-11-12,orb,AMZN,short,48,10:03,206.8579,207.645,205.545,12:16,207.7073,stop,0.284,-41.05,-1.222,206.945,break below 207.05
2024-11-13,orb,AMZN,long,40,10:58,211.7735,210.455,214.16,12:41,214.19,target,0.2448,96.41,1.952,211.69,break above 211.61
2024-11-14,orb,AMZN,short,26,09:46,212.7462,214.55,208.985,15:55,211.3634,time,0.1581,35.79,0.742,212.695,break below 213.22
2024-11-15,orb,AMZN,short,31,09:46,204.5386,206.19,201.39,09:49,206.2519,stop,0.1814,-53.29,-1.074,204.59,break below 205.08
2024-11-18,orb,AMZN,short,49,11:29,202.7192,203.7225,200.925,15:55,202.0156,time,0.2843,34.19,0.748,202.79,break below 202.83
2024-11-19,orb,AMZN,long,40,09:50,201.2404,199.95,203.67,11:26,203.67,target,0.2331,96.95,1.955,201.19,break above 201.10
2024-11-20,orb,AMZN,short,49,09:46,201.4645,202.3075,200.065,10:09,200.065,target,0.2826,68.3,1.865,201.56,break below 201.70
2024-11-21,orb,AMZN,short,33,09:57,200.2949,201.795,197.34,11:11,197.34,target,0.1892,97.32,1.986,200.31,break below 200.36
2024-11-22,orb,AMZN,short,46,09:51,197.5607,198.545,195.35,10:42,198.6046,stop,0.2603,-48.28,-0.985,197.48,break below 197.94
2024-11-27,orb,AMZN,short,40,10:16,205.5483,206.65,202.99,10:44,206.712,stop,0.2352,-46.78,-0.959,205.43,break below 205.69
2024-11-29,orb,AMZN,long,48,10:44,206.3019,205.49,207.935,12:50,207.935,target,0.2854,78.1,1.997,206.305,break above 206.29
2024-12-02,orb,AMZN,long,32,10:03,212.4137,210.83,215.39,12:12,210.7568,stop,0.1928,-53.22,-1.094,212.35,break above 212.11
2024-12-03,orb,AMZN,long,47,10:02,211.6935,210.575,213.59,12:58,213.59,target,0.2869,88.85,1.881,211.58,break above 211.47
2024-12-04,orb,AMZN,long,40,09:53,218.1554,216.8,220.55,15:55,218.4994,time,0.2496,13.51,0.27,218.05,break above 217.84
2024-12-05,orb,AMZN,long,45,09:47,218.4055,217.785,219.54,10:37,219.54,target,0.2821,50.77,1.929,218.37,break above 218.24
2024-12-06,orb,AMZN,long,34,09:46,223.547,221.895,226.26,15:29,226.26,target,0.2195,92.02,1.86,223.35,break above 223.18
2024-12-09,orb,AMZN,long,37,09:46,229.7239,228.33,232.29,09:50,228.2615,stop,0.2409,-54.35,-1.113,229.65,break above 229.63
2024-12-10,orb,AMZN,long,35,09:46,227.9984,226.475,230.66,09:56,226.4071,stop,0.2261,-55.92,-1.145,227.87,break above 227.55
2024-12-12,orb,AMZN,short,43,09:46,228.6614,229.535,227.24,10:23,229.6039,stop,0.2805,-40.81,-1.241,228.77,break below 228.81
2024-12-13,orb,AMZN,short,43,10:20,228.1065,229.1925,226.05,11:00,226.05,target,0.2798,88.15,1.957,228.145,break below 228.31
2024-12-16,orb,AMZN,short,33,09:57,229.0513,230.655,226.11,11:20,230.7242,stop,0.2156,-55.42,-1.109,229.14,break below 229.30
2024-12-18,orb,AMZN,long,43,10:48,231.3244,230.14,233.23,11:13,230.071,stop,0.2822,-54.18,-1.223,231.17,break above 231.01
2024-12-20,orb,AMZN,long,42,10:07,220.8662,219.82,223.33,10:31,223.33,target,0.2677,103.21,2.1,220.99,break above 220.86
2024-12-24,orb,AMZN,long,43,09:46,227.6583,226.79,229.49,12:59,228.8813,eod,0.2807,52.31,1.352,227.69,break above 227.44
2024-12-26,orb,AMZN,short,43,09:50,227.3118,228.065,226.67,10:03,228.1334,stop,0.2789,-35.61,-1.781,227.6,break below 227.64
2024-12-27,orb,AMZN,short,29,09:56,222.7382,224.42,219.41,15:55,223.6371,time,0.1844,-26.25,-0.542,222.75,break below 222.82
2024-12-30,orb,AMZN,short,45,09:59,218.8843,219.73,217.39,10:44,219.7959,stop,0.2813,-41.3,-1.177,218.95,break below 219.25
2024-12-31,orb,AMZN,short,41,11:04,220.8337,222.145,218.53,15:55,219.2908,time,0.2585,63.0,1.275,220.94,break below 221.11
2025-01-03,orb,AMZN,long,34,09:46,225.3376,223.8,228.09,09:51,223.7329,stop,0.2171,-54.78,-1.127,225.23,break above 225.10
2025-01-06,orb,AMZN,long,30,10:30,228.0784,226.3475,231.305,13:45,226.2796,stop,0.1937,-54.16,-1.092,228.0,break above 227.82
2025-01-07,orb,AMZN,short,29,10:01,225.3674,227.115,222.06,15:12,222.01,target,0.1865,97.18,1.989,225.43,break below 225.86
2025-01-08,orb,AMZN,short,45,09:54,221.9034,222.6975,220.785,09:56,222.7643,stop,0.2851,-39.03,-1.36,222.06,break below 222.21
2025-01-10,orb,AMZN,short,27,09:47,218.1845,220.1675,214.715,13:28,220.2336,stop,0.1683,-55.49,-1.131,218.35,break below 218.72
2025-01-13,orb,AMZN,long,35,09:55,219.0757,217.605,221.82,10:11,217.5397,stop,0.2175,-53.98,-1.098,219.01,break above 218.74
2025-01-14,orb,AMZN,long,45,09:47,221.6765,220.7,223.76,09:53,220.6338,stop,0.2835,-47.2,-1.028,221.72,break above 221.64
2025-01-15,orb,AMZN,short,45,10:59,221.4835,222.6125,219.455,14:28,222.6793,stop,0.2845,-54.09,-1.142,221.56,break below 221.78
2025-01-16,orb,AMZN,short,44,10:04,222.6532,223.67,220.49,11:01,223.7371,stop,0.2797,-47.97,-1.029,222.61,break below 222.71
2025-01-17,orb,AMZN,short,44,10:21,223.5079,224.7525,221.565,11:24,224.8199,stop,0.2807,-58.01,-1.241,223.69,break below 223.76
2025-01-21,orb,AMZN,short,40,09:47,228.4864,229.875,226.14,11:45,229.944,stop,0.2607,-58.56,-1.176,228.63,break below 228.76
2025-01-22,orb,AMZN,long,42,09:54,232.8198,231.9475,234.52,10:10,234.52,target,0.2808,71.13,1.975,232.805,break above 232.70
2025-01-23,orb,AMZN,long,37,09:49,234.2202,232.825,236.8,15:55,235.0895,time,0.248,31.91,0.651,234.15,break above 234.08
2025-01-24,orb,AMZN,long,42,09:53,236.2158,235.3,237.835,10:11,235.2294,stop,0.2816,-41.71,-1.175,236.145,break above 236.13
2025-01-28,orb,AMZN,long,42,09:50,235.9408,234.755,238.055,10:03,238.055,target,0.2849,88.51,1.916,235.855,break above 235.51
2025-01-30,orb,AMZN,long,28,09:57,237.9614,236.09,241.43,10:02,236.0192,stop,0.1884,-54.57,-1.095,237.87,break above 237.58
2025-01-31,orb,AMZN,long,41,09:48,239.0517,237.8025,241.455,14:43,237.7312,stop,0.2778,-54.42,-1.09,239.02,break above 239.00
2025-02-04,orb,AMZN,long,41,09:51,239.3218,238.59,240.6,10:07,240.6,target,0.281,52.13,1.898,239.26,break above 239.15
2025-02-05,orb,AMZN,long,42,10:01,237.8713,236.64,240.09,10:41,236.569,stop,0.2832,-54.98,-1.138,237.79,break above 237.76
2025-02-06,orb,AMZN,short,37,10:01,236.9889,238.385,234.38,13:53,238.4565,stop,0.2499,-54.55,-1.104,237.05,break below 237.30
2025-02-07,orb,AMZN,short,22,10:02,230.7707,233.125,226.45,15:55,229.8389,time,0.1448,20.36,0.416,230.9,break below 231.47
2025-02-10,orb,AMZN,long,38,10:02,231.7045,230.36,234.29,15:55,233.1,time,0.2526,52.78,1.06,231.67,break above 231.50
2025-02-11,orb,AMZN,short,43,11:00,231.5705,232.585,229.66,15:02,232.6698,stop,0.284,-47.55,-1.134,231.61,break below 231.76
2025-02-13,orb,AMZN,long,43,10:20,229.3088,228.38,230.96,11:52,228.2715,stop,0.28,-44.88,-1.214,229.24,break above 229.23
2025-02-14,orb,AMZN,short,43,10:26,228.0316,228.9325,226.345,12:54,229.0012,stop,0.2797,-41.97,-1.132,228.07,break below 228.10
2025-02-18,orb,AMZN,short,43,09:47,228.1265,228.655,227.335,10:01,227.335,target,0.2798,33.76,1.784,228.215,break below 228.22
2025-02-19,orb,AMZN,short,44,10:07,224.0328,225.1525,222.175,12:06,225.22,stop,0.2813,-52.52,-1.203,224.16,break below 224.19
2025-02-20,orb,AMZN,short,44,09:53,223.5579,224.5175,221.825,11:37,221.825,target,0.2808,75.97,1.924,223.62,break below 223.96
2025-02-21,orb,AMZN,short,45,09:49,221.5835,222.525,219.87,10:27,219.87,target,0.2847,76.82,1.929,221.64,break below 221.75
2025-02-24,orb,AMZN,short,36,09:51,215.3054,216.6675,212.595,15:55,213.0939,time,0.2215,79.39,1.625,215.31,break below 215.68
2025-02-25,orb,AMZN,short,45,09:48,210.4618,211.6675,208.405,10:18,208.405,target,0.2708,92.29,1.886,210.58,break below 210.77
2025-02-26,orb,AMZN,long,46,09:55,215.7147,214.9,217.21,10:17,217.21,target,0.2854,68.5,1.934,215.67,break above 215.59
2025-02-28,orb,AMZN,long,47,09:54,208.9027,207.905,210.86,12:50,207.8376,stop,0.2794,-50.34,-1.087,208.89,break above 208.81
2025-03-03,orb,AMZN,short,30,09:55,210.7568,212.455,207.52,13:28,207.52,target,0.1808,96.92,1.964,210.81,break below 210.91
2025-03-04,orb,AMZN,short,32,10:09,198.8103,200.285,195.68,11:33,200.3501,stop,0.1822,-49.45,-1.007,198.75,break below 199.03
2025-03-05,orb,AMZN,long,48,10:06,205.3616,204.4,207.19,11:41,204.3387,stop,0.2806,-49.38,-1.106,205.33,break above 205.32
2025-03-06,orb,AMZN,long,37,10:04,204.7664,203.3525,207.335,11:26,203.2915,stop,0.2152,-54.79,-1.115,204.68,break above 204.54
2025-03-07,orb,AMZN,long,46,09:52,201.1503,200.05,203.26,10:00,199.99,stop,0.2634,-53.64,-1.09,201.12,break above 201.11
2025-03-12,orb,AMZN,short,48,09:47,199.5201,200.6,197.51,10:32,197.51,target,0.2742,96.21,1.946,199.57,break below 199.70
2025-03-14,orb,AMZN,short,30,10:01,195.8112,197.5125,192.555,10:59,197.5718,stop,0.1683,-52.98,-1.069,195.86,break below 196.49
2025-03-17,orb,AMZN,short,50,09:47,197.8606,198.485,196.91,09:49,196.91,target,0.2833,47.25,1.8,197.96,break below 198.03
2025-03-19,orb,AMZN,long,51,09:57,193.7831,192.8325,195.435,10:56,192.7747,stop,0.2818,-51.71,-1.169,193.7,break above 193.66
2025-03-21,orb,AMZN,long,51,09:48,194.3383,193.38,196.14,13:49,196.14,target,0.2866,91.6,1.952,194.3,break above 194.19
2025-03-24,orb,AMZN,long,49,09:48,201.6205,200.8375,202.885,09:56,202.885,target,0.2845,61.68,1.844,201.52,break above 201.51
2025-03-25,orb,AMZN,long,48,09:57,205.2115,204.2025,207.21,10:03,204.1412,stop,0.2804,-51.66,-1.073,205.205,break above 205.17
2025-03-26,orb,AMZN,short,48,09:48,204.3687,205.21,202.63,09:57,202.63,target,0.2807,83.18,2.015,204.35,break below 204.41
2025-03-27,orb,AMZN,long,49,09:55,201.4104,200.19,203.22,10:53,203.22,target,0.285,88.39,1.786,201.2,break above 201.06
2025-03-28,orb,AMZN,short,44,10:05,196.9859,198.1775,194.795,10:27,194.795,target,0.2483,96.15,1.938,197.05,break below 197.13
2025-04-02,orb,AMZN,long,30,09:46,190.9073,189.1975,194.065,11:54,194.065,target,0.1668,94.57,1.943,190.82,break above 190.59
2025-04-10,orb,AMZN,short,36,10:02,183.5949,184.99,180.88,10:05,185.0455,stop,0.1897,-52.41,-1.063,183.62,break below 183.77
2025-04-15,orb,AMZN,long,36,09:52,182.3197,180.845,184.97,10:17,180.7907,stop,0.1869,-55.23,-1.116,182.22,break above 182.07
2025-04-16,orb,AMZN,short,51,09:56,176.0772,177.16,174.25,10:38,177.2131,stop,0.2581,-58.19,-1.176,176.19,break below 176.26
2025-04-21,orb,AMZN,short,56,09:46,167.7497,168.73,166.075,10:08,166.075,target,0.2704,93.51,1.887,167.845,break below 167.91
2025-04-22,orb,AMZN,long,58,09:46,170.9813,170.0675,172.55,10:48,172.55,target,0.2878,90.7,1.89,170.895,break above 170.72
2025-04-23,orb,AMZN,long,38,09:47,185.7657,184.425,188.28,10:21,184.3697,stop,0.2011,-53.25,-1.091,185.71,break above 185.48
2025-04-24,orb,AMZN,long,50,09:47,182.1496,181.025,183.98,10:34,183.98,target,0.264,91.25,1.853,182.01,break above 181.87
2025-04-25,orb,AMZN,short,46,09:50,185.9442,187.035,183.78,10:01,187.0911,stop,0.2454,-53.0,-1.062,185.95,break below 186.12
2025-04-28,orb,AMZN,long,47,09:47,190.187,189.08,192.23,09:55,189.0233,stop,0.2548,-54.95,-1.114,190.13,break above 190.10
2025-04-29,orb,AMZN,long,39,10:07,185.9858,184.7525,188.525,15:55,187.2338,time,0.2095,48.46,0.988,186.01,break above 185.81
2025-04-30,orb,AMZN,short,33,09:57,179.2412,180.86,176.435,10:20,180.9143,stop,0.1699,-55.38,-1.138,179.385,break below 179.63
2025-05-05,orb,AMZN,long,45,10:19,187.9264,186.665,189.995,15:24,186.609,stop,0.2409,-59.52,-1.192,187.775,break above 187.72
2025-05-06,orb,AMZN,long,37,10:20,186.566,185.1,189.15,13:44,185.0445,stop,0.1965,-56.49,-1.131,186.45,break above 186.30
2025-05-08,orb,AMZN,short,52,09:46,189.928,190.875,188.145,11:20,190.9323,stop,0.2832,-52.5,-1.11,189.965,break below 190.10
2025-05-09,orb,AMZN,short,51,09:54,192.9421,193.925,191.63,10:35,191.63,target,0.282,66.64,1.708,193.16,break below 193.17
2025-05-14,orb,AMZN,short,47,09:49,210.2969,211.14,208.59,10:23,211.2033,stop,0.2826,-42.89,-1.073,210.29,break below 210.40
2025-05-16,orb,AMZN,short,46,09:48,204.4386,205.5675,202.365,09:58,205.6292,stop,0.2691,-55.03,-1.121,204.5,break below 204.72
2025-05-20,orb,AMZN,short,48,09:51,204.3887,205.095,203.535,09:52,205.1565,stop,0.2807,-37.14,-1.488,204.575,break below 204.62
2025-05-21,orb,AMZN,long,49,10:29,201.7505,200.88,203.34,12:48,203.34,target,0.2851,77.6,1.931,201.7,break above 201.65
2025-05-22,orb,AMZN,long,49,09:51,201.8905,200.8475,203.78,12:13,203.78,target,0.2857,92.3,1.927,201.825,break above 201.52
2025-05-23,orb,AMZN,long,29,10:07,201.1103,199.315,204.46,15:55,201.0097,time,0.1669,-3.09,-0.062,201.03,break above 200.76
2025-05-27,orb,AMZN,long,38,10:13,204.8314,203.385,207.33,15:55,205.7083,time,0.2236,33.1,0.662,204.7,break above 204.57
2025-05-28,orb,AMZN,short,48,09:58,205.7483,206.8,203.8,15:55,204.4963,time,0.2825,59.81,1.246,205.8,break below 205.95
2025-05-29,orb,AMZN,short,48,09:46,206.758,207.865,204.82,11:58,204.82,target,0.2839,92.74,1.903,206.85,break below 206.93
2025-05-30,orb,AMZN,short,49,09:51,203.7589,204.5525,202.43,10:01,204.6139,stop,0.2857,-42.18,-1.217,203.845,break below 203.96
2025-06-02,orb,AMZN,short,48,09:51,204.2587,205.25,202.28,11:00,205.3216,stop,0.2805,-51.3,-1.08,204.26,break below 204.29
2025-06-04,orb,AMZN,short,48,10:03,206.0182,206.595,204.555,12:20,206.657,stop,0.2829,-30.95,-0.948,205.915,break below 205.97
2025-06-06,orb,AMZN,long,41,09:46,213.0139,211.635,215.25,10:23,211.5715,stop,0.248,-59.39,-1.202,212.84,break above 212.74
2025-06-09,orb,AMZN,long,40,10:21,215.1445,213.87,217.62,13:53,217.62,target,0.2486,98.77,1.975,215.12,break above 214.82
2025-06-10,orb,AMZN,short,46,09:55,215.9852,216.89,214.43,11:33,214.43,target,0.2838,71.25,1.889,216.07,break below 216.23
2025-06-11,orb,AMZN,short,46,09:46,216.51,217.6775,214.775,13:47,214.775,target,0.2845,79.53,1.787,216.71,break below 216.97
2025-06-12,orb,AMZN,long,47,09:46,212.5137,211.905,213.54,15:55,212.7262,time,0.2858,9.7,0.379,212.45,break above 212.44
2025-06-13,orb,AMZN,long,40,11:09,212.2136,210.8775,214.605,15:55,211.6715,time,0.242,-21.93,-0.441,212.12,break above 212.08
2025-06-16,orb,AMZN,long,36,09:57,213.9242,212.52,216.6,15:15,216.6,target,0.2227,96.11,1.963,213.88,break above 213.41
2025-06-17,orb,AMZN,long,46,09:47,216.835,215.8,218.5,10:35,215.7353,stop,0.2835,-50.87,-1.229,216.7,break above 216.60
2025-06-18,orb,AMZN,long,46,10:05,216.765,215.885,218.63,12:00,215.6953,stop,0.2835,-49.49,-1.176,216.8,break above 216.68
2025-06-20,orb,AMZN,short,46,09:51,213.126,214.185,211.11,10:06,211.11,target,0.2802,92.46,1.961,213.16,break below 213.51
2025-06-23,orb,AMZN,long,30,10:07,210.3681,208.6425,213.6,10:56,208.5799,stop,0.1789,-53.82,-1.086,210.295,break above 209.84
2025-06-24,orb,AMZN,long,41,09:47,213.6441,212.31,215.94,10:08,212.2463,stop,0.2487,-57.56,-1.16,213.52,break above 213.47
2025-06-25,orb,AMZN,short,38,11:03,213.391,214.7475,210.855,15:55,211.8185,time,0.2317,59.52,1.207,213.45,break below 213.48
2025-06-26,orb,AMZN,short,47,09:50,212.3013,213.1075,210.685,10:00,213.1714,stop,0.2852,-41.18,-1.085,212.3,break below 212.49
2025-06-27,orb,AMZN,long,45,09:57,221.5164,220.5725,223.265,10:25,220.5063,stop,0.2833,-45.74,-1.132,221.47,break above 221.36
2025-06-30,orb,AMZN,short,44,09:49,221.5985,222.8375,219.44,12:31,219.44,target,0.2784,94.7,1.9,221.705,break below 221.88
2025-07-01,orb,AMZN,long,45,10:16,220.4461,219.51,222.18,10:28,219.4441,stop,0.282,-45.37,-1.133,220.4,break above 220.34
2025-07-02,orb,AMZN,long,45,09:49,220.166,219.555,221.145,09:57,219.4891,stop,0.2821,-30.74,-1.289,220.085,break above 220.02
2025-07-03,orb,AMZN,short,38,10:22,221.4236,222.81,218.88,11:31,222.8868,stop,0.2402,-55.85,-1.122,221.5,break below 221.62
2025-07-07,orb,AMZN,long,44,09:52,223.9672,223.095,225.6,10:01,223.0281,stop,0.2801,-41.6,-1.132,223.93,break above 223.78
2025-07-08,orb,AMZN,short,44,09:50,222.3033,223.29,220.635,10:49,220.635,target,0.2792,73.13,1.878,222.405,break below 222.61
2025-07-09,orb,AMZN,long,39,09:46,222.9169,221.56,225.34,10:55,221.4935,stop,0.2466,-55.76,-1.135,222.82,break above 222.46
2025-07-10,orb,AMZN,short,45,09:46,220.9237,221.725,219.34,11:27,221.7915,stop,0.2838,-39.34,-1.1,220.93,break below 221.17
2025-07-11,orb,AMZN,long,41,11:00,225.0475,223.5625,227.155,15:55,225.4024,time,0.2637,14.29,0.291,224.76,break above 224.75
2025-07-14,orb,AMZN,long,44,10:00,226.0528,225.21,227.58,10:14,225.1424,stop,0.2827,-40.34,-1.16,226.0,break above 225.97
2025-07-16,orb,AMZN,short,41,11:21,223.6129,224.9375,221.345,15:55,223.1769,time,0.2617,17.61,0.359,223.74,break below 223.82
2025-07-17,orb,AMZN,long,44,09:50,224.1772,223.2725,225.605,10:10,223.2055,stop,0.2803,-43.04,-1.258,224.05,break above 223.88
2025-07-18,orb,AMZN,short,44,09:53,224.3527,224.9525,223.565,10:17,223.565,target,0.2817,34.38,1.689,224.49,break below 224.57
2025-07-21,orb,AMZN,long,43,09:57,227.8383,226.785,229.995,15:55,229.2712,time,0.2812,61.33,1.333,227.855,break above 227.78
2025-07-22,orb,AMZN,short,43,09:48,228.3665,229.4675,226.4,12:28,226.4,target,0.2801,84.28,1.917,228.445,break below 228.94
2025-07-23,orb,AMZN,short,43,09:47,227.5417,228.245,226.34,09:48,228.3135,stop,0.2791,-33.46,-1.226,227.61,break below 227.76
2025-07-24,orb,AMZN,long,22,09:47,232.6448,230.265,236.97,15:55,232.1403,time,0.1456,-11.24,-0.229,232.5,break above 231.87
2025-07-25,orb,AMZN,short,43,10:28,231.2806,231.795,230.37,10:45,231.8645,stop,0.2836,-25.39,-1.243,231.32,break below 231.33
2025-07-29,orb,AMZN,short,39,09:47,232.3003,233.6175,229.815,15:55,230.8692,time,0.2583,55.55,1.124,232.35,break below 232.51
2025-07-30,orb,AMZN,short,43,10:01,230.3409,231.16,229.255,15:55,229.7989,time,0.2825,23.02,0.843,230.525,break below 230.66
2025-08-04,orb,AMZN,short,32,10:11,214.2157,215.88,211.2,15:55,212.0486,time,0.1959,69.15,1.385,214.32,break below 214.39
2025-08-05,orb,AMZN,long,31,09:55,216.3149,214.445,219.23,10:31,214.3807,stop,0.1899,-60.15,-1.217,216.04,break above 215.95
2025-08-06,orb,AMZN,short,46,09:58,213.7359,214.25,212.96,10:01,214.3143,stop,0.281,-26.89,-1.359,213.82,break below 213.83
2025-08-08,orb,AMZN,short,44,10:03,222.3733,223.1675,220.895,10:09,223.2345,stop,0.2793,-38.17,-1.145,222.41,break below 222.57
2025-08-11,orb,AMZN,short,45,09:47,220.9037,222.045,219.03,12:17,222.1116,stop,0.2838,-54.64,-1.208,221.04,break below 221.07
2025-08-12,orb,AMZN,short,38,09:46,221.0137,222.3825,218.475,13:50,222.4492,stop,0.2398,-54.79,-1.107,221.08,break below 221.30
2025-08-13,orb,AMZN,long,38,09:49,224.7174,223.435,227.35,10:07,223.368,stop,0.2423,-51.52,-1.039,224.74,break above 224.71
2025-08-15,orb,AMZN,short,34,09:47,231.3606,232.7,228.38,15:55,231.0393,time,0.2243,10.7,0.219,231.26,break below 231.34
2025-08-18,orb,AMZN,short,43,09:47,229.2112,230.11,227.53,10:23,230.179,stop,0.2811,-41.9,-1.133,229.25,break below 229.30
2025-08-19,orb,AMZN,short,43,09:46,228.8863,229.7975,227.435,14:43,227.42,target,0.2807,62.77,1.854,229.01,break below 229.09
2025-08-20,orb,AMZN,short,44,09:46,224.9825,226.2175,222.82,10:06,222.77,target,0.2825,97.07,1.948,225.085,break below 225.22
2025-08-21,orb,AMZN,short,45,09:46,220.7538,221.9,218.72,10:13,221.9666,stop,0.2836,-54.86,-1.15,220.84,break below 221.04
2025-08-22,orb,AMZN,short,45,09:55,221.6135,222.405,220.26,10:00,222.4717,stop,0.2847,-38.9,-1.209,221.69,break below 221.78
2025-08-25,orb,AMZN,short,43,09:46,227.4318,228.275,225.74,09:56,228.3435,stop,0.279,-39.48,-1.087,227.43,break below 227.47
2025-08-26,orb,AMZN,short,44,09:46,226.8219,227.545,225.52,10:16,227.6133,stop,0.2848,-35.1,-1.182,226.87,break below 226.95
2025-08-28,orb,AMZN,short,43,09:50,228.5564,229.84,226.45,10:10,229.909,stop,0.2804,-58.44,-1.203,228.71,break below 228.86
2025-08-29,orb,AMZN,short,43,09:46,229.991,231.225,227.97,15:55,228.5686,time,0.2821,60.88,1.305,230.14,break below 230.68
2025-09-05,orb,AMZN,long,42,09:52,235.3706,234.615,236.64,10:19,234.5446,stop,0.2808,-34.97,-1.234,235.29,break above 235.19
2025-09-08,orb,AMZN,long,42,10:31,235.7707,234.6625,237.805,15:55,235.8892,time,0.2824,4.69,0.107,235.71,break above 235.47
2025-09-09,orb,AMZN,long,42,09:46,236.4709,235.715,237.5,10:27,235.6093,stop,0.2821,-36.47,-1.459,236.31,break above 236.28
2025-09-11,orb,AMZN,short,43,10:23,229.4112,230.4925,227.545,10:39,230.5616,stop,0.2814,-49.75,-1.178,229.51,break below 229.52
2025-09-12,orb,AMZN,short,41,09:53,228.5814,229.6325,226.055,10:36,229.7014,stop,0.2673,-46.19,-0.945,228.44,break below 228.55
2025-09-15,orb,AMZN,long,43,10:55,232.2747,231.25,234.025,13:21,231.1806,stop,0.2835,-47.33,-1.19,232.175,break above 232.12
2025-09-16,orb,AMZN,long,42,10:10,234.3303,233.2075,236.365,15:55,234.3997,time,0.2807,2.63,0.06,234.26,break above 234.13
2025-09-17,orb,AMZN,short,36,09:49,231.3656,232.835,228.68,15:55,231.4894,time,0.2375,-4.7,-0.094,231.45,break below 231.52
2025-09-18,orb,AMZN,short,28,09:46,228.8513,230.8925,225.665,10:03,230.9618,stop,0.1828,-59.28,-1.215,229.15,break below 229.38
2025-09-19,orb,AMZN,long,42,10:00,233.26,232.5275,234.455,14:11,232.4577,stop,0.2784,-33.97,-1.259,233.17,break above 233.12
2025-09-24,orb,AMZN,short,35,09:50,221.7934,223.22,218.99,15:55,220.036,time,0.2216,61.29,1.242,221.81,break below 221.99
2025-09-25,orb,AMZN,long,41,10:22,220.6862,219.3675,223.005,11:01,219.3017,stop,0.2568,-57.02,-1.147,220.58,break above 220.51
2025-09-26,orb,AMZN,long,35,10:00,220.8812,219.4275,223.605,10:07,219.3617,stop,0.2192,-53.4,-1.096,220.82,break above 220.81
2025-09-29,orb,AMZN,long,42,09:54,221.6865,220.305,223.8,15:55,222.0234,time,0.2662,13.88,0.284,221.47,break above 221.31
2025-09-30,orb,AMZN,short,33,09:51,219.0743,220.635,216.195,15:55,220.036,time,0.2065,-31.94,-0.654,219.155,break below 219.16
2025-10-01,orb,AMZN,long,28,10:06,220.046,218.24,223.52,15:55,220.1339,time,0.176,2.29,0.046,220.0,break above 219.79
2025-10-08,orb,AMZN,long,40,10:33,223.5871,222.28,226.0,13:42,226.04,target,0.258,97.86,1.973,223.52,break above 223.37
2025-10-09,orb,AMZN,short,37,09:51,222.2833,223.7025,219.735,11:49,223.7696,stop,0.2348,-55.23,-1.129,222.38,break below 222.47
2025-10-10,orb,AMZN,long,41,09:46,228.2385,227.045,230.63,09:50,226.9769,stop,0.2655,-51.99,-1.061,228.24,break above 228.01
2025-10-13,orb,AMZN,long,38,09:50,219.5408,218.175,222.09,15:55,220.3539,time,0.2391,30.66,0.618,219.48,break above 219.26
2025-10-14,orb,AMZN,long,35,10:05,215.4846,214.0275,218.295,12:20,218.295,target,0.2182,98.14,1.971,215.45,break above 215.41
2025-10-15,orb,AMZN,short,38,10:36,215.4254,216.82,212.89,13:15,212.89,target,0.2339,96.11,1.931,215.51,break below 215.95
2025-10-16,orb,AMZN,long,31,09:46,218.3055,216.68,221.39,11:28,216.615,stop,0.1918,-52.6,-1.081,218.25,break above 218.00
2025-10-17,orb,AMZN,short,42,10:53,212.5112,213.7225,210.175,14:20,213.7866,stop,0.2551,-53.82,-1.084,212.54,break below 212.69
2025-10-20,orb,AMZN,long,46,09:47,214.9245,214.15,216.355,14:56,216.36,target,0.2843,65.75,1.945,214.885,break above 214.69
2025-10-21,orb,AMZN,long,42,09:54,220.4111,219.135,222.69,12:20,222.69,target,0.267,95.45,1.918,220.32,break above 220.27
2025-10-22,orb,AMZN,short,45,09:48,218.0746,219.1475,216.665,11:45,219.2132,stop,0.2803,-51.52,-1.384,218.32,break below 218.34
2025-10-23,orb,AMZN,long,37,09:46,220.6962,219.235,223.21,10:20,219.1692,stop,0.2316,-56.73,-1.157,220.56,break above 220.29
2025-10-24,orb,AMZN,long,44,09:46,224.0072,222.895,225.88,15:55,224.2077,time,0.2816,8.54,0.195,223.89,break above 223.84
2025-10-27,orb,AMZN,long,43,10:06,228.2234,227.4,230.13,10:13,227.3318,stop,0.2789,-38.62,-0.987,228.31,break above 228.18
2025-10-28,orb,AMZN,short,44,09:48,227.0469,227.885,225.47,10:01,227.9534,stop,0.285,-40.17,-1.134,227.08,break below 227.21
2025-10-29,orb,AMZN,short,31,09:46,229.5111,231.23,226.43,11:25,231.2994,stop,0.2029,-55.64,-1.122,229.63,break below 229.64
2025-10-30,orb,AMZN,long,33,09:59,227.0881,225.465,230.01,12:35,225.3974,stop,0.2123,-56.01,-1.12,226.98,break above 226.94
2025-10-31,orb,AMZN,short,24,10:09,246.596,248.685,242.46,11:32,248.7596,stop,0.1685,-52.1,-1.046,246.61,break below 246.99
2025-11-03,orb,AMZN,short,26,09:55,254.7835,256.795,251.17,10:12,256.872,stop,0.1885,-54.49,-1.118,254.92,break below 255.04
2025-11-04,orb,AMZN,long,27,09:51,253.1959,251.3925,256.755,11:53,251.3171,stop,0.1931,-50.92,-1.055,253.18,break above 253.06
2025-11-05,orb,AMZN,long,35,10:25,248.8246,247.37,251.645,15:55,250.5248,time,0.2496,59.26,1.188,248.795,break above 248.56
2025-11-06,orb,AMZN,short,38,09:55,248.0556,249.4525,245.545,10:37,245.545,target,0.2684,95.13,1.922,248.15,break below 248.56
2025-11-10,orb,AMZN,short,24,10:30,247.9456,250.0325,243.995,15:55,248.6846,time,0.1694,-17.91,-0.371,248.02,break below 248.34
2025-11-11,orb,AMZN,long,40,09:58,249.1547,248.44,250.315,10:06,248.3655,stop,0.2828,-31.85,-1.274,249.065,break above 249.03
2025-11-12,orb,AMZN,short,40,09:46,247.9956,249.35,246.05,10:14,246.05,target,0.2824,77.54,1.762,248.25,break below 248.34
2025-11-13,orb,AMZN,short,34,09:48,240.7927,242.3275,238.015,09:54,242.4027,stop,0.2332,-54.97,-1.125,240.89,break below 240.94
2025-11-14,orb,AMZN,long,36,09:52,235.6707,234.265,238.42,10:51,238.42,target,0.2446,98.73,1.98,235.65,break above 235.59
2025-11-17,orb,AMZN,short,28,09:59,231.0807,232.98,227.73,11:32,233.0499,stop,0.1845,-55.32,-1.129,231.23,break below 231.43
2025-11-18,orb,AMZN,short,37,09:50,227.4417,228.965,224.99,10:01,224.99,target,0.2401,90.47,1.845,227.64,break below 227.74
2025-11-20,orb,AMZN,short,44,09:46,225.2724,226.2525,223.68,09:48,226.3204,stop,0.2829,-46.39,-1.23,225.395,break below 225.43
2025-11-21,orb,AMZN,long,38,09:55,217.7253,216.435,220.335,10:03,216.3701,stop,0.2349,-51.73,-1.047,217.735,break above 217.58
2025-11-24,orb,AMZN,long,28,09:48,225.6577,223.97,229.175,15:55,227.0869,time,0.1814,39.84,0.82,225.705,break above 225.62
2025-11-25,orb,AMZN,short,30,09:48,224.0228,225.705,220.71,09:52,225.7727,stop,0.1918,-52.69,-1.055,224.04,break below 224.11
2025-11-26,orb,AMZN,long,41,11:03,231.0193,229.74,233.37,13:09,229.6711,stop,0.2686,-55.55,-1.12,230.95,break above 230.69
2025-12-01,orb,AMZN,short,28,10:35,232.3453,234.205,229.015,10:58,234.2753,stop,0.1855,-54.23,-1.119,232.475,break below 232.63
2025-12-02,orb,AMZN,long,42,10:15,235.6807,234.795,237.39,10:28,234.7246,stop,0.281,-40.44,-1.113,235.66,break above 235.53
2025-12-05,orb,AMZN,short,43,09:49,229.941,230.575,228.835,09:53,230.6442,stop,0.282,-30.52,-1.224,229.995,break below 230.00
2025-12-08,orb,AMZN,short,43,10:24,228.7813,229.905,226.83,13:58,226.83,target,0.2806,83.63,1.897,228.88,break below 229.00
2025-12-09,orb,AMZN,long,44,09:57,227.1531,226.06,229.15,15:55,227.6417,time,0.2858,21.21,0.468,227.09,break above 226.96
2025-12-10,orb,AMZN,long,24,09:49,232.2296,230.1,236.28,11:02,230.031,stop,0.1575,-52.93,-1.071,232.16,break above 231.73
2025-12-11,orb,AMZN,short,36,11:10,229.5011,230.7775,226.705,15:55,230.029,time,0.2357,-19.24,-0.394,229.42,break below 229.47
2025-12-12,orb,AMZN,short,43,09:46,227.9416,229.11,225.93,11:11,225.93,target,0.2796,86.22,1.892,228.05,break below 228.21
2025-12-15,orb,AMZN,short,31,09:46,224.6026,226.29,221.55,15:55,222.2166,time,0.1987,73.77,1.506,224.71,break below 224.76
2025-12-16,orb,AMZN,short,45,10:26,221.9834,222.8525,220.475,10:32,222.9419,stop,0.2852,-43.42,-1.217,222.06,break below 222.07
2025-12-17,orb,AMZN,short,34,09:47,222.8331,224.37,219.96,09:59,224.5223,stop,0.2163,-57.65,-1.153,222.9,break below 223.60
2025-12-18,orb,AMZN,long,39,09:58,226.768,225.445,229.21,11:18,229.21,target,0.255,94.98,1.941,226.7,break above 226.48
2025-12-19,orb,AMZN,long,43,09:52,227.4782,226.515,229.59,10:15,226.447,stop,0.2778,-44.62,-1.012,227.54,break above 227.39
2025-12-22,orb,AMZN,short,44,10:59,226.7969,227.76,225.03,12:00,227.8283,stop,0.2847,-45.67,-1.141,226.85,break below 227.00
2025-12-23,orb,AMZN,long,35,09:46,231.3994,229.9775,234.17,10:24,229.9085,stop,0.2295,-52.41,-1.072,231.375,break above 231.22
2025-12-24,orb,AMZN,short,43,10:04,231.4405,231.99,230.52,10:15,232.0596,stop,0.2838,-26.9,-1.277,231.5,break below 231.64
2025-12-29,orb,AMZN,long,43,09:50,232.2847,231.485,233.51,10:14,231.4156,stop,0.2838,-37.66,-1.297,232.16,break above 232.13
2025-12-30,orb,AMZN,long,43,09:57,232.1696,231.08,234.23,10:15,231.0107,stop,0.2833,-50.12,-1.11,232.13,break above 231.88
2025-12-31,orb,AMZN,short,43,10:33,231.6605,232.355,230.51,15:55,231.0993,time,0.2841,23.85,0.902,231.74,break below 231.78
2026-01-06,orb,AMZN,long,31,09:50,235.3206,233.63,238.4,10:43,238.4,target,0.2106,95.25,1.932,235.22,break above 235.14
2026-01-08,orb,AMZN,long,35,09:53,244.5483,243.0225,247.245,10:04,242.9496,stop,0.2422,-56.2,-1.141,244.43,break above 244.11
2026-01-09,orb,AMZN,short,33,10:07,242.7272,244.28,239.84,10:20,244.3533,stop,0.2282,-53.89,-1.103,242.8,break below 243.10
2026-01-13,orb,AMZN,short,28,10:16,244.2317,246.0975,240.795,14:05,240.795,target,0.1948,96.03,1.94,244.33,break below 244.56
2026-01-14,orb,AMZN,short,36,09:46,238.2585,239.74,235.6,10:17,239.8119,stop,0.2444,-56.17,-1.131,238.36,break below 238.50
2026-01-15,orb,AMZN,short,37,09:52,236.709,238.18,234.13,10:30,238.2515,stop,0.2496,-57.32,-1.148,236.83,break below 237.06
2026-01-16,orb,AMZN,short,41,09:47,237.1088,238.335,234.69,12:47,238.4065,stop,0.2771,-53.48,-1.074,237.12,break below 237.17
2026-01-20,orb,AMZN,long,32,10:26,234.6004,232.995,237.6,12:33,232.9251,stop,0.2125,-53.82,-1.096,234.53,break above 234.38
2026-01-21,orb,AMZN,long,35,09:56,231.4194,230.0,234.2,11:37,229.931,stop,0.2295,-52.32,-1.068,231.4,break above 231.29
2026-01-22,orb,AMZN,short,32,09:49,231.8154,233.3975,228.815,10:38,233.4675,stop,0.2115,-53.08,-1.086,231.87,break below 232.39
2026-01-23,orb,AMZN,long,42,10:03,236.801,235.6025,238.79,10:52,238.79,target,0.2858,83.25,1.866,236.665,break above 236.56
2026-01-27,orb,AMZN,long,39,10:13,240.4521,239.1525,242.925,13:26,242.925,target,0.2699,96.17,1.961,240.41,break above 240.21
2026-01-28,orb,AMZN,long,39,09:56,247.4492,246.1075,249.865,10:10,246.0337,stop,0.2732,-55.48,-1.136,247.36,break above 247.10
2026-01-29,orb,AMZN,short,41,09:47,240.6478,241.8325,238.285,10:00,238.285,target,0.2811,96.59,1.992,240.65,break below 240.72
2026-01-30,orb,AMZN,long,23,09:52,242.3127,240.14,246.44,11:23,240.068,stop,0.1573,-51.79,-1.072,242.24,break above 241.66
2026-02-02,orb,AMZN,long,27,09:49,241.7925,239.8725,245.415,10:22,245.415,target,0.1887,97.62,1.957,241.72,break above 241.38
2026-02-03,orb,AMZN,short,26,09:55,242.5872,244.5825,238.935,10:11,238.935,target,0.1797,94.78,1.936,242.7,break below 242.91
2026-02-04,orb,AMZN,short,23,09:59,235.2694,237.4825,231.025,10:15,237.5537,stop,0.1542,-52.69,-1.064,235.33,break below 236.20
2026-02-12,orb,AMZN,short,45,09:46,201.9394,203.13,199.83,10:43,199.83,target,0.2601,94.66,1.912,202.03,break below 202.45
2026-02-13,orb,AMZN,long,35,11:09,199.8399,198.41,202.61,15:26,198.3505,stop,0.1988,-52.33,-1.068,199.81,break above 199.51
2026-02-19,orb,AMZN,long,42,09:57,205.1715,203.92,207.43,10:27,203.8588,stop,0.245,-55.38,-1.127,205.09,break above 204.97
2026-02-20,orb,AMZN,long,26,09:46,207.3322,205.32,211.05,11:02,211.05,target,0.1569,96.51,1.943,207.23,break above 206.82
2026-02-23,orb,AMZN,short,37,09:46,205.5083,207.015,202.98,15:55,204.8914,time,0.2175,22.61,0.454,205.67,break below 205.68
2026-02-24,orb,AMZN,long,33,09:46,206.3619,204.7925,209.255,10:00,204.7311,stop,0.1933,-54.01,-1.1,206.28,break above 206.22
2026-02-25,orb,AMZN,long,47,10:02,211.5735,210.505,213.655,10:07,210.4418,stop,0.2828,-53.47,-1.083,211.555,break above 211.38
2026-02-26,orb,AMZN,short,47,09:46,209.6071,210.4075,208.195,10:16,208.195,target,0.2817,66.09,1.907,209.67,break below 209.79
2026-02-27,orb,AMZN,long,39,10:14,207.7323,206.345,210.17,15:55,209.7471,time,0.2339,78.34,1.575,207.62,break above 207.46
2026-03-03,orb,AMZN,long,48,09:46,204.8914,203.885,206.57,09:58,203.8238,stop,0.28,-51.53,-1.199,204.78,break above 204.71
2026-03-04,orb,AMZN,long,47,09:48,212.4137,211.315,214.36,09:53,214.36,target,0.2879,91.19,1.911,212.33,break above 212.32
2026-03-06,orb,AMZN,short,40,09:56,214.7256,216.1675,212.485,10:59,216.2324,stop,0.2454,-60.52,-1.233,214.94,break below 215.06
2026-03-10,orb,AMZN,long,39,10:27,214.8444,213.49,217.3,15:55,214.0058,time,0.2385,-32.95,-0.665,214.76,break above 214.55
2026-03-11,orb,AMZN,short,46,09:47,215.3254,216.42,213.45,10:00,216.4849,stop,0.283,-53.62,-1.177,215.43,break below 215.89
2026-03-12,orb,AMZN,short,38,11:11,208.7574,210.105,206.175,12:00,210.168,stop,0.2268,-53.83,-1.081,208.795,break below 208.85
2026-03-13,orb,AMZN,long,36,09:46,210.3531,208.9125,212.985,10:03,208.8498,stop,0.215,-54.33,-1.112,210.27,break above 210.22
2026-03-16,orb,AMZN,long,41,10:12,209.8729,208.66,212.29,10:38,208.5974,stop,0.2446,-52.54,-1.059,209.87,break above 209.86
2026-03-17,orb,AMZN,long,43,09:56,214.7044,213.585,217.05,10:17,213.5209,stop,0.2624,-51.15,-1.03,214.74,break above 214.70
2026-03-18,orb,AMZN,short,46,09:54,213.281,214.3175,211.445,11:41,211.445,target,0.2804,84.18,1.911,213.36,break below 213.59
2026-03-19,orb,AMZN,long,43,09:50,208.3625,207.145,210.61,10:19,207.0829,stop,0.2547,-55.28,-1.113,208.3,break above 208.24
2026-03-23,orb,AMZN,long,40,09:53,211.9736,210.66,214.32,11:55,210.5968,stop,0.2408,-55.31,-1.133,211.88,break above 211.76
2026-03-25,orb,AMZN,short,47,10:11,211.2816,212.1925,209.665,10:20,212.2562,stop,0.2839,-46.09,-1.164,211.35,break below 211.38
2026-03-26,orb,AMZN,long,33,10:00,210.7832,209.21,213.68,13:22,209.1472,stop,0.1973,-54.18,-1.102,210.7,break above 210.61
2026-03-30,orb,AMZN,short,49,09:49,200.5998,201.53,198.95,09:59,201.6605,stop,0.2814,-52.25,-1.24,200.67,break below 200.71
2026-03-31,orb,AMZN,long,36,09:50,206.862,205.4575,209.575,10:42,205.3959,stop,0.2115,-52.99,-1.073,206.83,break above 206.76
2026-04-01,orb,AMZN,short,35,09:46,208.7074,210.1575,205.905,10:01,210.2205,stop,0.2089,-53.17,-1.072,208.74,break below 209.01
2026-04-02,orb,AMZN,long,35,09:58,207.6623,206.23,210.43,10:36,210.43,target,0.2106,96.66,1.973,207.63,break above 207.53
2026-04-06,orb,AMZN,long,33,09:46,212.1836,210.695,215.12,15:55,212.4962,time,0.2004,10.12,0.208,212.17,break above 211.73
2026-04-07,orb,AMZN,short,47,10:03,210.5368,211.55,208.64,12:02,211.6135,stop,0.2829,-50.89,-1.116,210.58,break below 210.60
2026-04-09,orb,AMZN,long,43,09:46,225.6677,224.395,227.83,10:26,224.3277,stop,0.2753,-57.9,-1.176,225.54,break above 225.48
2026-04-13,orb,AMZN,short,42,09:46,235.9892,237.155,233.72,09:49,237.2261,stop,0.2825,-52.24,-1.086,236.01,break below 236.14
2026-04-15,orb,AMZN,short,32,10:40,247.2158,248.8325,244.205,12:20,248.9071,stop,0.2252,-54.35,-1.101,247.29,break below 247.31
2026-04-17,orb,AMZN,long,24,10:46,256.1668,254.035,260.26,11:19,253.9588,stop,0.1734,-53.17,-1.068,256.11,break above 255.85
2026-04-20,orb,AMZN,short,29,10:05,246.8459,248.5,243.49,14:53,248.5746,stop,0.2038,-50.33,-1.039,246.83,break below 246.92
2026-04-21,orb,AMZN,short,25,11:02,251.1746,253.275,247.5,15:55,249.5148,time,0.1787,41.32,0.859,251.35,break below 251.56
2026-04-22,orb,AMZN,long,39,09:55,252.5207,251.2925,254.645,14:33,254.645,target,0.2826,82.56,1.894,252.41,break above 252.22
2026-04-23,orb,AMZN,long,39,10:31,256.0618,254.9425,258.025,11:00,258.025,target,0.2862,76.28,1.904,255.97,break above 255.96
2026-04-24,orb,AMZN,long,30,10:24,260.9983,259.29,264.195,15:12,264.195,target,0.2253,95.68,1.951,260.925,break above 260.87
2026-04-27,orb,AMZN,short,38,09:46,261.5365,262.9025,258.98,10:35,262.9814,stop,0.2826,-55.19,-1.111,261.595,break below 261.73
2026-04-28,orb,AMZN,long,33,09:47,259.5378,257.775,262.26,15:55,259.3422,time,0.2434,-6.7,-0.136,259.27,break above 258.82
2026-04-29,orb,AMZN,long,29,09:50,261.0783,259.2375,264.33,10:24,264.33,target,0.2179,94.08,1.911,260.935,break above 260.74
2026-05-01,orb,AMZN,long,24,09:51,266.2999,264.335,270.38,10:01,270.38,target,0.1844,97.74,2.021,266.35,break above 265.85
2026-05-05,orb,AMZN,long,33,09:49,278.5635,276.975,281.52,09:54,276.8919,stop,0.2595,-55.42,-1.109,278.49,break above 278.40
2026-05-06,orb,AMZN,long,33,09:49,275.3126,273.71,278.15,09:51,273.6279,stop,0.2565,-55.85,-1.144,275.19,break above 275.17
2026-05-07,orb,AMZN,short,29,09:50,273.248,275.0025,269.97,15:55,270.9613,time,0.2251,66.09,1.359,273.325,break below 273.40
2026-05-08,orb,AMZN,long,36,09:47,272.1416,270.965,274.25,15:55,273.5829,time,0.2798,51.61,1.309,272.06,break above 271.98
2026-05-11,orb,AMZN,long,23,09:46,273.1619,271.0575,277.515,10:51,270.9762,stop,0.1771,-50.45,-1.019,273.21,break above 272.91
2026-05-12,orb,AMZN,short,31,10:02,264.4356,266.04,261.33,15:51,266.1198,stop,0.233,-52.44,-1.078,264.47,break below 264.55
2026-05-13,orb,AMZN,long,37,09:54,265.5196,264.3175,267.655,11:36,267.655,target,0.2815,78.73,1.913,265.43,break above 265.40
2026-05-14,orb,AMZN,long,36,09:46,270.7212,269.41,272.86,09:53,269.3292,stop,0.2755,-50.39,-1.217,270.56,break above 270.41
2026-05-15,orb,AMZN,long,38,09:57,263.1489,261.9325,265.465,11:49,261.8539,stop,0.2829,-49.49,-1.106,263.11,break above 262.81
2026-05-19,orb,AMZN,short,30,09:46,259.1222,260.83,255.94,11:23,255.94,target,0.2211,95.25,1.948,259.2,break below 259.52
2026-05-20,orb,AMZN,long,30,09:47,262.5587,260.74,265.6,09:56,260.6618,stop,0.2224,-57.13,-1.176,262.36,break above 261.87
2026-05-21,orb,AMZN,long,31,10:56,264.5543,262.8975,267.645,13:34,267.645,target,0.2358,95.57,1.948,264.48,break above 264.39
2026-05-22,orb,AMZN,short,37,10:01,267.9096,268.915,265.81,11:09,268.9957,stop,0.2817,-40.47,-1.057,267.88,break below 268.08
2026-05-26,orb,AMZN,short,37,09:49,266.7,268.015,264.37,10:08,268.0954,stop,0.2805,-51.91,-1.155,266.8,break below 266.82
2026-05-27,orb,AMZN,long,27,10:02,269.1407,267.1675,272.575,15:55,271.1786,time,0.208,54.82,1.126,268.97,break above 268.60
2026-05-28,orb,AMZN,short,23,09:47,268.2095,270.4875,264.105,10:53,270.5686,stop,0.1753,-54.44,-1.112,268.36,break below 268.70
2026-06-02,orb,AMZN,long,28,10:29,257.9274,256.11,261.42,15:55,257.1328,time,0.2048,-22.45,-0.453,257.88,break above 257.83
2026-06-03,orb,AMZN,short,24,10:20,253.154,255.265,249.25,11:40,249.25,target,0.1729,93.52,1.944,253.26,break below 253.44
2026-06-04,orb,AMZN,long,39,09:58,254.3963,253.025,256.85,15:55,253.394,time,0.2812,-39.37,-0.792,254.3,break above 254.22
2026-06-05,orb,AMZN,short,31,09:55,253.324,254.9,250.1,14:15,250.1,target,0.2235,99.72,2.01,253.3,break below 253.50
2026-06-08,orb,AMZN,short,31,10:17,246.1861,247.87,243.16,15:55,245.4236,time,0.2173,23.42,0.481,246.3,break below 246.40
2026-06-10,orb,AMZN,short,39,09:47,241.4725,242.815,239.005,11:15,239.005,target,0.2683,95.97,1.938,241.545,break below 241.70
2026-06-11,orb,AMZN,long,29,10:02,238.7116,236.9525,242.045,10:20,236.8814,stop,0.1958,-53.27,-1.082,238.65,break above 238.36
2026-06-15,orb,AMZN,long,33,09:48,247.5943,246.055,250.57,10:04,245.9812,stop,0.2311,-53.46,-1.076,247.56,break above 247.36
2026-06-16,orb,AMZN,short,40,10:00,246.4061,247.4225,244.505,10:52,247.4967,stop,0.2806,-43.91,-1.129,246.45,break below 246.47
2026-06-22,orb,AMZN,short,35,09:52,239.2882,240.765,236.58,10:22,236.58,target,0.2386,94.55,1.936,239.37,break below 239.55
2026-06-23,orb,AMZN,long,29,09:49,235.3106,233.555,238.7,11:30,233.4849,stop,0.193,-53.14,-1.068,235.27,break above 235.11
2026-06-26,orb,AMZN,long,30,10:06,229.2287,227.5425,232.395,11:30,232.395,target,0.1988,94.79,1.953,229.16,break above 228.96
2026-06-30,orb,AMZN,long,29,10:35,240.6422,238.82,243.92,10:53,238.7484,stop,0.1973,-55.12,-1.118,240.52,break above 240.44
2026-07-01,orb,AMZN,short,18,09:46,235.4194,238.1875,229.9,09:55,238.259,stop,0.1208,-51.23,-1.03,235.425,break below 236.44
2026-07-02,orb,AMZN,long,26,10:32,244.8234,242.875,248.59,15:04,242.8021,stop,0.1798,-52.73,-1.065,244.78,break above 244.63
2026-07-07,orb,AMZN,long,31,09:53,247.8743,246.2525,250.97,10:07,246.1786,stop,0.2173,-52.78,-1.083,247.825,break above 247.78
2026-07-15,orb,AMZN,long,29,10:04,253.296,251.435,256.52,15:55,255.0835,time,0.2105,51.63,1.05,253.13,break above 252.89
2026-07-20,orb,AMZN,long,39,09:46,250.2801,249.1975,252.295,09:56,249.1227,stop,0.2766,-45.41,-1.128,250.23,break above 250.20
2026-07-21,orb,AMZN,short,40,09:53,246.8859,248.1175,244.465,10:34,248.1919,stop,0.2812,-52.52,-1.078,246.9,break below 247.32
2026-07-23,orb,AMZN,short,33,09:57,235.4144,236.9975,232.535,10:54,232.535,target,0.2214,94.8,1.931,235.51,break below 235.71
2026-07-24,orb,AMZN,short,37,10:08,232.1903,233.62,229.63,11:27,233.6901,stop,0.245,-55.74,-1.133,232.29,break below 232.37
2026-07-27,orb,AMZN,short,36,10:48,233.0701,234.55,230.44,15:55,231.4094,time,0.2392,59.54,1.207,233.18,break below 233.25
2026-07-28,orb,AMZN,short,26,09:48,229.3612,231.375,225.63,11:59,231.4444,stop,0.1701,-54.33,-1.091,229.46,break below 229.70
2026-07-29,orb,AMZN,short,42,10:11,228.1965,229.38,225.87,12:30,229.4488,stop,0.2734,-52.87,-1.076,228.21,break below 228.56
2026-08-04,orb,AMZN,long,24,10:13,280.094,278.0525,284.075,10:29,277.9691,stop,0.1894,-51.19,-1.062,280.06,break above 279.96
2026-08-06,orb,AMZN,short,34,10:26,272.4083,274.01,269.6,10:34,274.0922,stop,0.2631,-57.52,-1.151,272.54,break below 272.55
2026-08-10,orb,AMZN,long,28,10:15,277.0431,275.1925,280.42,15:55,278.1665,time,0.2212,31.24,0.64,276.935,break above 276.72
2026-08-12,orb,AMZN,short,27,10:03,269.959,271.895,266.45,15:55,267.8403,time,0.2071,57.0,1.163,270.08,break below 270.33
2026-08-13,orb,AMZN,long,31,09:48,268.9357,267.165,271.92,11:12,267.0799,stop,0.2353,-57.77,-1.176,268.75,break above 268.70
2026-08-14,orb,AMZN,long,37,10:20,265.7897,264.8,267.38,10:21,264.7206,stop,0.2784,-39.84,-1.252,265.66,break above 265.56
2026-08-18,orb,AMZN,long,28,10:30,261.1983,259.465,264.67,15:51,259.3872,stop,0.2066,-50.92,-1.048,261.2,break above 261.14
2026-08-19,orb,AMZN,short,25,09:50,258.7723,260.73,254.73,10:09,260.8082,stop,0.184,-51.08,-1.022,258.73,break below 258.96
2026-08-20,orb,AMZN,short,38,10:09,261.8114,262.7875,259.69,12:34,262.8663,stop,0.2829,-40.37,-1.029,261.755,break below 261.79
2026-08-25,orb,AMZN,short,38,10:01,261.5015,262.87,259.795,15:55,261.3834,time,0.2826,4.21,0.108,261.845,break below 261.85
2026-08-26,orb,AMZN,short,33,10:27,259.0023,260.73,256.2,11:12,260.8082,stop,0.2431,-59.84,-1.201,259.22,break below 259.45
2026-08-28,orb,AMZN,long,38,09:49,259.6379,258.68,261.35,10:22,261.35,target,0.2824,64.78,1.915,259.57,break above 259.54
2026-08-31,orb,AMZN,short,24,10:01,260.6618,262.765,256.705,15:55,260.3281,time,0.1779,7.83,0.162,260.745,break below 261.26
2026-09-02,orb,AMZN,long,39,09:47,255.1265,254.0975,256.7,15:55,254.8235,time,0.2828,-12.1,-0.358,254.965,break above 254.75
2026-09-04,orb,AMZN,short,36,09:47,258.2925,259.7375,255.635,11:06,255.635,target,0.2645,95.41,1.938,258.37,break below 258.38
2026-09-08,orb,AMZN,short,37,10:03,254.9235,256.285,252.28,10:50,256.3619,stop,0.2684,-53.49,-1.083,254.95,break below 254.98
2026-09-09,orb,AMZN,short,28,11:24,250.8947,252.71,247.445,14:42,252.7858,stop,0.1999,-53.15,-1.082,250.955,break below 250.97
2026-09-10,orb,AMZN,long,39,09:48,251.9856,250.68,254.07,15:55,251.4046,time,0.279,-22.94,-0.521,251.81,break above 251.76
2026-09-11,orb,AMZN,long,27,10:21,256.9371,255.005,260.405,10:41,254.9135,stop,0.1958,-54.83,-1.128,256.805,break above 256.71
2026-09-15,orb,AMZN,short,39,10:01,251.3446,252.485,249.41,10:23,249.36,target,0.279,77.12,1.929,251.46,break below 251.79
2026-09-17,orb,AMZN,short,39,09:46,249.95,251.0825,248.225,10:21,251.1578,stop,0.2775,-47.38,-1.276,250.13,break below 250.28
2026-09-18,orb,AMZN,short,39,10:15,251.9994,253.275,249.51,10:51,253.351,stop,0.2797,-52.99,-1.083,252.02,break below 252.06
2026-09-21,orb,AMZN,short,39,09:46,254.5236,255.58,252.55,10:04,255.6567,stop,0.2824,-44.47,-1.129,254.57,break below 254.60
2026-09-23,orb,AMZN,short,39,09:51,251.1946,252.56,248.75,10:15,248.75,target,0.2788,95.06,1.919,251.29,break below 251.30
2026-09-24,orb,AMZN,short,40,09:59,245.7662,246.63,244.035,10:09,246.704,stop,0.2799,-37.79,-1.092,245.765,break below 245.78
2026-09-25,orb,AMZN,short,40,10:06,247.7207,248.9125,245.275,11:01,248.9872,stop,0.2821,-50.94,-1.05,247.7,break below 247.75
2026-09-28,orb,AMZN,long,40,10:24,247.0091,245.7375,249.315,15:54,245.6638,stop,0.2798,-54.09,-1.134,246.93,break above 246.72
2026-09-29,orb,AMZN,short,40,09:50,245.7363,246.6275,244.145,10:33,246.7015,stop,0.2799,-38.89,-1.175,245.8,break below 245.88
2026-09-30,orb,AMZN,long,40,09:50,247.6943,246.795,249.21,10:00,249.21,target,0.2838,60.34,1.874,247.6,break above 247.50
2026-10-01,orb,AMZN,short,34,09:47,248.9253,250.435,246.07,15:55,247.9244,time,0.2409,33.79,0.683,248.98,break below 249.07
2026-10-02,orb,AMZN,short,39,09:55,251.2296,252.47,248.66,10:04,252.5457,stop,0.2789,-51.61,-1.042,251.2,break below 251.40
2026-10-05,orb,AMZN,long,35,09:53,252.7008,251.1925,255.385,10:18,251.1171,stop,0.2501,-55.68,-1.138,252.59,break above 252.16
2026-10-06,orb,AMZN,long,37,10:17,253.7661,252.385,256.42,14:23,256.42,target,0.2699,97.92,1.968,253.73,break above 253.68
2026-10-07,orb,AMZN,long,39,09:59,255.5867,254.305,257.605,10:28,254.2287,stop,0.2821,-53.24,-1.241,255.405,break above 255.40
2026-10-08,orb,AMZN,short,38,09:48,258.2525,259.08,256.86,10:13,259.1577,stop,0.2791,-34.68,-1.233,258.34,break below 258.38
2026-10-09,orb,AMZN,long,29,10:10,259.4928,257.53,262.57,15:39,262.57,target,0.2165,89.02,1.827,259.21,break above 258.93
2023-10-12,orb,META,long,29,10:09,329.5588,327.645,332.73,11:00,327.5467,stop,0.2689,-58.62,-1.193,329.34,break above 328.37
2023-10-13,orb,META,short,31,09:48,322.3133,323.8975,319.195,10:52,319.195,target,0.2829,96.38,1.984,322.33,break below 322.85
2023-10-16,orb,META,short,31,09:55,316.1451,317.5475,313.325,10:06,317.6428,stop,0.2776,-46.7,-1.07,316.14,break below 316.20
2023-10-17,orb,META,long,24,10:08,320.8762,318.7575,324.855,15:55,323.5729,time,0.2199,64.5,1.322,320.79,break above 320.14
2023-10-18,orb,META,short,22,10:33,321.2986,323.725,316.99,15:37,316.955,target,0.2002,95.36,1.931,321.48,break below 321.59
2023-10-19,orb,META,short,25,10:31,317.8746,319.885,313.96,13:41,313.96,target,0.2251,97.64,1.978,317.91,break below 317.94
2023-10-20,orb,META,short,32,10:08,312.1663,313.82,309.56,10:32,309.56,target,0.283,83.12,1.829,312.4,break below 312.44
2023-10-23,orb,META,long,25,10:03,310.8632,308.9725,314.905,11:37,314.905,target,0.223,100.82,2.039,310.95,break above 310.56
2023-10-24,orb,META,short,31,09:47,314.9955,316.355,312.83,09:58,316.4499,stop,0.2766,-45.36,-1.245,315.18,break below 315.19
2023-11-01,orb,META,long,32,09:46,304.0912,303.02,306.41,09:53,302.9291,stop,0.2748,-37.46,-1.036,304.15,break above 303.99
2023-11-02,orb,META,short,17,09:46,313.206,316.4425,307.855,15:55,311.3234,time,0.1508,31.85,0.655,313.58,break below 314.13
2023-11-03,orb,META,long,31,09:46,314.8344,313.2475,317.38,10:05,313.1535,stop,0.275,-52.38,-1.227,314.625,break above 314.31
2023-11-06,orb,META,long,31,10:21,317.4752,315.995,319.64,11:47,315.8702,stop,0.2774,-50.03,-1.328,317.21,break above 317.00
2023-11-07,orb,META,long,31,09:58,318.1254,316.535,320.6,10:53,320.6,target,0.2814,76.43,1.82,317.89,break above 317.76
2023-11-08,orb,META,short,31,09:57,317.6097,318.83,315.62,10:16,315.62,target,0.2789,61.4,1.851,317.76,break below 317.91
2023-11-09,orb,META,long,31,09:53,321.1163,320.18,322.88,10:07,319.904,stop,0.2808,-37.86,-1.357,321.08,break above 321.02
2023-11-10,orb,META,long,31,09:46,322.7368,321.0775,325.495,11:06,325.495,target,0.2857,85.22,1.867,322.55,break above 322.52
2023-11-13,orb,META,long,30,09:54,328.5135,327.03,331.005,10:19,331.005,target,0.281,74.46,1.873,328.355,break above 328.28
2023-11-14,orb,META,long,29,09:55,336.0758,334.59,338.94,10:36,334.4896,stop,0.2745,-46.27,-1.1,336.04,break above 335.65
2023-11-15,orb,META,short,29,09:46,335.0395,337.0625,332.825,12:20,332.825,target,0.2749,63.94,1.561,335.65,break below 335.75
2023-11-16,orb,META,long,30,09:52,329.979,327.995,332.99,10:17,327.8966,stop,0.2784,-62.75,-1.256,329.66,break above 329.50
2023-11-17,orb,META,long,30,09:46,332.5647,330.895,335.62,15:55,334.8295,time,0.2842,67.66,1.432,332.47,break above 332.40
2023-11-21,orb,META,long,29,09:51,339.2718,338.0625,342.615,10:01,337.5087,stop,0.2769,-51.4,-1.168,339.58,break above 338.97
2023-11-22,orb,META,long,23,09:49,342.3827,340.555,346.87,09:53,340.4528,stop,0.2215,-44.61,-0.921,342.66,break above 342.33
2023-11-24,orb,META,short,29,09:52,339.768,340.44,337.17,10:52,337.015,target,0.2787,79.56,2.517,339.35,break below 339.36
2023-11-27,orb,META,long,24,10:35,339.9169,337.74,343.77,13:49,337.6387,stop,0.2293,-54.91,-1.138,339.75,break above 339.38
2023-11-28,orb,META,long,29,10:01,335.9207,334.535,337.49,13:13,334.3197,stop,0.2743,-46.71,-1.635,335.52,break above 335.30
2023-11-29,orb,META,short,29,09:50,337.4487,338.8825,335.185,10:04,335.185,target,0.2769,65.37,1.829,337.65,break below 337.92
2023-11-30,orb,META,short,26,09:46,329.876,331.65,326.04,10:48,326.04,target,0.2428,99.49,2.046,329.78,break below 330.08
2023-12-01,orb,META,short,27,09:57,322.8431,324.76,319.27,14:24,324.9174,stop,0.2468,-56.25,-1.139,322.93,break below 322.99
2023-12-04,orb,META,short,29,09:50,313.8558,315.79,310.78,09:57,315.9748,stop,0.2578,-61.71,-1.274,314.12,break below 314.33
2023-12-05,orb,META,long,21,10:03,320.8262,318.37,325.36,10:27,318.2545,stop,0.1893,-54.2,-1.108,320.7,break above 320.56
2023-12-06,orb,META,short,29,10:02,318.8243,320.49,315.39,11:59,320.6362,stop,0.2619,-52.81,-1.071,318.79,break below 318.93
2023-12-08,orb,META,long,26,09:51,327.0581,324.9225,330.555,10:21,330.555,target,0.2432,90.68,1.858,326.8,break above 326.75
2023-12-12,orb,META,long,30,09:46,326.3429,325.4625,328.245,09:58,328.245,target,0.2787,56.79,2.041,326.39,break above 326.20
2023-12-14,orb,META,long,29,09:48,334.2703,333.0625,336.505,09:50,332.9626,stop,0.2732,-38.2,-1.148,334.21,break above 333.93
2023-12-18,orb,META,long,22,09:55,341.6075,339.2825,345.905,11:50,345.905,target,0.2152,94.33,1.942,341.49,break above 341.48
2023-12-19,orb,META,long,16,09:48,350.4551,347.525,356.63,15:55,350.2649,time,0.1585,-3.2,-0.066,350.56,break above 349.93
2023-12-20,orb,META,long,28,09:47,351.4704,349.5075,354.825,10:08,354.87,target,0.2809,94.91,1.912,351.28,break above 351.21
2023-12-21,orb,META,short,26,09:48,352.8141,354.65,348.92,15:55,353.9712,time,0.2593,-30.34,-0.611,352.74,break below 353.09
2023-12-22,orb,META,long,28,09:52,356.777,355.74,359.49,09:56,355.6333,stop,0.2815,-32.31,-0.923,356.99,break above 356.97
2023-12-26,orb,META,long,28,09:58,355.9968,354.53,358.19,12:31,354.2937,stop,0.2804,-47.97,-1.404,355.75,break above 355.33
2023-12-28,orb,META,short,27,09:48,359.1022,360.31,356.38,10:48,360.4181,stop,0.274,-35.8,-1.012,359.0,break below 359.36
2023-12-29,orb,META,short,23,10:04,355.7332,357.885,351.54,10:08,357.9924,stop,0.2313,-52.19,-1.073,355.77,break below 355.94
2024-01-03,orb,META,long,26,09:48,347.2141,345.45,351.21,09:57,345.3464,stop,0.2539,-48.82,-0.978,347.37,break above 347.35
2024-01-04,orb,META,long,28,11:11,346.1238,344.8375,348.565,15:55,346.576,time,0.2744,12.39,0.356,346.08,break above 345.98
2024-01-05,orb,META,long,21,09:46,350.9853,348.575,355.4,15:55,351.7694,time,0.2088,16.26,0.34,350.85,break above 350.44
2024-01-08,orb,META,short,28,09:53,353.7688,354.9275,350.81,12:31,355.0515,stop,0.28,-36.19,-0.942,353.555,break below 353.81
2024-01-09,orb,META,short,28,09:47,356.0032,357.315,354.36,10:13,357.4222,stop,0.2818,-40.01,-1.451,356.33,break below 356.42
2024-01-11,orb,META,short,19,10:06,367.5597,370.255,362.365,14:32,370.3661,stop,0.1973,-53.52,-1.071,367.625,break below 367.78
2024-01-12,orb,META,long,17,09:53,374.8124,371.965,380.365,15:55,374.4876,time,0.1798,-5.7,-0.12,374.765,break above 374.25
2024-01-16,orb,META,short,17,09:51,370.1689,372.9425,364.37,15:55,367.9003,time,0.1778,38.39,0.79,370.085,break below 370.50
2024-01-17,orb,META,short,19,09:47,361.8614,364.575,356.85,11:01,364.7594,stop,0.1943,-55.26,-1.129,362.0,break below 362.50
2024-01-18,orb,META,long,26,10:11,374.2122,372.39,376.89,13:07,372.0883,stop,0.2733,-55.49,-1.423,373.89,break above 373.75
2024-01-22,orb,META,short,22,10:05,385.6743,388.1025,381.285,15:55,381.9395,time,0.2395,81.92,1.639,385.83,break below 385.87
2024-01-23,orb,META,long,25,09:49,385.6557,384.06,388.275,10:47,388.315,target,0.274,66.21,1.885,385.465,break above 385.46
2024-01-24,orb,META,long,24,09:47,391.5624,389.3075,395.345,12:31,395.645,target,0.268,97.71,2.023,391.32,break above 390.75
2024-01-26,orb,META,short,25,10:07,392.0424,393.6125,388.49,10:33,394.0682,stop,0.2766,-50.92,-1.193,391.905,break below 392.27
2024-01-30,orb,META,long,22,09:54,406.0618,403.745,410.495,11:10,403.6239,stop,0.2505,-53.88,-1.089,405.995,break above 405.61
2024-02-06,orb,META,short,16,09:51,461.2416,464.5125,455.52,10:03,455.52,target,0.2078,91.34,1.904,461.515,break below 462.00
2024-02-08,orb,META,long,21,11:00,469.3558,467.195,473.39,12:55,466.9799,stop,0.2761,-50.17,-1.157,469.26,break above 469.22
2024-02-09,orb,META,short,20,10:05,468.3395,470.9825,463.505,10:49,471.1238,stop,0.2637,-55.95,-1.122,468.49,break below 468.57
2024-02-12,orb,META,long,17,09:50,472.9018,469.8125,478.445,11:31,478.455,target,0.2289,94.17,1.925,472.69,break above 472.38
2024-02-14,orb,META,long,21,09:46,469.981,468.2,472.7,09:50,468.0595,stop,0.2767,-40.63,-1.29,469.7,break above 469.50
2024-02-15,orb,META,long,13,10:13,479.0337,475.5125,486.35,11:33,486.35,target,0.1779,94.93,2.021,479.125,break above 478.44
2024-02-16,orb,META,short,17,09:51,474.0977,476.725,468.34,14:24,476.873,stop,0.2269,-47.41,-0.998,473.93,break below 474.81
2024-02-20,orb,META,short,12,10:14,467.9446,472.585,460.39,11:05,472.7268,stop,0.1581,-57.54,-1.18,468.52,break below 469.12
2024-02-21,orb,META,short,20,09:52,462.4262,465.05,457.55,10:00,465.1895,stop,0.2604,-55.53,-1.111,462.55,break below 462.58
2024-02-22,orb,META,long,20,09:46,481.6545,478.635,485.61,10:26,485.61,target,0.2733,78.84,1.695,480.96,break above 480.88
2024-02-23,orb,META,short,16,10:31,488.3784,491.2075,482.305,15:55,484.6303,time,0.2199,59.75,1.258,488.24,break below 488.27
2024-02-26,orb,META,short,20,10:02,481.2556,483.75,476.895,11:48,484.1352,stop,0.2709,-57.86,-1.266,481.465,break below 481.48
2024-02-28,orb,META,short,16,10:27,485.0444,488.0975,479.225,15:55,483.7251,time,0.2184,20.89,0.441,485.14,break below 485.24
2024-02-29,orb,META,long,20,09:55,489.6268,487.54,492.01,11:02,487.2888,stop,0.2743,-47.04,-1.578,489.03,break above 488.69
2024-03-01,orb,META,long,12,09:50,499.9299,495.6625,507.55,15:55,502.1843,time,0.1695,26.88,0.565,499.625,break above 499.18
2024-03-05,orb,META,short,20,10:18,491.8324,493.945,488.14,10:49,488.14,target,0.2768,73.57,1.901,492.01,break below 492.40
2024-03-06,orb,META,short,18,10:05,496.531,500.2975,492.085,15:55,496.6089,time,0.2515,-1.65,-0.034,497.56,break below 497.71
2024-03-07,orb,META,long,17,09:52,507.1521,503.6,512.36,11:45,512.36,target,0.245,88.29,1.779,506.52,break above 505.69
2024-03-08,orb,META,long,16,09:46,518.8006,515.8,525.07,11:08,515.6453,stop,0.232,-50.72,-1.026,518.89,break above 518.28
2024-03-13,orb,META,short,20,09:47,493.5619,495.705,490.35,10:12,496.0788,stop,0.2777,-50.62,-1.418,493.92,break below 494.05
2024-03-14,orb,META,short,17,09:51,495.1714,498.185,489.665,10:13,498.3345,stop,0.2368,-54.01,-1.119,495.345,break below 495.39
2024-03-18,orb,META,short,18,10:00,486.9939,489.69,481.68,10:10,489.9469,stop,0.2467,-53.4,-1.111,487.02,break below 487.15
2024-03-20,orb,META,short,20,09:46,496.2611,497.505,490.89,10:05,497.6543,stop,0.2792,-28.14,-0.638,495.3,break below 495.35
2024-03-21,orb,META,short,15,09:49,507.7976,511.51,502.12,15:55,507.8223,time,0.2142,-0.58,-0.012,508.38,break below 508.42
2024-03-25,orb,META,long,15,10:12,506.752,503.315,512.81,15:55,503.9688,time,0.2126,-41.96,-0.884,506.48,break above 506.33
2024-03-27,orb,META,short,13,09:56,491.6725,495.845,484.76,15:55,493.9882,time,0.1798,-30.28,-0.63,492.15,break below 492.32
2024-03-28,orb,META,long,16,10:05,491.3123,488.395,497.38,11:36,488.2485,stop,0.2198,-49.24,-1.028,491.39,break above 490.99
2024-04-02,orb,META,long,20,09:52,490.082,486.9075,494.25,13:03,494.6,target,0.2783,90.08,1.84,489.355,break above 489.00
2024-04-03,orb,META,long,17,10:07,504.5513,501.52,509.95,15:55,506.7979,time,0.2423,37.95,0.794,504.33,break above 504.15
2024-04-04,orb,META,long,14,09:55,523.0719,519.74,530.33,10:23,519.5841,stop,0.2045,-49.03,-0.992,523.27,break above 522.72
2024-04-05,orb,META,long,12,10:06,522.3467,518.1625,530.545,15:55,527.0768,time,0.1778,56.58,1.142,522.29,break above 521.52
2024-04-09,orb,META,short,16,09:50,519.5941,523.135,514.03,10:27,514.03,target,0.2338,88.79,1.828,520.1,break below 520.52
2024-04-11,orb,META,long,19,09:53,523.2169,521.26,526.63,10:01,521.1036,stop,0.2784,-40.43,-1.189,523.05,break above 522.75
2024-04-12,orb,META,short,16,10:10,515.2354,517.2575,508.145,11:35,517.4127,stop,0.2318,-35.07,-0.722,514.22,break below 514.62
2024-04-15,orb,META,long,19,09:52,518.4005,515.84,523.46,10:08,515.5853,stop,0.2755,-53.76,-1.114,518.38,break above 517.91
2024-04-16,orb,META,long,15,09:58,503.641,500.0825,509.645,10:26,499.6101,stop,0.2108,-60.68,-1.269,503.27,break above 502.85
2024-04-17,orb,META,short,17,09:52,497.3008,500.3525,491.555,12:08,491.555,target,0.2378,97.44,1.955,497.42,break below 497.74
2024-04-18,orb,META,long,11,10:10,507.0971,502.47,515.82,14:33,502.2893,stop,0.1554,-53.04,-1.084,506.92,break above 505.79
2024-04-22,orb,META,short,17,09:52,486.1541,489.225,480.45,10:20,480.45,target,0.2326,96.74,1.945,486.3,break below 486.58
2024-04-23,orb,META,long,20,09:48,493.588,491.235,498.51,09:50,491.0876,stop,0.2764,-50.28,-1.037,493.66,break above 493.41
2024-04-30,orb,META,long,17,10:16,435.8607,432.955,441.73,12:34,432.5302,stop,0.2072,-56.83,-1.143,435.88,break above 435.73
2024-05-01,orb,META,long,19,09:49,432.4097,429.875,437.48,10:39,437.48,target,0.2342,96.1,1.995,432.41,break above 432.35
2024-05-02,orb,META,short,18,09:50,434.3397,436.5875,428.525,09:54,436.741,stop,0.2203,-43.44,-0.898,433.9,break below 434.17
2024-05-03,orb,META,long,19,09:47,448.6245,446.135,453.92,10:44,453.92,target,0.2429,100.37,2.036,448.73,break above 448.27
2024-05-06,orb,META,long,20,11:01,458.5375,455.765,463.19,14:54,463.19,target,0.2609,92.79,1.875,458.24,break above 458.01
2024-05-07,orb,META,short,15,09:50,462.1013,465.385,455.65,10:50,465.5996,stop,0.1952,-52.67,-1.082,462.14,break below 462.68
2024-05-09,orb,META,long,17,10:38,473.6921,470.23,478.645,15:55,474.4826,time,0.2271,13.21,0.277,473.035,break above 472.77
2024-05-10,orb,META,short,21,10:02,474.5276,475.94,470.66,10:36,470.56,target,0.2805,83.04,2.247,474.18,break below 474.66
2024-05-14,orb,META,long,19,10:09,464.5943,462.4525,470.065,11:02,470.065,target,0.2514,103.69,2.151,464.99,break above 464.65
2024-05-15,orb,META,short,20,09:50,472.0933,475.0225,467.815,10:22,475.1675,stop,0.2658,-61.75,-1.285,472.62,break below 473.19
2024-05-17,orb,META,short,21,09:50,468.7993,470.07,466.47,09:59,470.271,stop,0.2772,-31.18,-1.237,468.87,break below 469.06
2024-05-22,orb,META,long,21,10:13,471.1913,469.025,474.77,13:49,468.8093,stop,0.2772,-50.3,-1.251,470.94,break above 470.63
2024-05-23,orb,META,short,19,09:46,469.1342,471.9875,464.135,11:54,472.1291,stop,0.251,-57.15,-1.149,469.37,break below 469.64
2024-05-24,orb,META,long,21,09:57,469.1407,467.6125,471.535,10:01,471.535,target,0.2788,50.0,1.821,468.92,break above 468.70
2024-05-28,orb,META,short,14,09:47,475.0974,478.345,467.89,14:08,478.5035,stop,0.1872,-47.87,-0.981,474.86,break below 476.69
2024-05-29,orb,META,long,19,09:51,479.4388,476.3925,483.945,11:58,476.1171,stop,0.2546,-63.37,-1.325,478.91,break above 478.23
2024-05-30,orb,META,short,21,10:59,466.685,468.965,461.99,13:42,469.1057,stop,0.2759,-51.11,-1.047,466.64,break below 466.65
2024-05-31,orb,META,short,21,09:46,466.0651,467.405,461.21,10:00,461.21,target,0.2756,101.68,2.345,465.34,break below 465.99
2024-06-03,orb,META,long,12,09:46,475.7977,471.475,483.16,13:11,471.3336,stop,0.1592,-53.73,-1.15,475.37,break above 474.50
2024-06-04,orb,META,short,21,10:10,474.6376,476.57,470.75,12:47,476.713,stop,0.2806,-43.86,-1.077,474.63,break below 474.69
2024-06-05,orb,META,long,12,09:46,491.8325,487.31,499.28,10:00,487.1638,stop,0.1645,-56.19,-1.174,491.3,break above 490.59
2024-06-06,orb,META,long,20,09:52,496.6289,494.325,500.505,09:56,493.9918,stop,0.278,-53.02,-1.287,496.385,break above 496.02
2024-06-07,orb,META,long,19,10:33,495.3886,492.6975,500.205,15:52,492.5497,stop,0.2633,-54.2,-1.14,495.2,break above 495.12
2024-06-10,orb,META,long,20,10:12,495.9037,495.4125,500.175,10:18,495.2014,stop,0.2787,-14.33,-0.451,497.0,break above 496.90
2024-06-11,orb,META,short,16,09:55,498.5854,501.35,492.35,10:01,501.7305,stop,0.2244,-50.55,-1.053,498.35,break below 499.29
2024-06-12,orb,META,short,16,09:53,506.618,510.74,501.83,15:55,508.5925,time,0.228,-31.82,-0.67,507.77,break below 507.96
2024-06-13,orb,META,long,16,09:56,509.1927,506.22,515.115,10:04,506.0581,stop,0.2278,-50.38,-1.062,509.185,break above 507.81
2024-06-14,orb,META,long,19,09:46,505.5316,503.1275,509.765,10:33,502.6192,stop,0.2686,-55.61,-1.323,505.34,break above 504.51
2024-06-18,orb,META,short,19,10:45,501.8194,504.105,497.76,12:31,497.68,target,0.2682,78.38,1.95,501.99,break below 502.88
2024-06-20,orb,META,short,20,10:22,499.3502,501.4975,495.925,10:42,501.6479,stop,0.281,-46.24,-1.245,499.64,break below 499.83
2024-06-21,orb,META,short,20,09:50,498.8053,501.19,494.98,11:32,494.98,target,0.2807,76.23,1.841,499.12,break below 499.63
2024-06-24,orb,META,long,15,09:46,506.6469,502.5175,512.305,10:28,502.3667,stop,0.212,-64.42,-1.316,505.78,break above 505.76
2024-06-25,orb,META,long,10,09:49,504.1062,499.455,513.78,15:55,509.0672,time,0.1432,49.47,1.036,504.23,break above 503.16
2024-06-26,orb,META,long,19,09:53,508.8626,507.025,512.8,10:19,512.83,target,0.274,75.11,2.053,508.95,break above 508.44
2024-06-27,orb,META,long,12,10:15,522.8968,517.92,530.1,10:53,517.7646,stop,0.1747,-61.76,-1.268,521.98,break above 521.40
2024-06-28,orb,META,long,16,10:10,519.7059,516.785,526.07,10:51,516.595,stop,0.2324,-50.01,-1.01,519.88,break above 519.78
2024-07-01,orb,META,short,17,09:46,499.4101,503.78,494.99,09:50,494.99,target,0.2388,74.9,1.504,500.85,break below 501.26
2024-07-02,orb,META,long,19,10:04,504.0012,501.515,508.7,10:12,501.1296,stop,0.2679,-54.83,-1.205,503.91,break above 503.49
2024-07-03,orb,META,long,19,09:47,510.4931,508.11,514.92,10:02,507.9576,stop,0.2715,-48.45,-1.123,510.38,break above 510.00
2024-07-09,orb,META,short,13,10:27,531.2006,534.88,523.54,15:55,529.5288,time,0.1941,21.54,0.438,531.1,break below 532.46
2024-07-10,orb,META,short,18,09:48,529.0512,531.195,524.82,10:00,531.5444,stop,0.2677,-45.14,-1.18,529.07,break below 529.34
2024-07-11,orb,META,short,18,09:53,529.6361,532.79,525.5,10:12,525.5,target,0.268,74.18,1.696,530.36,break below 530.45
2024-07-15,orb,META,long,16,10:01,500.075,497.6625,506.565,11:23,506.565,target,0.228,103.61,2.182,500.63,break above 500.32
2024-07-16,orb,META,short,11,09:50,496.9509,501.23,487.76,10:03,487.76,target,0.1538,100.95,2.044,496.74,break below 498.68
2024-07-17,orb,META,short,11,10:04,470.8587,475.3825,461.815,13:18,461.815,target,0.1458,99.33,1.997,470.86,break below 472.58
2024-07-18,orb,META,short,14,09:55,470.0989,472.58,462.05,12:59,472.7218,stop,0.1853,-36.91,-0.751,469.07,break below 469.35
2024-07-22,orb,META,long,20,09:46,490.147,487.345,494.785,10:09,487.1988,stop,0.2742,-59.24,-1.194,489.825,break above 489.77
2024-07-23,orb,META,short,18,09:46,489.2832,491.9675,483.65,10:21,492.1776,stop,0.2478,-52.35,-1.049,489.195,break below 489.68
2024-07-24,orb,META,short,17,09:48,470.9387,473.8075,465.175,09:52,474.3373,stop,0.2254,-58.0,-1.186,470.93,break below 471.37
2024-07-29,orb,META,long,15,10:01,471.1613,467.91,477.69,10:15,467.3598,stop,0.1974,-57.22,-1.17,471.17,break above 470.79
2024-07-30,orb,META,short,13,09:55,465.4803,469.325,458.57,12:54,458.57,target,0.1704,89.66,1.924,465.74,break below 466.23
2024-07-31,orb,META,long,17,10:02,472.6167,469.4925,477.975,15:55,475.0974,time,0.2274,41.94,0.873,472.32,break above 471.87
2024-08-06,orb,META,long,16,09:57,484.4653,481.285,490.48,10:18,490.48,target,0.2208,96.01,1.958,484.35,break above 483.66
2024-08-07,orb,META,long,13,09:50,509.3278,505.6975,517.045,09:55,505.5458,stop,0.1849,-49.35,-1.004,509.48,break above 509.27
2024-08-08,orb,META,short,16,09:49,495.7012,498.455,489.56,09:54,498.6045,stop,0.2231,-46.68,-0.984,495.49,break below 496.29
2024-08-09,orb,META,long,18,09:51,511.7385,508.995,517.17,15:55,515.9852,time,0.2612,76.18,1.553,511.72,break above 511.63
2024-08-12,orb,META,short,19,09:57,512.7211,515.525,508.01,10:21,515.6797,stop,0.274,-56.49,-1.187,513.02,break below 513.05
2024-08-14,orb,META,long,18,09:55,532.2196,530.715,538.44,09:58,530.5508,stop,0.2685,-30.31,-0.654,533.29,break above 532.87
2024-08-15,orb,META,long,18,09:49,532.3297,529.45,537.61,10:29,537.82,target,0.2721,98.55,2.013,532.17,break above 531.90
2024-08-16,orb,META,short,18,09:46,528.8413,531.5325,524.025,15:55,527.9883,time,0.2676,15.09,0.335,529.03,break below 529.62
2024-08-19,orb,META,long,18,09:48,531.0143,528.16,535.885,09:58,528.0016,stop,0.2672,-54.5,-1.176,530.735,break above 530.01
2024-08-20,orb,META,long,18,09:54,530.7342,528.29,535.07,10:12,528.1315,stop,0.2673,-47.12,-1.158,530.55,break above 529.83
2024-08-21,orb,META,long,18,09:47,529.1487,528.2025,532.545,09:54,532.65,target,0.2695,62.75,2.409,529.65,break above 529.47
2024-08-22,orb,META,long,18,09:49,537.7213,536.2975,541.525,09:54,541.525,target,0.274,68.19,2.174,538.04,break above 537.44
2024-08-23,orb,META,long,18,09:48,538.1814,536.06,542.18,10:06,535.8992,stop,0.2712,-41.35,-1.126,538.1,break above 537.59
2024-08-26,orb,META,short,15,09:46,520.9437,524.105,514.37,15:55,520.086,time,0.2197,12.65,0.26,520.86,break below 520.87
2024-08-27,orb,META,long,19,09:51,519.2057,517.25,522.68,10:30,522.85,target,0.2793,68.96,2.005,519.06,break above 519.04
2024-08-28,orb,META,short,19,09:46,515.9952,517.46,512.54,10:17,517.6152,stop,0.2757,-31.06,-0.997,515.82,break below 516.42
2024-08-29,orb,META,long,10,09:50,526.6029,521.8225,536.26,10:18,521.6035,stop,0.1467,-50.14,-1.042,526.635,break above 525.37
2024-08-30,orb,META,short,19,09:49,519.769,521.45,516.02,10:50,521.6464,stop,0.2777,-35.95,-1.045,519.64,break below 519.67
2024-09-03,orb,META,long,16,09:46,523.9671,521.205,530.085,09:54,521.0486,stop,0.2344,-46.93,-0.991,524.165,break above 523.23
2024-09-04,orb,META,long,14,10:31,512.2236,507.6175,517.885,15:55,512.8561,time,0.2019,8.65,0.181,511.04,break above 511.00
2024-09-06,orb,META,short,11,09:49,516.415,520.945,507.745,10:50,507.745,target,0.1597,95.21,1.967,516.545,break below 517.55
2024-09-09,orb,META,long,18,09:48,509.5178,506.6475,514.68,10:37,506.478,stop,0.2564,-54.97,-1.141,509.325,break above 508.81
2024-09-10,orb,META,short,17,10:08,508.1125,510.575,501.905,10:51,501.39,target,0.243,114.04,2.321,507.685,break below 507.74
2024-09-11,orb,META,short,14,10:15,501.8394,505.76,495.14,12:40,506.1118,stop,0.1976,-60.01,-1.211,502.22,break below 503.70
2024-09-12,orb,META,long,19,09:55,520.056,517.765,524.92,10:08,517.2148,stop,0.2763,-54.26,-1.197,520.15,break above 520.11
2024-09-17,orb,META,long,16,09:47,541.6524,538.775,547.7,10:01,538.3434,stop,0.2421,-53.19,-1.117,541.75,break above 541.23
2024-09-18,orb,META,short,18,10:12,535.6693,537.66,531.21,10:27,538.2014,stop,0.271,-45.85,-1.185,535.51,break below 535.60
2024-09-19,orb,META,short,18,09:50,547.1258,549.8,542.3,10:15,550.305,stop,0.2768,-57.5,-1.278,547.3,break below 547.61
2024-09-20,orb,META,long,16,09:51,563.8091,560.015,568.85,09:58,559.822,stop,0.2517,-64.05,-1.359,562.96,break above 562.18
2024-09-23,orb,META,long,13,09:57,571.7915,568.18,579.67,10:39,568.0095,stop,0.2074,-49.37,-0.992,572.01,break above 570.64
2024-09-25,orb,META,long,17,09:46,567.9203,565.2725,571.445,10:17,571.5,target,0.2729,60.58,1.732,567.33,break above 566.66
2024-09-26,orb,META,short,12,10:01,570.8787,574.79,562.91,12:41,562.91,target,0.1924,95.43,2.008,570.83,break below 572.29
2024-09-27,orb,META,long,17,09:52,569.9409,569.01,572.64,09:56,568.4494,stop,0.2715,-25.63,-1.246,570.22,break above 570.13
2024-09-30,orb,META,long,16,11:04,571.1513,567.77,576.74,14:21,567.5997,stop,0.2551,-57.08,-1.193,570.76,break above 570.38
2024-10-01,orb,META,short,11,09:49,575.7822,579.84,567.015,10:04,580.014,stop,0.1779,-46.73,-0.994,575.565,break below 576.77
2024-10-03,orb,META,long,17,09:49,573.482,570.755,576.35,10:00,576.35,target,0.2752,48.48,1.529,572.62,break above 572.40
2024-10-04,orb,META,short,17,09:47,585.0144,586.51,580.105,09:49,586.916,stop,0.2793,-32.61,-0.898,584.375,break below 584.46
2024-10-07,orb,META,short,16,09:50,595.8612,599.325,590.13,14:04,590.13,target,0.2677,91.43,1.864,596.26,break below 596.32
2024-10-08,orb,META,long,14,10:01,591.4924,588.135,598.35,11:13,587.9236,stop,0.2311,-50.19,-1.053,591.54,break above 590.15
2024-10-10,orb,META,short,17,10:35,585.8342,588.1725,581.865,15:55,584.1852,time,0.2797,27.75,0.776,586.07,break below 586.40
2024-10-11,orb,META,long,17,09:46,585.9657,584.1825,589.755,10:51,584.0072,stop,0.2788,-33.57,-1.063,586.04,break above 585.61
2024-10-14,orb,META,long,16,09:46,597.1091,593.665,601.39,11:01,593.4869,stop,0.2666,-58.22,-1.413,596.24,break above 595.36
2024-10-15,orb,META,short,15,09:51,585.4093,588.31,578.455,15:55,585.7607,time,0.2466,-5.52,-0.112,585.025,break below 586.22
2024-10-16,orb,META,short,17,09:52,576.572,579.47,571.34,15:55,576.903,time,0.2753,-5.9,-0.128,576.76,break below 577.07
2024-10-17,orb,META,short,11,09:59,577.8966,581.355,568.17,12:01,581.6744,stop,0.1785,-41.74,-0.863,576.96,break below 577.86
2024-10-18,orb,META,short,17,10:36,578.9263,581.395,573.55,15:55,576.2928,time,0.2764,44.49,1.001,578.78,break below 579.05
2024-10-21,orb,META,short,17,09:47,571.9484,574.735,567.67,15:54,574.9074,stop,0.2731,-50.58,-1.263,572.38,break below 572.51
2024-10-22,orb,META,long,17,09:46,576.983,574.3975,581.695,13:51,581.695,target,0.2777,79.83,1.93,576.83,break above 576.34
2024-10-23,orb,META,short,17,09:46,579.0362,582.2525,574.445,11:28,574.34,target,0.2765,79.56,1.798,579.65,break below 579.65
2024-10-24,orb,META,long,17,10:02,568.8006,565.7775,571.335,10:23,565.6078,stop,0.2701,-54.55,-1.732,567.63,break above 567.56
2024-10-25,orb,META,long,17,09:54,576.0628,573.2725,580.705,10:40,580.705,target,0.2773,78.64,1.867,575.75,break above 574.51
2024-10-28,orb,META,short,11,09:49,575.6972,579.7975,567.025,14:06,579.9714,stop,0.1779,-47.19,-1.008,575.54,break below 575.97
2024-10-29,orb,META,long,17,10:06,580.5541,577.79,585.35,10:49,585.35,target,0.2795,81.25,1.897,580.31,break above 580.14
2024-11-04,orb,META,long,13,10:24,566.3699,561.77,573.2,11:57,561.5615,stop,0.2051,-62.71,-1.266,565.58,break above 565.54
2024-11-08,orb,META,short,16,09:53,589.4331,591.78,585.84,10:36,585.84,target,0.2648,57.23,1.806,589.8,break below 590.54
2024-11-11,orb,META,short,11,09:54,577.7866,582.475,569.2,11:53,582.6497,stop,0.1785,-53.67,-1.103,578.05,break below 578.35
2024-11-13,orb,META,short,16,09:49,577.0868,580.38,571.2,10:27,580.5541,stop,0.2593,-55.74,-1.138,577.32,break below 577.37
2024-11-14,orb,META,long,17,09:59,578.7436,576.405,582.81,10:01,575.9572,stop,0.275,-47.64,-1.313,578.54,break above 578.45
2024-11-15,orb,META,short,14,10:02,565.7502,569.5875,558.945,12:06,558.92,target,0.2225,95.4,1.921,566.04,break below 566.89
2024-11-18,orb,META,short,18,09:46,551.3945,554.135,547.055,10:28,554.3012,stop,0.2789,-52.6,-1.238,551.775,break below 552.12
2024-11-19,orb,META,long,18,09:47,555.3366,552.765,559.515,09:50,552.5992,stop,0.2795,-49.55,-1.224,555.015,break above 554.90
2024-11-20,orb,META,short,14,09:56,558.3374,561.95,551.87,11:41,562.2986,stop,0.2196,-55.68,-1.184,558.59,break below 558.73
2024-11-22,orb,META,short,15,11:16,556.8329,560.2825,550.705,13:04,560.4506,stop,0.2347,-54.5,-1.138,557.09,break below 557.22
2024-11-26,orb,META,long,13,09:52,572.2566,568.345,579.07,15:55,573.7078,time,0.2095,18.66,0.401,571.92,break above 571.13
2024-11-27,orb,META,short,17,09:46,569.6191,572.8575,565.965,11:01,565.965,target,0.272,61.85,1.583,570.56,break below 571.06
2024-11-29,orb,META,long,15,09:52,572.5917,569.155,578.83,12:59,574.2977,eod,0.242,25.35,0.524,572.38,break above 571.36
2024-12-03,orb,META,long,15,10:06,598.1594,594.26,604.13,11:05,604.13,target,0.2544,89.3,1.81,597.55,break above 596.51
2024-12-04,orb,META,long,16,10:11,616.935,613.545,622.65,10:39,612.5262,stop,0.2751,-70.82,-1.458,616.58,break above 616.08
2024-12-05,orb,META,short,13,09:55,612.7561,616.38,605.025,15:55,608.4825,time,0.2236,55.33,1.125,612.595,break below 613.00
2024-12-06,orb,META,long,16,09:48,614.9644,611.79,620.79,10:19,621.15,target,0.2789,98.69,2.056,614.79,break above 614.18
2024-12-09,orb,META,short,15,10:07,620.0039,623.5325,613.985,10:38,613.79,target,0.261,92.95,1.947,620.35,break below 620.89
2024-12-12,orb,META,long,15,09:58,632.6497,629.825,638.36,14:08,629.6361,stop,0.265,-45.47,-1.066,632.67,break above 632.14
2024-12-13,orb,META,long,15,09:46,629.8339,628.2325,634.945,09:53,628.0015,stop,0.2644,-27.75,-0.827,630.47,break above 630.35
2024-12-16,orb,META,short,11,09:48,623.033,627.615,614.52,13:29,627.8583,stop,0.1923,-53.27,-1.109,623.25,break below 624.12
2024-12-18,orb,META,long,15,09:55,623.0469,619.385,629.3,11:02,619.1992,stop,0.2607,-57.98,-1.169,622.69,break above 621.83
2024-12-20,orb,META,short,13,09:50,587.9136,591.9725,580.715,10:13,592.1926,stop,0.2146,-55.84,-1.145,588.22,break below 589.57
2024-12-24,orb,META,long,16,09:56,603.481,601.47,606.18,10:30,606.47,target,0.2724,47.55,1.893,603.04,break above 602.96
2024-12-26,orb,META,short,16,09:46,602.2793,604.085,597.68,14:39,604.2812,stop,0.2705,-32.3,-0.946,601.95,break below 601.99
2024-12-27,orb,META,short,14,09:47,595.5913,598.37,587.9,15:51,598.5495,stop,0.2341,-41.65,-0.852,594.88,break below 594.97
2024-12-30,orb,META,short,14,10:01,586.0641,589.2825,578.775,10:14,589.5168,stop,0.2304,-48.57,-0.99,585.78,break below 586.43
2024-12-31,orb,META,long,16,10:04,593.2779,591.605,597.53,10:08,590.7627,stop,0.2654,-40.51,-1.282,593.58,break above 593.54
2025-01-02,orb,META,long,16,09:50,594.2632,590.635,599.14,10:00,599.14,target,0.2692,77.76,1.714,593.47,break above 593.27
2025-01-03,orb,META,short,13,09:53,602.3392,606.285,595.17,14:46,606.4669,stop,0.2198,-53.88,-1.119,602.58,break below 603.51
2025-01-06,orb,META,short,16,09:58,609.2322,612.525,606.15,10:10,606.15,target,0.2736,49.04,1.442,610.4,break below 610.51
2025-01-07,orb,META,short,10,09:58,622.2833,627.685,613.03,10:31,613.03,target,0.1747,92.36,1.891,622.8,break below 623.44
2025-01-14,orb,META,short,10,10:34,596.1411,600.9875,586.685,15:55,593.0129,time,0.1674,31.12,0.653,596.22,break below 596.74
2025-01-15,orb,META,long,14,09:54,613.2039,609.5225,619.97,13:29,619.98,target,0.2436,94.62,1.941,613.005,break above 612.54
2025-01-16,orb,META,long,16,11:02,615.5046,612.0925,620.455,11:38,611.8164,stop,0.2748,-59.29,-1.329,614.88,break above 614.21
2025-01-21,orb,META,short,12,10:03,613.4259,617.3925,605.325,12:03,617.5777,stop,0.2066,-50.03,-1.036,613.37,break below 613.62
2025-01-22,orb,META,long,15,10:02,626.1378,623.19,630.75,11:22,631.465,target,0.2658,79.64,2.107,625.71,break above 625.70
2025-01-23,orb,META,long,14,10:31,628.0884,624.565,634.96,15:55,635.0594,time,0.2495,97.35,2.007,628.03,break above 627.75
2025-01-28,orb,META,short,9,09:49,664.7305,670.47,654.09,10:01,670.6711,stop,0.1678,-53.63,-1.091,665.01,break below 665.80
2025-01-31,orb,META,long,8,09:49,701.0302,694.8725,713.345,13:29,694.664,stop,0.1558,-51.09,-1.037,701.03,break above 699.83
2025-02-04,orb,META,short,10,09:46,692.8571,697.9,684.04,10:15,698.1094,stop,0.1943,-52.72,-1.141,693.28,break below 693.32
2025-02-06,orb,META,long,13,09:46,710.4281,706.7675,717.665,10:23,717.81,target,0.2616,95.7,2.027,710.4,break above 709.79
2025-02-07,orb,META,long,12,09:46,724.1172,719.835,732.21,10:00,719.4791,stop,0.242,-55.9,-1.129,723.96,break above 723.81
2025-02-10,orb,META,short,11,09:48,714.0757,718.6725,705.915,11:24,718.9856,stop,0.2202,-54.23,-1.159,714.42,break below 716.31
2025-02-11,orb,META,long,13,09:54,716.0147,713.38,719.86,10:08,713.166,stop,0.2599,-37.29,-1.328,715.54,break above 714.89
2025-02-12,orb,META,long,13,09:56,719.6258,715.96,725.83,10:06,715.7452,stop,0.2608,-50.71,-1.186,719.25,break above 719.12
2025-02-13,orb,META,long,13,10:21,725.1725,722.115,731.34,11:56,721.8534,stop,0.263,-43.41,-1.086,725.19,break above 724.27
2025-02-14,orb,META,long,13,09:54,731.2493,728.2975,736.405,11:09,736.405,target,0.2683,66.76,1.9,731.0,break above 730.69
2025-02-18,orb,META,short,9,09:46,726.332,731.57,715.775,10:28,715.775,target,0.1832,94.83,2.001,726.305,break below 726.42
2025-02-19,orb,META,short,11,10:06,698.0905,702.7325,689.27,11:17,703.1459,stop,0.2153,-55.82,-1.131,698.245,break below 698.51
2025-02-21,orb,META,short,11,10:42,695.3463,700.0,686.98,13:04,686.98,target,0.2145,91.82,1.923,695.66,break below 696.24
2025-02-24,orb,META,short,11,09:50,678.2365,683.2925,670.535,10:01,670.535,target,0.2092,84.51,1.807,679.04,break below 679.33
2025-02-25,orb,META,short,9,09:53,658.8323,664.575,649.17,10:20,649.17,target,0.1663,86.79,1.878,659.44,break below 661.50
2025-02-26,orb,META,long,12,09:47,667.4502,662.4175,674.755,10:02,674.755,target,0.2271,87.43,1.772,666.53,break above 666.12
2025-03-05,orb,META,short,15,09:55,642.3172,644.885,635.885,10:00,646.819,stop,0.2703,-67.8,-1.507,641.885,break below 641.98
2025-03-06,orb,META,long,15,10:20,648.6445,644.885,654.2,11:26,644.6915,stop,0.2713,-59.57,-1.279,647.99,break above 647.22
2025-03-07,orb,META,long,9,09:52,632.2246,626.68,642.55,10:00,626.492,stop,0.1582,-51.75,-1.087,631.97,break above 630.93
2025-03-12,orb,META,short,10,09:53,624.1927,629.135,615.14,10:58,615.14,target,0.1752,90.35,1.937,624.47,break below 625.07
2025-03-14,orb,META,short,15,09:55,600.1199,603.77,594.05,11:00,604.4563,stop,0.2527,-65.3,-1.344,600.53,break below 601.08
2025-03-17,orb,META,short,12,10:04,604.5686,608.845,596.59,15:55,604.5863,time,0.2037,-0.42,-0.008,604.76,break below 604.94
2025-03-19,orb,META,long,11,10:02,585.9057,581.8925,594.545,10:45,581.6555,stop,0.1797,-46.93,-1.012,586.11,break above 585.04
2025-03-21,orb,META,long,11,09:59,590.037,585.4925,598.58,15:55,594.3716,time,0.1836,47.5,0.99,589.855,break above 589.71
2025-03-24,orb,META,long,11,09:46,619.3257,615.555,628.89,11:16,614.9555,stop,0.1899,-48.26,-0.987,620.0,break above 618.49
2025-03-25,orb,META,long,12,09:56,629.1787,625.12,637.27,10:02,624.9325,stop,0.2105,-51.17,-1.053,629.17,break above 628.79
2025-03-26,orb,META,short,13,09:51,620.1539,623.705,612.5,10:20,612.5,target,0.2263,99.27,2.045,619.97,break below 620.82
2025-03-27,orb,META,long,14,09:51,606.3719,602.735,612.98,10:38,613.36,target,0.241,97.59,2.041,606.15,break above 605.36
2025-03-28,orb,META,short,15,09:56,595.4813,598.7925,589.095,10:12,589.095,target,0.2508,95.54,1.97,595.56,break below 596.27
2025-04-08,orb,META,short,13,10:31,539.848,543.44,532.505,11:00,532.495,target,0.1973,95.39,2.013,539.795,break below 540.00
2025-04-15,orb,META,long,12,09:49,537.5912,533.24,545.27,09:59,533.08,stop,0.1798,-54.31,-1.129,537.25,break above 537.19
2025-04-16,orb,META,short,18,10:15,506.553,509.445,501.45,10:25,509.5978,stop,0.2565,-55.06,-1.148,506.78,break below 506.88
2025-04-17,orb,META,long,19,09:52,506.4819,503.325,510.795,10:05,503.174,stop,0.2689,-63.12,-1.334,505.815,break above 505.67
2025-04-21,orb,META,short,17,09:47,488.4884,491.235,482.7,11:33,482.7,target,0.2337,98.17,2.03,488.39,break below 489.36
2025-04-22,orb,META,long,17,10:08,493.6981,490.73,499.175,10:17,490.1329,stop,0.2345,-60.84,-1.271,493.545,break above 493.32
2025-04-23,orb,META,long,13,09:46,534.0202,529.68,540.48,09:55,529.5211,stop,0.1935,-58.68,-1.254,533.28,break above 533.23
2025-04-24,orb,META,long,13,09:57,524.2272,520.3275,531.825,14:33,531.91,target,0.1944,99.68,2.001,524.16,break above 522.99
2025-04-25,orb,META,short,12,09:48,539.6681,543.41,531.8,10:12,543.573,stop,0.182,-47.04,-1.013,539.54,break below 540.16
2025-04-29,orb,META,long,15,09:57,550.7602,547.4125,556.945,15:55,554.7835,time,0.2338,60.12,1.261,550.59,break above 550.39
2025-04-30,orb,META,short,11,09:57,529.841,534.525,521.745,10:04,534.6854,stop,0.1639,-53.45,-1.141,530.265,break below 530.92
2025-05-02,orb,META,long,12,10:02,586.1158,581.7425,593.705,10:16,593.705,target,0.2001,90.87,1.899,585.73,break above 585.08
2025-05-05,orb,META,long,13,09:48,595.2885,591.245,602.18,10:03,602.19,target,0.2198,89.5,1.889,594.89,break above 594.25
2025-05-06,orb,META,short,12,10:01,589.1932,592.6475,580.475,10:08,592.8253,stop,0.1985,-43.78,-0.899,588.59,break below 589.57
2025-05-07,orb,META,long,16,10:02,591.9175,589.12,595.66,10:26,595.66,target,0.2676,59.61,1.709,591.3,break above 591.29
2025-05-08,orb,META,short,13,09:49,602.4292,607.9225,597.115,10:55,597.115,target,0.2199,68.86,1.47,604.32,break below 605.54
2025-05-09,orb,META,short,16,09:52,601.7144,604.5825,598.065,10:18,597.965,target,0.2703,59.72,1.718,602.41,break below 602.43
2025-05-13,orb,META,long,12,09:56,651.5604,647.2275,659.52,11:26,659.71,target,0.2221,97.57,1.984,651.325,break above 651.18
2025-05-14,orb,META,short,15,09:46,657.2728,660.05,653.57,13:43,660.248,stop,0.2766,-44.91,-1.386,657.89,break below 657.90
2025-05-15,orb,META,short,15,09:47,651.5145,654.6375,646.83,13:03,654.8864,stop,0.2742,-50.85,-1.303,652.035,break below 652.40
2025-05-16,orb,META,short,14,10:32,632.5502,636.3025,625.795,14:21,636.4934,stop,0.2485,-55.45,-1.131,632.8,break below 632.96
2025-05-19,orb,META,long,11,09:46,636.0308,631.65,644.34,15:55,639.5281,time,0.1974,38.27,0.823,635.88,break above 635.32
2025-05-21,orb,META,long,9,09:49,642.3627,637.0875,653.115,13:19,636.324,stop,0.1607,-54.51,-1.134,642.43,break above 641.39
2025-05-22,orb,META,long,15,09:50,636.3308,633.535,642.31,10:06,642.31,target,0.2703,89.42,2.038,636.46,break above 636.26
2025-05-23,orb,META,long,13,10:13,630.089,626.285,637.67,15:55,626.332,time,0.2285,-49.07,-0.995,630.08,break above 629.62
2025-05-27,orb,META,long,15,10:02,637.8163,635.13,642.36,12:40,642.36,target,0.2704,67.89,1.878,637.54,break above 637.31
2025-05-28,orb,META,short,13,10:39,643.5969,647.325,635.82,15:55,643.433,time,0.2348,1.9,0.038,643.49,break below 643.88
2025-05-29,orb,META,short,13,09:46,646.336,650.62,639.1,15:55,644.9384,time,0.2357,17.93,0.359,646.78,break below 647.99
2025-05-30,orb,META,long,15,10:02,644.3132,641.45,649.31,12:27,641.2576,stop,0.2699,-46.1,-1.173,644.07,break above 643.49
2025-06-05,orb,META,short,13,09:48,685.7242,689.5175,678.395,10:25,689.7244,stop,0.25,-52.25,-1.084,685.81,break below 686.71
2025-06-06,orb,META,short,13,10:53,694.6515,699.035,687.8,14:23,699.3597,stop,0.2532,-61.46,-1.262,695.29,break below 695.48
2025-06-10,orb,META,short,14,11:10,696.8209,699.7675,690.085,14:38,700.21,stop,0.2735,-47.72,-1.056,696.54,break below 696.72
2025-06-11,orb,META,short,13,09:46,701.3895,705.4625,694.445,15:26,694.445,target,0.2556,90.02,1.886,701.79,break below 702.51
2025-06-12,orb,META,short,13,10:04,686.9838,690.7625,679.955,10:15,690.9697,stop,0.2504,-52.07,-1.112,687.16,break below 687.82
2025-06-13,orb,META,short,13,10:29,686.9239,690.89,680.045,10:40,691.2123,stop,0.2504,-56.0,-1.192,687.275,break below 687.52
2025-06-16,orb,META,short,10,09:47,694.0217,699.18,684.81,10:02,699.5148,stop,0.1946,-55.13,-1.151,694.39,break below 695.28
2025-06-18,orb,META,long,14,09:49,699.5648,698.3,702.275,10:01,698.0905,stop,0.274,-20.91,-1.127,699.625,break above 699.60
2025-06-20,orb,META,short,14,09:46,695.8562,699.2125,688.735,10:26,688.54,target,0.2732,102.15,2.089,695.72,break below 696.94
2025-06-23,orb,META,long,14,10:04,685.1555,681.59,689.54,10:33,689.67,target,0.2707,62.93,1.696,684.24,break above 684.20
2025-06-24,orb,META,short,9,10:12,702.8491,708.4,692.17,11:38,708.9026,stop,0.1773,-54.66,-1.123,702.99,break below 703.82
2025-06-25,orb,META,short,14,09:47,711.3165,714.53,707.54,10:45,714.8744,stop,0.2792,-50.09,-1.536,712.2,break below 712.56
2025-06-26,orb,META,short,14,09:52,710.9467,713.68,707.935,09:56,714.2442,stop,0.279,-46.44,-1.732,711.765,break below 711.96
2025-06-27,orb,META,long,13,09:54,733.1599,730.5125,736.025,10:25,730.2933,stop,0.2661,-37.53,-1.571,732.35,break above 732.32
2025-06-30,orb,META,short,13,09:49,737.7286,741.2,732.155,09:56,741.6724,stop,0.2688,-51.54,-1.315,738.185,break below 738.36
2025-07-01,orb,META,short,13,10:28,730.3908,734.265,723.45,11:01,722.735,target,0.2661,99.26,2.118,730.66,break below 731.05
2025-07-02,orb,META,short,13,09:57,713.9458,716.9675,709.235,10:02,717.1826,stop,0.2602,-42.34,-1.264,714.39,break below 714.61
2025-07-03,orb,META,short,11,09:50,722.2783,724.9675,712.075,12:59,719.1107,eod,0.2227,34.62,0.732,720.67,break below 721.04
2025-07-07,orb,META,long,13,09:46,719.6158,716.7475,726.715,10:23,726.75,target,0.2648,92.48,2.141,720.07,break above 719.99
2025-07-08,orb,META,short,12,09:51,716.8249,720.8025,708.855,10:01,721.3163,stop,0.2411,-54.14,-1.133,716.82,break below 718.86
2025-07-09,orb,META,long,11,09:54,731.7895,726.6475,740.035,15:55,732.3002,time,0.2258,5.39,0.11,731.11,break above 730.11
2025-07-10,orb,META,short,13,09:46,728.0915,731.5975,720.28,10:12,720.28,target,0.2653,101.28,2.065,727.825,break below 728.08
2025-07-14,orb,META,long,11,11:04,725.2025,720.3325,733.555,15:44,719.9839,stop,0.222,-57.63,-1.189,724.74,break above 723.82
2025-07-15,orb,META,short,13,09:56,717.3047,721.235,710.0,15:55,712.1236,time,0.2614,67.09,1.378,717.49,break below 718.30
2025-07-16,orb,META,short,12,09:52,705.4483,709.99,697.795,15:55,702.8608,time,0.2373,30.81,0.632,705.925,break below 706.39
2025-07-17,orb,META,short,14,10:02,700.7597,703.6425,695.535,12:08,704.3062,stop,0.2751,-49.93,-1.32,700.94,break below 701.52
2025-07-18,orb,META,short,14,09:55,696.7809,700.25,690.02,11:30,700.4601,stop,0.2735,-51.78,-1.085,696.84,break below 697.53
2025-07-21,orb,META,long,9,09:46,716.0748,710.4375,725.625,15:55,712.5162,time,0.1798,-32.21,-0.707,715.5,break above 714.44
2025-07-22,orb,META,short,14,09:48,708.8373,712.725,703.155,09:59,703.155,target,0.2782,79.27,1.775,709.535,break below 709.64
2025-07-23,orb,META,short,14,09:46,705.1784,708.2375,698.345,09:48,708.45,stop,0.2768,-46.08,-0.998,704.94,break below 706.10
2025-07-25,orb,META,long,13,09:52,718.8456,715.335,724.71,15:10,714.8355,stop,0.2605,-52.39,-1.29,718.46,break above 717.19
2025-07-28,orb,META,long,10,09:46,723.457,718.675,732.505,10:22,718.3844,stop,0.2014,-50.93,-1.105,723.285,break above 722.72
2025-07-29,orb,META,short,11,09:49,715.6752,720.215,707.15,14:58,707.15,target,0.2207,93.56,1.953,715.86,break below 715.99
2025-07-30,orb,META,short,13,11:12,699.76,703.8375,692.325,14:59,692.325,target,0.2551,96.4,1.932,700.0,break below 700.25
2025-08-01,orb,META,short,8,09:46,754.7535,760.5075,741.765,15:55,750.365,time,0.1692,34.94,0.699,754.26,break below 755.33
2025-08-04,orb,META,long,12,09:46,766.1698,761.7975,773.805,10:01,761.569,stop,0.2561,-55.47,-1.155,765.8,break above 765.14
2025-08-05,orb,META,long,12,09:49,780.8542,776.33,786.83,10:25,775.9272,stop,0.2608,-59.39,-1.414,779.83,break above 778.99
2025-08-06,orb,META,short,13,09:53,763.6758,767.5875,756.855,10:56,767.8178,stop,0.2782,-54.12,-1.164,764.01,break below 764.10
2025-08-07,orb,META,long,12,10:04,774.7674,771.52,781.06,10:10,771.2885,stop,0.2593,-42.01,-1.101,774.7,break above 774.28
2025-08-08,orb,META,long,12,10:24,766.3698,762.2775,774.615,13:01,761.8714,stop,0.2562,-54.24,-1.099,766.39,break above 765.97
2025-08-11,orb,META,short,12,09:48,767.9495,770.83,766.21,10:15,771.0612,stop,0.2582,-37.6,-2.035,769.29,break below 769.38
2025-08-13,orb,META,short,10,09:56,787.4887,791.71,777.76,15:55,780.129,time,0.2206,73.38,1.578,787.06,break below 788.17
2025-08-14,orb,META,long,8,09:49,782.5147,775.89,792.66,15:55,783.015,time,0.1755,3.83,0.086,781.48,break above 779.24
2025-08-15,orb,META,long,12,10:01,789.6018,784.5575,794.885,10:17,794.885,target,0.2672,63.13,1.528,788.0,break above 787.87
2025-08-19,orb,META,short,11,09:50,758.4624,763.34,749.75,12:40,749.75,target,0.2338,95.6,1.919,758.81,break below 759.78
2025-08-20,orb,META,short,8,09:46,739.1832,745.4775,728.655,13:37,745.7737,stop,0.1657,-52.89,-1.179,739.87,break below 740.89
2025-08-21,orb,META,short,13,09:47,738.1185,741.815,730.88,10:23,742.0375,stop,0.2689,-51.22,-1.081,738.17,break below 738.59
2025-08-22,orb,META,long,10,09:50,743.9631,739.2975,753.12,09:57,739.0757,stop,0.2071,-49.08,-1.065,743.905,break above 743.32
2025-08-26,orb,META,short,13,09:48,749.0302,750.445,744.73,09:53,750.8152,stop,0.2729,-23.48,-0.948,748.54,break below 748.88
2025-08-27,orb,META,short,13,09:46,748.3254,751.4075,743.0,10:21,751.6329,stop,0.2726,-43.27,-1.188,748.605,break below 749.50
2025-08-29,orb,META,short,13,09:46,742.5272,745.005,739.68,09:58,739.68,target,0.2705,36.74,1.592,743.23,break below 743.26
2025-09-02,orb,META,long,9,09:52,732.3496,727.365,742.5,11:41,726.9219,stop,0.1834,-49.03,-1.08,732.41,break above 731.68
2025-09-03,orb,META,short,13,11:28,734.3296,737.3125,729.055,12:10,737.6812,stop,0.2675,-43.84,-1.225,734.56,break below 734.67
2025-09-05,orb,META,long,13,10:00,757.8373,754.425,764.01,10:18,754.1987,stop,0.2747,-47.58,-1.145,757.62,break above 757.08
2025-09-09,orb,META,long,10,09:46,762.0385,757.46,772.28,15:55,764.5906,time,0.2142,25.31,0.512,762.4,break above 761.27
2025-09-11,orb,META,long,13,10:06,756.832,752.2525,763.6,10:47,751.7994,stop,0.2739,-65.7,-1.336,756.035,break above 755.57
2025-09-12,orb,META,long,13,10:05,748.5645,746.745,756.21,14:13,756.26,target,0.2755,99.77,2.432,749.9,break above 749.52
2025-09-15,orb,META,long,8,09:46,763.0438,757.2825,774.24,10:01,756.0231,stop,0.1695,-56.34,-1.246,762.935,break above 762.15
2025-09-16,orb,META,long,12,09:46,772.4117,769.1525,779.915,10:00,768.6693,stop,0.2584,-45.17,-1.049,772.74,break above 772.32
2025-09-19,orb,META,short,12,09:52,782.1953,786.535,774.565,11:58,774.55,target,0.2629,91.48,1.911,782.545,break below 782.59
2025-09-22,orb,META,short,12,10:33,778.2015,782.3175,772.38,12:25,772.38,target,0.2616,69.6,1.751,779.005,break below 779.13
2025-09-23,orb,META,short,13,09:46,762.6061,765.875,754.505,10:31,766.4849,stop,0.2778,-50.7,-1.029,762.085,break below 762.50
2025-09-24,orb,META,short,13,09:57,754.1837,757.87,749.125,10:36,758.4525,stop,0.2747,-55.77,-1.472,754.955,break below 755.58
2025-09-26,orb,META,short,13,09:46,748.2255,749.9,743.585,09:47,750.125,stop,0.2726,-24.97,-0.912,747.795,break below 748.80
2025-10-01,orb,META,short,12,09:50,714.2057,718.5175,706.255,12:37,718.8756,stop,0.2403,-56.28,-1.147,714.43,break below 715.66
2025-10-02,orb,META,long,12,09:46,727.4782,723.045,735.3,09:49,722.8281,stop,0.2431,-56.04,-1.143,727.13,break above 725.83
2025-10-07,orb,META,short,14,09:46,711.8114,715.535,707.12,10:47,715.7497,stop,0.2794,-55.42,-1.411,712.73,break below 712.77
2025-10-08,orb,META,long,12,10:13,715.6746,711.4,723.07,15:55,716.7549,time,0.2411,12.72,0.273,715.29,break above 714.98
2025-10-09,orb,META,short,12,09:46,714.4456,718.7325,706.695,10:04,719.1907,stop,0.2403,-57.18,-1.188,714.72,break below 715.31
2025-10-10,orb,META,short,12,10:59,726.0521,731.615,720.065,11:02,720.065,target,0.2442,71.6,1.55,727.765,break below 728.07
2025-10-13,orb,META,long,11,09:57,715.8847,711.555,724.98,10:50,711.3415,stop,0.2194,-50.19,-1.02,716.03,break above 715.20
2025-10-14,orb,META,long,12,10:01,708.4175,703.9025,715.625,15:55,707.9076,time,0.2381,-6.36,-0.136,707.81,break above 707.25
2025-10-15,orb,META,long,13,10:06,720.8962,716.665,727.81,11:36,716.45,stop,0.2611,-58.06,-1.202,720.38,break above 720.00
2025-10-16,orb,META,long,13,09:46,723.657,720.1575,731.085,10:30,719.624,stop,0.2622,-52.69,-1.113,723.8,break above 722.76
2025-10-17,orb,META,long,14,09:54,712.8938,709.245,718.53,10:00,709.0322,stop,0.2783,-54.34,-1.254,712.34,break above 712.05
2025-10-20,orb,META,long,13,09:47,725.5276,722.6825,730.205,09:54,730.205,target,0.2661,60.54,1.857,725.19,break above 725.01
2025-10-21,orb,META,short,13,09:50,732.8401,736.015,725.95,15:55,733.3499,time,0.267,-6.9,-0.158,732.66,break below 733.78
2025-10-22,orb,META,long,13,09:50,735.9057,732.6725,739.565,10:02,739.565,target,0.2694,47.3,1.584,734.97,break above 734.12
2025-10-23,orb,META,long,13,09:46,739.6618,735.99,745.68,13:31,735.6992,stop,0.268,-51.78,-1.233,739.22,break above 738.28
2025-10-24,orb,META,short,13,09:48,733.13,736.84,726.85,10:12,737.4612,stop,0.2671,-56.57,-1.307,733.51,break below 734.50
2025-10-27,orb,META,long,13,10:00,755.5966,752.27,761.465,10:26,752.0443,stop,0.2739,-46.45,-1.166,755.335,break above 755.12
2025-10-28,orb,META,short,13,10:08,752.4692,755.5075,746.395,10:36,746.395,target,0.2741,78.69,1.993,752.47,break below 752.76
2025-11-03,orb,META,long,15,10:07,657.7873,654.8175,663.525,10:16,654.6211,stop,0.2755,-47.77,-1.097,657.72,break above 657.52
2025-11-05,orb,META,long,14,10:00,633.2399,629.545,640.015,12:00,640.015,target,0.2514,94.6,1.936,633.035,break above 632.55
2025-11-10,orb,META,long,11,10:02,631.3193,627.425,641.06,11:05,627.0318,stop,0.1936,-47.36,-0.947,631.97,break above 631.39
2025-11-11,orb,META,short,16,09:46,623.8028,626.81,619.31,14:53,626.998,stop,0.2801,-51.4,-1.285,624.31,break below 624.47
2025-11-12,orb,META,short,10,09:46,620.0039,625.31,611.33,10:35,611.33,target,0.174,86.57,1.858,620.65,break below 621.90
2025-11-13,orb,META,long,14,10:09,616.2248,612.6075,622.965,10:43,612.4012,stop,0.2407,-53.77,-1.112,616.06,break above 615.52
2025-11-14,orb,META,long,13,09:48,602.1106,598.3175,609.635,10:39,609.635,target,0.2225,97.59,1.99,602.09,break above 601.42
2025-11-17,orb,META,long,16,09:46,609.4328,605.995,614.455,10:09,605.8132,stop,0.2721,-58.19,-1.29,608.815,break above 608.75
2025-11-18,orb,META,short,11,09:48,589.4831,593.785,581.26,11:27,593.9631,stop,0.1821,-49.46,-1.077,589.61,break below 590.11
2025-11-19,orb,META,long,16,10:04,593.7681,590.4575,599.645,10:40,590.2804,stop,0.2652,-56.07,-1.144,593.52,break above 593.38
2025-11-20,orb,META,long,13,09:51,606.827,602.59,613.36,09:59,602.4092,stop,0.2199,-57.65,-1.235,606.18,break above 605.88
2025-11-21,orb,META,short,10,10:02,587.2238,591.6625,577.945,11:58,591.84,stop,0.1649,-46.33,-1.013,587.09,break below 587.46
2025-11-24,orb,META,long,11,09:46,604.7764,600.395,613.28,10:36,613.28,target,0.1894,93.35,1.976,604.69,break above 603.03
2025-11-25,orb,META,long,10,09:56,626.4379,621.3375,635.085,15:48,635.085,target,0.1782,86.29,1.883,625.92,break above 624.07
2025-11-26,orb,META,short,13,10:01,632.2203,635.68,624.31,10:15,635.8707,stop,0.2306,-47.69,-0.968,631.89,break below 633.25
2025-11-28,orb,META,long,15,09:50,641.1123,638.3475,646.665,12:57,646.665,target,0.2721,83.02,1.996,641.12,break above 641.09
2025-12-01,orb,META,long,13,09:57,644.4383,641.005,651.955,10:27,640.8127,stop,0.2337,-47.37,-0.998,644.655,break above 644.12
2025-12-02,orb,META,short,15,09:46,638.6234,642.035,634.505,09:59,642.2776,stop,0.2688,-55.08,-1.463,639.525,break below 640.30
2025-12-03,orb,META,long,15,09:46,646.6039,643.8225,650.535,10:13,643.4269,stop,0.2708,-47.93,-1.428,646.06,break above 645.94
2025-12-05,orb,META,short,14,09:57,663.056,666.14,655.595,10:04,666.3398,stop,0.2604,-46.23,-0.94,662.625,break below 662.65
2025-12-08,orb,META,short,8,09:48,666.6499,672.7175,655.7,15:55,667.0701,time,0.1496,-3.51,-0.077,667.045,break below 668.81
2025-12-09,orb,META,short,10,09:48,654.4836,659.51,645.05,13:42,659.7079,stop,0.1836,-52.43,-1.088,654.69,break below 654.85
2025-12-11,orb,META,long,10,09:46,649.9099,644.815,659.47,15:55,651.4195,time,0.1828,14.91,0.305,649.7,break above 648.49
2025-12-12,orb,META,short,15,09:50,646.6959,649.6225,641.785,09:59,649.8174,stop,0.2722,-47.09,-1.202,647.01,break below 647.25
2025-12-15,orb,META,short,11,10:15,640.8777,645.525,632.04,10:50,645.7187,stop,0.1978,-53.45,-1.081,641.03,break below 641.46
2025-12-16,orb,META,long,15,09:48,650.285,646.86,656.64,14:42,656.64,target,0.2763,95.05,1.944,650.12,break above 649.91
2025-12-17,orb,META,short,15,09:47,653.9038,656.7725,648.755,09:49,656.9695,stop,0.2752,-46.26,-1.154,654.1,break below 654.50
2025-12-18,orb,META,long,15,09:58,663.2039,659.835,669.54,10:42,669.54,target,0.2817,94.76,1.953,663.07,break above 663.00
2025-12-19,orb,META,short,15,10:15,660.7267,664.41,654.69,11:05,664.6093,stop,0.278,-58.52,-1.204,661.17,break below 661.25
2025-12-23,orb,META,long,15,09:46,664.1292,661.19,669.71,10:11,660.9916,stop,0.2781,-47.34,-1.111,664.03,break above 663.18
2025-12-24,orb,META,long,14,10:01,667.0601,664.66,671.59,12:59,667.5797,eod,0.2621,7.01,0.217,666.97,break above 666.73
2025-12-26,orb,META,short,15,10:02,665.4553,667.295,662.3,12:52,662.28,target,0.28,47.35,1.896,665.63,break below 666.05
2025-12-31,orb,META,short,15,09:47,660.8017,663.1225,656.845,10:21,663.3439,stop,0.278,-38.41,-1.224,661.03,break below 661.36
2026-01-02,orb,META,short,11,10:14,655.4533,660.025,646.9,11:06,646.68,target,0.2023,96.3,2.001,655.65,break below 655.88
2026-01-06,orb,META,short,12,09:55,654.3636,657.7,645.505,10:07,658.5675,stop,0.2203,-50.67,-1.039,653.635,break below 653.84
2026-01-07,orb,META,short,15,09:46,654.4736,656.925,650.37,10:01,650.37,target,0.2754,61.28,1.87,654.74,break below 654.84
2026-01-09,orb,META,short,11,10:09,643.3169,647.565,634.41,10:19,648.0744,stop,0.1986,-52.53,-1.089,643.18,break below 644.14
2026-01-12,orb,META,short,15,10:00,647.8256,651.015,641.61,15:50,641.61,target,0.2726,92.96,1.977,647.88,break below 648.11
2026-01-13,orb,META,short,15,09:52,634.6495,638.31,628.32,10:03,628.32,target,0.2671,94.68,1.895,634.98,break below 635.52
2026-01-14,orb,META,short,14,09:59,621.6534,625.235,615.17,12:34,615.17,target,0.2443,90.52,1.927,621.88,break below 622.02
2026-01-15,orb,META,short,16,09:50,615.2204,618.3475,610.255,09:55,618.533,stop,0.2763,-53.28,-1.234,615.65,break below 616.20
2026-01-16,orb,META,long,15,09:46,627.8183,624.335,633.755,10:30,624.1427,stop,0.2628,-55.4,-1.176,627.475,break above 627.19
2026-01-20,orb,META,long,11,09:50,608.4625,604.155,616.68,14:17,603.9738,stop,0.1865,-49.56,-1.079,608.33,break above 608.30
2026-01-21,orb,META,long,15,10:23,606.6769,603.42,613.32,10:50,613.32,target,0.2582,99.39,2.008,606.72,break above 606.62
2026-01-23,orb,META,long,10,09:52,654.0362,649.1,663.08,11:03,663.08,target,0.186,90.25,1.937,653.76,break above 653.68
2026-01-26,orb,META,long,11,10:22,670.201,665.655,678.945,15:55,672.4782,time,0.2075,24.84,0.51,670.085,break above 669.63
2026-01-27,orb,META,short,9,10:05,665.9502,672.035,656.09,10:32,672.4717,stop,0.1681,-58.86,-1.231,666.72,break below 667.68
2026-01-28,orb,META,long,14,09:51,675.8327,673.3,681.04,10:35,673.068,stop,0.2643,-38.97,-1.079,675.88,break above 675.38
2026-02-03,orb,META,short,11,09:56,706.1581,710.505,697.5,10:24,697.5,target,0.2178,95.02,1.993,706.17,break below 706.28
2026-02-04,orb,META,short,8,09:46,677.9366,683.86,666.91,15:55,668.8106,time,0.1521,72.86,1.612,678.21,break below 679.22
2026-02-10,orb,META,short,13,09:48,672.2283,676.64,665.54,09:55,676.843,stop,0.2451,-60.24,-1.252,672.94,break below 673.11
2026-02-18,orb,META,long,12,09:59,636.911,632.09,644.33,15:53,644.33,target,0.2169,88.81,1.814,636.17,break above 635.98
2026-02-19,orb,META,long,15,09:47,642.5177,640.145,648.32,15:55,644.1067,time,0.2711,23.56,0.576,642.87,break above 642.82
2026-02-23,orb,META,short,10,09:59,648.0455,652.96,638.47,14:55,638.47,target,0.1818,95.57,1.979,648.13,break below 648.42
2026-02-24,orb,META,short,11,10:05,629.4111,633.6275,620.705,10:11,633.8176,stop,0.1943,-48.67,-1.027,629.32,break below 629.46
2026-02-25,orb,META,long,15,09:47,648.0644,644.785,654.28,15:55,652.6941,time,0.2747,69.17,1.457,647.95,break above 647.08
2026-03-04,orb,META,short,12,09:46,658.4274,662.0175,650.13,09:51,662.2161,stop,0.2216,-45.69,-0.961,658.055,break below 658.84
2026-03-05,orb,META,long,14,09:49,667.6752,664.89,673.335,10:21,664.6905,stop,0.261,-42.05,-1.067,667.705,break above 667.47
2026-03-09,orb,META,short,10,09:51,627.5217,632.66,618.41,10:37,632.9898,stop,0.1761,-54.86,-1.155,627.91,break below 628.40
2026-03-10,orb,META,short,15,09:57,652.9141,656.5075,646.645,10:38,656.857,stop,0.2748,-59.42,-1.205,653.22,break below 653.50
2026-03-11,orb,META,long,15,09:48,658.6075,656.4275,662.39,09:50,655.9532,stop,0.276,-40.09,-1.345,658.415,break above 658.37
2026-03-12,orb,META,short,11,09:47,644.8265,650.025,637.26,13:55,637.26,target,0.199,83.03,1.774,645.77,break below 646.80
2026-03-13,orb,META,long,12,09:46,625.6076,621.1625,633.065,10:50,620.9762,stop,0.2091,-55.79,-1.172,625.13,break above 624.54
2026-03-17,orb,META,short,11,11:04,628.0615,632.345,619.595,15:55,623.0769,time,0.1939,54.64,1.169,628.095,break below 628.18
2026-03-18,orb,META,long,16,11:26,621.9665,618.715,627.52,12:33,618.5294,stop,0.2778,-55.27,-1.177,621.65,break above 621.60
2026-03-19,orb,META,short,16,10:20,607.4027,610.555,602.23,15:55,605.9017,time,0.2728,23.74,0.535,607.78,break below 608.39
2026-03-20,orb,META,short,16,09:49,598.8403,601.1575,594.34,09:58,594.34,target,0.269,71.74,1.973,598.885,break below 598.89
2026-03-23,orb,META,long,16,10:16,604.4513,601.905,609.57,12:29,601.7244,stop,0.2703,-43.9,-1.074,604.46,break above 604.46
2026-03-24,orb,META,short,16,09:49,595.3214,598.2075,590.595,15:55,592.7278,time,0.2675,41.23,1.016,595.67,break below 596.03
2026-03-25,orb,META,short,14,09:52,596.0711,600.12,589.71,10:15,600.3501,stop,0.2343,-60.14,-1.238,596.65,break below 596.74
2026-03-26,orb,META,short,13,09:59,574.8775,578.96,568.07,10:06,579.1337,stop,0.2099,-55.54,-1.177,575.33,break below 575.80
2026-03-27,orb,META,short,13,09:57,535.7192,539.44,528.01,11:17,528.01,target,0.1958,100.02,2.019,535.63,break below 535.76
2026-03-30,orb,META,short,16,09:56,531.1456,534.2475,525.045,10:33,534.4078,stop,0.2389,-52.43,-1.068,531.18,break below 531.40
2026-04-02,orb,META,long,12,09:53,567.6052,563.3325,575.505,10:36,575.505,target,0.194,94.6,1.943,567.39,break above 566.68
2026-04-06,orb,META,short,16,10:11,576.617,579.8275,570.595,12:35,580.0014,stop,0.2591,-54.41,-1.105,576.75,break below 576.93
2026-04-07,orb,META,short,17,10:01,568.2495,570.65,563.48,13:35,570.8212,stop,0.2714,-43.99,-1.083,568.26,break below 568.52
2026-04-09,orb,META,long,10,09:49,631.9645,627.07,641.2,09:53,626.8819,stop,0.1759,-51.0,-1.083,631.78,break above 631.13
2026-04-10,orb,META,short,14,09:50,632.0503,635.565,625.11,10:24,635.7557,stop,0.2483,-52.12,-1.068,632.08,break below 632.67
2026-04-13,orb,META,short,15,09:47,625.0224,628.015,619.39,09:49,628.2034,stop,0.2631,-47.98,-1.113,625.14,break below 625.74
2026-04-14,orb,META,long,10,09:46,648.9996,643.72,658.66,11:17,658.66,target,0.1848,96.42,1.936,648.7,break above 648.00
2026-04-15,orb,META,long,14,09:58,671.0162,667.495,677.62,12:19,677.66,target,0.2661,92.75,1.963,670.87,break above 670.77
2026-04-16,orb,META,short,13,09:56,669.689,673.385,662.24,10:44,673.587,stop,0.2442,-50.92,-1.054,669.67,break below 670.20
2026-04-17,orb,META,long,8,09:46,686.976,680.325,698.91,15:55,687.3637,time,0.1542,2.95,0.059,686.52,break above 685.14
2026-04-21,orb,META,long,13,10:01,674.7524,671.215,682.15,11:01,670.7387,stop,0.2446,-52.42,-1.106,674.86,break above 674.65
2026-04-22,orb,META,long,14,10:29,675.8427,672.59,681.635,15:55,674.9375,time,0.265,-12.94,-0.307,675.605,break above 675.31
2026-04-23,orb,META,short,12,10:01,658.5324,662.7675,651.195,10:09,662.9663,stop,0.2217,-53.43,-1.154,658.91,break below 659.82
2026-04-24,orb,META,long,10,09:46,662.6988,657.925,672.85,11:30,672.85,target,0.1887,101.32,2.037,662.9,break above 661.91
2026-04-27,orb,META,long,13,09:46,678.4435,674.52,685.32,09:56,674.3176,stop,0.2459,-53.88,-1.151,678.12,break above 677.95
2026-04-28,orb,META,long,14,09:46,676.2178,672.945,681.9,09:59,672.7431,stop,0.2642,-48.91,-1.17,675.93,break above 675.92
2026-04-29,orb,META,long,14,09:55,670.071,666.5625,676.095,15:55,670.7487,time,0.2634,9.23,0.207,669.74,break above 669.00
2026-05-01,orb,META,short,12,09:47,610.4818,614.8175,602.885,11:15,615.0019,stop,0.2056,-54.45,-1.141,610.84,break below 611.11
2026-05-04,orb,META,short,16,10:00,604.0187,606.3075,599.985,10:19,606.4894,stop,0.2713,-39.8,-1.18,604.2,break below 604.39
2026-05-05,orb,META,short,11,10:01,605.8282,610.2825,596.655,15:55,606.0518,time,0.1871,-2.65,-0.053,605.74,break below 606.23
2026-05-06,orb,META,long,13,10:02,605.8817,601.72,613.06,10:13,613.06,target,0.2237,93.09,1.894,605.5,break above 605.24
2026-05-07,orb,META,long,8,10:01,624.4273,618.5475,635.445,12:14,618.3619,stop,0.1389,-48.66,-1.08,624.18,break above 622.84
2026-05-08,orb,META,short,16,09:59,613.106,615.0,609.6,10:09,615.1845,stop,0.2754,-33.53,-1.164,613.2,break below 613.27
2026-05-12,orb,META,long,11,09:54,600.265,595.86,608.4,15:55,602.6092,time,0.1861,25.6,0.557,600.04,break above 599.01
2026-05-13,orb,META,long,16,09:52,602.1006,599.455,607.09,10:01,607.09,target,0.2727,79.56,1.954,602.0,break above 601.80
2026-05-14,orb,META,long,16,09:59,619.0056,617.02,622.09,10:04,622.09,target,0.2794,49.07,1.815,618.71,break above 618.70
2026-05-15,orb,META,long,16,10:39,614.8744,611.79,620.28,11:54,611.5565,stop,0.2747,-53.36,-1.178,614.62,break above 614.09
2026-05-18,orb,META,long,16,09:48,609.4428,606.5425,614.905,10:36,605.8232,stop,0.2721,-58.19,-1.305,609.33,break above 609.28
2026-05-19,orb,META,long,16,09:52,611.0933,607.81,615.16,10:21,607.6277,stop,0.2729,-55.72,-1.421,610.26,break above 609.91
2026-05-20,orb,META,long,16,09:49,602.1906,600.535,605.53,09:51,600.3548,stop,0.2697,-29.64,-1.113,602.2,break above 602.01
2026-05-21,orb,META,short,16,09:53,598.8703,600.31,595.33,10:00,594.9,target,0.269,63.26,2.382,598.65,break below 598.72
2026-05-22,orb,META,short,13,10:09,607.4077,611.155,600.04,11:04,611.3383,stop,0.2217,-51.32,-1.065,607.45,break below 607.51
2026-05-26,orb,META,short,14,09:46,607.5377,611.0325,600.675,10:20,611.2158,stop,0.2388,-51.73,-1.07,607.58,break below 607.75
2026-05-27,orb,META,long,16,10:19,613.654,611.33,617.93,12:03,611.1466,stop,0.2745,-40.39,-1.148,613.53,break above 613.44
2026-05-29,orb,META,short,12,09:54,626.8219,630.865,618.7,15:50,631.0543,stop,0.2111,-51.0,-1.048,626.81,break below 627.59
2026-06-02,orb,META,long,10,09:52,605.3616,600.57,614.67,10:14,600.3898,stop,0.1686,-49.89,-1.061,605.27,break above 604.30
2026-06-05,orb,META,short,12,09:53,621.1536,625.4625,613.395,11:15,613.395,target,0.2092,92.89,1.924,621.44,break below 622.00
2026-06-09,orb,META,long,12,09:46,596.2688,592.0075,603.865,10:48,591.8299,stop,0.1994,-53.47,-1.127,595.96,break above 595.84
2026-06-11,orb,META,short,12,10:12,560.2269,564.285,552.42,12:15,564.4543,stop,0.1889,-50.92,-1.073,560.33,break below 561.13
2026-06-16,orb,META,long,11,09:48,602.6507,597.56,611.15,10:17,597.3807,stop,0.1845,-58.15,-1.167,602.09,break above 601.80
2026-06-17,orb,META,short,11,09:47,585.0444,589.69,576.61,14:04,576.61,target,0.1807,92.6,1.931,585.33,break below 585.76
2026-06-22,orb,META,long,14,09:46,574.3823,570.5075,580.925,10:17,570.3363,stop,0.2243,-56.87,-1.17,573.98,break above 573.61
2026-06-26,orb,META,long,17,10:09,546.4239,543.125,551.75,10:28,551.75,target,0.2636,90.28,1.847,546.0,break above 545.64
2026-06-30,orb,META,short,16,10:01,554.3436,557.735,548.66,12:41,557.9023,stop,0.2492,-57.19,-1.182,554.71,break below 554.92
2026-07-07,orb,META,long,10,09:47,613.6941,608.79,623.25,10:35,608.6074,stop,0.1709,-51.04,-1.059,613.61,break above 613.20
2026-07-15,orb,META,long,10,10:06,666.2198,661.0225,675.88,10:38,675.88,target,0.1896,96.41,1.947,665.975,break above 664.88
2026-07-20,orb,META,short,8,09:57,636.539,642.7225,624.865,10:12,642.9153,stop,0.1429,-51.15,-1.074,636.77,break below 638.88
2026-07-23,orb,META,short,11,10:27,604.6685,609.77,596.39,15:55,606.1618,time,0.1867,-16.61,-0.339,605.31,break below 605.39
2026-07-24,orb,META,short,16,09:55,601.7594,604.8325,596.095,10:21,605.1215,stop,0.2703,-54.06,-1.16,601.92,break below 602.49
2026-07-28,orb,META,short,13,09:47,593.127,597.4875,585.975,12:19,598.0194,stop,0.2165,-63.82,-1.279,593.65,break below 594.21
2026-07-29,orb,META,short,16,09:50,588.7733,592.08,583.71,11:14,592.2576,stop,0.2645,-56.01,-1.255,589.29,break below 589.64
2026-08-06,orb,META,long,11,09:56,594.9084,590.4325,603.31,10:11,590.2554,stop,0.1823,-51.37,-1.088,594.725,break above 594.53
2026-08-10,orb,META,short,11,09:46,594.7715,599.57,586.19,10:19,599.7499,stop,0.1837,-54.95,-1.12,595.11,break below 595.54
2026-08-11,orb,META,long,15,09:56,600.18,596.435,605.93,10:02,605.93,target,0.2552,85.99,1.811,599.6,break above 599.46
2026-08-14,orb,META,short,15,10:33,595.2464,598.6,588.85,15:55,590.127,time,0.2507,76.54,1.57,595.35,break below 595.42
2026-08-19,orb,META,long,12,09:51,544.6634,540.5025,552.615,11:46,552.615,target,0.1863,95.23,1.966,544.54,break above 543.61
2026-08-20,orb,META,short,17,10:18,543.157,546.385,537.64,10:37,546.5489,stop,0.2595,-57.92,-1.169,543.47,break below 543.82
2026-08-21,orb,META,long,13,09:48,551.0853,547.18,558.655,15:55,549.5951,time,0.2008,-19.57,-0.394,551.005,break above 550.97
2026-08-24,orb,META,short,14,09:47,547.1308,550.42,539.74,09:49,550.5851,stop,0.2153,-48.58,-0.975,546.86,break below 547.52
2026-08-25,orb,META,short,16,10:05,562.8211,566.045,557.0,11:42,566.2148,stop,0.253,-54.55,-1.131,563.03,break below 563.47
2026-08-31,orb,META,short,13,10:05,570.3488,574.755,563.31,15:02,574.9274,stop,0.2083,-59.73,-1.204,570.94,break below 571.09
2026-09-08,orb,META,short,12,10:33,614.8455,619.22,607.61,12:52,619.5558,stop,0.2071,-56.73,-1.222,615.35,break below 615.40
2026-09-16,orb,META,short,9,09:47,674.9275,680.39,664.88,09:51,680.5941,stop,0.1704,-51.17,-1.1,675.22,break below 675.78
2026-09-29,orb,META,short,13,10:00,720.9636,724.135,714.01,10:51,724.3522,stop,0.2627,-44.31,-1.01,720.76,break below 720.89
2026-09-30,orb,META,long,8,09:55,732.4197,726.35,744.56,10:15,726.1321,stop,0.1628,-50.46,-1.039,732.42,break above 731.27
2026-10-01,orb,META,short,12,09:50,727.9016,731.89,720.22,15:55,725.1775,time,0.2448,32.44,0.695,728.0,break below 728.15
2026-10-06,orb,META,short,13,09:49,740.2779,743.8975,732.745,11:33,744.1207,stop,0.2697,-50.23,-1.039,740.18,break below 740.73
2023-10-13,orb,GOOGL,short,67,10:01,138.8183,139.56,137.34,11:21,137.34,target,0.2697,98.78,1.992,138.82,break below 139.12
2023-10-16,orb,GOOGL,long,71,10:07,139.0117,138.485,140.3,11:59,138.4435,stop,0.285,-40.63,-0.946,139.09,break above 138.94
2023-10-17,orb,GOOGL,short,72,09:46,137.6887,138.4225,136.36,10:15,138.464,stop,0.2875,-56.11,-1.134,137.735,break below 138.07
2023-10-18,orb,GOOGL,short,70,10:55,139.3182,140.055,137.925,11:25,140.097,stop,0.2827,-54.8,-1.103,139.345,break below 139.39
2023-10-19,orb,GOOGL,long,71,09:48,138.9667,138.615,139.83,10:28,138.5734,stop,0.2853,-28.21,-0.981,139.02,break above 138.98
2023-10-20,orb,GOOGL,long,66,09:48,137.7013,136.875,139.14,09:54,136.8339,stop,0.262,-57.51,-1.154,137.63,break above 137.61
2023-10-23,orb,GOOGL,long,61,10:05,135.5106,134.71,137.14,12:57,137.16,target,0.2427,100.37,2.031,135.52,break above 135.47
2023-10-24,orb,GOOGL,long,72,09:56,138.6616,138.03,140.01,12:27,137.9886,stop,0.2881,-48.74,-1.026,138.69,break above 138.61
2023-10-30,orb,GOOGL,long,54,09:46,124.3773,123.505,126.28,10:21,123.4679,stop,0.1943,-49.3,-0.987,124.43,break above 124.23
2023-10-31,orb,GOOGL,short,60,09:53,123.6929,124.575,122.1,10:07,124.6124,stop,0.2163,-55.39,-1.119,123.75,break below 123.86
2023-11-01,orb,GOOGL,long,51,09:47,125.5677,124.4875,127.375,15:55,126.2821,time,0.1875,36.25,0.738,125.45,break above 125.25
2023-11-02,orb,GOOGL,short,78,09:46,127.8816,128.485,127.03,12:33,127.03,target,0.2902,66.14,1.748,128.0,break below 128.03
2023-11-03,orb,GOOGL,long,77,09:46,128.6436,128.215,129.34,10:06,128.1765,stop,0.2872,-36.25,-1.255,128.59,break above 128.55
2023-11-07,orb,GOOGL,long,76,10:42,131.1443,130.49,132.275,15:55,130.8807,time,0.2891,-20.32,-0.449,131.085,break above 131.05
2023-11-08,orb,GOOGL,short,76,10:03,130.8707,131.33,129.98,10:08,131.3694,stop,0.2891,-38.19,-1.117,130.88,break below 130.94
2023-11-09,orb,GOOGL,long,75,11:10,132.3397,131.745,133.41,12:27,131.7055,stop,0.2871,-47.85,-1.15,132.3,break above 132.29
2023-11-10,orb,GOOGL,long,76,09:46,130.4741,129.92,131.51,10:34,129.881,stop,0.287,-45.36,-1.126,130.45,break above 130.42
2023-11-13,orb,GOOGL,short,76,09:46,131.2356,131.7675,130.275,10:00,131.807,stop,0.2899,-43.72,-1.156,131.27,break below 131.38
2023-11-14,orb,GOOGL,long,74,09:59,134.9505,134.435,135.86,10:57,134.3947,stop,0.2888,-41.42,-1.178,134.91,break above 134.86
2023-11-16,orb,GOOGL,long,65,09:53,135.7107,134.905,137.185,10:30,137.185,target,0.2587,95.57,1.935,135.665,break above 135.49
2023-11-17,orb,GOOGL,long,73,09:53,136.0858,135.545,136.91,09:58,135.5043,stop,0.2871,-42.73,-1.287,136.0,break above 135.93
2023-11-20,orb,GOOGL,long,56,09:53,135.3706,134.525,137.165,15:55,136.0792,time,0.2211,39.46,0.801,135.405,break above 135.28
2023-11-21,orb,GOOGL,long,73,09:51,136.641,136.31,137.33,10:28,136.2691,stop,0.2887,-27.44,-1.105,136.65,break above 136.63
2023-11-24,orb,GOOGL,short,72,09:51,136.9989,137.6275,136.075,10:52,136.075,target,0.2862,66.23,1.778,137.11,break below 137.15
2023-11-28,orb,GOOGL,long,73,10:45,136.4009,135.985,137.455,15:55,137.0289,time,0.2902,45.55,1.273,136.475,break above 136.46
2023-11-29,orb,GOOGL,short,72,09:59,137.5287,137.9575,136.735,10:19,136.69,target,0.2872,60.1,2.048,137.55,break below 137.66
2023-11-30,orb,GOOGL,short,70,09:46,134.1048,134.88,132.75,10:39,132.75,target,0.2726,94.56,1.903,134.17,break below 134.23
2023-12-01,orb,GOOGL,short,76,09:50,130.9907,131.645,129.68,10:07,131.6845,stop,0.2894,-53.02,-1.065,130.99,break below 131.21
2023-12-04,orb,GOOGL,short,69,10:15,128.5164,129.32,127.16,15:52,129.3588,stop,0.258,-58.38,-1.175,128.6,break below 128.63
2023-12-05,orb,GOOGL,long,53,09:51,130.109,129.0625,131.875,10:57,131.9,target,0.2031,94.72,1.906,130.0,break above 129.86
2023-12-06,orb,GOOGL,short,76,10:01,131.2106,131.505,130.395,10:56,131.5445,stop,0.2898,-25.66,-0.913,131.135,break below 131.19
2023-12-08,orb,GOOGL,long,73,10:04,135.2055,134.67,136.41,11:58,134.6296,stop,0.2853,-42.33,-1.0,135.25,break above 135.24
2023-12-12,orb,GOOGL,short,57,09:55,131.3156,132.24,129.645,09:59,132.2797,stop,0.2175,-55.17,-1.119,131.375,break below 131.48
2023-12-13,orb,GOOGL,short,75,09:48,132.3103,132.98,131.165,10:24,133.0199,stop,0.2883,-53.51,-1.179,132.375,break below 132.46
2023-12-14,orb,GOOGL,long,74,09:46,133.52,132.89,134.645,09:52,132.8301,stop,0.2855,-51.34,-1.186,133.475,break above 133.41
2023-12-15,orb,GOOGL,long,47,09:46,133.39,132.37,135.505,10:00,132.3303,stop,0.1807,-49.99,-1.018,133.415,break above 133.31
2023-12-18,orb,GOOGL,long,64,09:50,134.1302,133.3375,135.655,10:11,135.655,target,0.252,97.33,1.969,134.11,break above 134.06
2023-12-19,orb,GOOGL,short,69,10:46,136.0992,136.8975,134.745,13:45,136.9386,stop,0.2725,-58.19,-1.175,136.18,break below 136.32
2023-12-21,orb,GOOGL,long,71,10:23,140.2771,139.6525,141.265,12:09,139.6106,stop,0.2873,-47.61,-1.247,140.19,break above 140.12
2023-12-22,orb,GOOGL,long,70,09:53,141.8125,141.325,142.645,09:57,141.2826,stop,0.2866,-37.38,-1.214,141.765,break above 141.76
2023-12-26,orb,GOOGL,long,70,09:46,142.6028,142.06,143.62,10:16,142.0174,stop,0.288,-41.27,-1.134,142.58,break above 142.53
2023-12-27,orb,GOOGL,short,70,09:46,141.1376,141.64,140.32,10:13,140.32,target,0.2863,56.95,1.849,141.2,break below 141.23
2023-12-28,orb,GOOGL,short,71,09:47,140.2679,140.74,139.48,15:55,140.082,time,0.2886,12.91,0.433,140.32,break below 140.39
2023-12-29,orb,GOOGL,long,71,09:46,140.2771,139.96,140.665,09:48,139.878,stop,0.2879,-28.62,-1.715,140.195,break above 140.17
2024-01-02,orb,GOOGL,short,58,09:46,137.7537,138.66,136.08,15:55,137.9614,time,0.2317,-12.28,-0.246,137.8,break below 137.88
2024-01-03,orb,GOOGL,long,72,10:57,138.5916,137.8675,139.825,15:55,138.6484,time,0.2895,3.8,0.081,138.52,break above 138.50
2024-01-04,orb,GOOGL,long,72,11:07,138.8967,138.4375,139.63,11:49,138.3885,stop,0.289,-36.88,-1.289,138.835,break above 138.82
2024-01-05,orb,GOOGL,long,72,10:04,137.1811,136.67,137.87,10:15,136.579,stop,0.2853,-43.64,-1.515,137.07,break above 137.04
2024-01-08,orb,GOOGL,long,72,10:46,137.3262,136.74,138.375,14:10,138.375,target,0.2889,75.23,1.917,137.285,break above 137.15
2024-01-09,orb,GOOGL,long,60,10:11,139.8619,138.985,141.46,13:05,141.47,target,0.2459,96.24,1.944,139.81,break above 139.79
2024-01-11,orb,GOOGL,short,48,09:51,143.157,144.23,141.14,11:45,141.14,target,0.199,96.62,1.954,143.2,break below 143.29
2024-01-12,orb,GOOGL,long,69,11:08,143.0229,142.4,144.11,15:55,142.6772,time,0.2851,-24.14,-0.614,142.97,break above 142.90
2024-01-17,orb,GOOGL,short,50,09:46,139.7581,140.885,137.9,11:05,140.9273,stop,0.2026,-58.66,-1.179,139.89,break below 139.98
2024-01-18,orb,GOOGL,short,70,10:15,142.0024,142.7075,140.69,10:37,142.7503,stop,0.288,-52.64,-1.118,142.035,break below 142.07
2024-01-19,orb,GOOGL,long,68,10:54,145.7787,145.055,147.11,15:55,146.3461,time,0.2879,38.29,0.822,145.74,break above 145.70
2024-01-22,orb,GOOGL,short,67,10:28,147.2058,147.8525,146.195,15:50,146.195,target,0.2853,67.44,1.822,147.3,break below 147.34
2024-01-23,orb,GOOGL,long,68,10:12,146.814,146.1325,147.955,11:17,146.0812,stop,0.2874,-50.12,-1.213,146.74,break above 146.73
2024-01-24,orb,GOOGL,long,66,10:16,149.4348,148.7225,150.725,15:15,148.6779,stop,0.2838,-50.24,-1.14,149.39,break above 149.34
2024-01-25,orb,GOOGL,long,66,09:54,150.7752,150.12,151.89,10:24,151.89,target,0.2896,73.29,1.882,150.71,break above 150.67
2024-01-26,orb,GOOGL,long,65,11:09,152.3457,151.64,153.53,12:38,151.5795,stop,0.2847,-50.09,-1.223,152.27,break above 152.24
2024-01-29,orb,GOOGL,long,65,09:46,152.6508,151.9475,153.695,10:05,151.8544,stop,0.2852,-52.05,-1.375,152.53,break above 152.40
2024-01-30,orb,GOOGL,short,65,10:06,152.5092,153.1,151.51,10:29,153.1459,stop,0.2864,-41.67,-1.21,152.57,break below 152.58
2024-02-05,orb,GOOGL,long,47,09:49,144.8334,143.85,147.0,10:33,143.8068,stop,0.1957,-48.45,-0.982,144.9,break above 144.85
2024-02-06,orb,GOOGL,short,69,09:56,144.2867,144.8325,143.325,14:10,143.25,target,0.2882,71.24,2.055,144.33,break below 144.35
2024-02-07,orb,GOOGL,short,69,09:46,144.4167,144.76,143.98,09:48,144.8034,stop,0.2885,-26.98,-1.504,144.5,break below 144.54
2024-02-08,orb,GOOGL,short,68,09:53,145.5763,146.015,144.8,10:16,146.1288,stop,0.2865,-37.86,-1.375,145.61,break below 145.71
2024-02-09,orb,GOOGL,long,67,09:59,147.1441,146.605,148.06,10:46,148.06,target,0.2869,61.08,1.88,147.09,break above 147.00
2024-02-12,orb,GOOGL,short,67,09:58,148.0356,148.45,147.385,10:57,148.4945,stop,0.2869,-31.04,-1.305,148.095,break below 148.14
2024-02-13,orb,GOOGL,long,68,09:46,145.2286,144.6925,146.215,10:30,146.24,target,0.2877,68.49,1.985,145.2,break above 145.17
2024-02-14,orb,GOOGL,short,63,10:58,144.8865,145.75,143.395,15:45,145.7937,stop,0.2642,-57.42,-1.161,144.965,break below 144.99
2024-02-16,orb,GOOGL,short,52,09:51,141.6225,142.57,139.69,15:55,140.5522,time,0.2134,55.44,1.111,141.61,break below 141.96
2024-02-20,orb,GOOGL,long,54,10:44,141.2774,140.33,143.06,15:55,140.8177,time,0.2204,-25.04,-0.51,141.24,break above 141.11
2024-02-21,orb,GOOGL,short,71,09:51,140.7178,141.115,139.87,10:00,141.1573,stop,0.2895,-31.5,-1.069,140.7,break below 140.75
2024-02-23,orb,GOOGL,long,69,09:46,144.6184,144.0575,145.505,10:00,144.0143,stop,0.2877,-41.97,-1.261,144.54,break above 144.47
2024-02-26,orb,GOOGL,short,49,09:48,140.2679,141.3875,138.365,12:22,138.365,target,0.1992,93.04,1.885,140.38,break below 140.44
2024-02-28,orb,GOOGL,short,61,09:46,136.4141,137.2725,134.82,15:55,136.2359,time,0.2415,10.63,0.213,136.455,break below 136.53
2024-02-29,orb,GOOGL,long,72,09:47,138.1214,137.4925,139.27,10:19,137.4513,stop,0.2871,-48.54,-1.138,138.085,break above 137.91
2024-03-01,orb,GOOGL,short,72,10:04,137.8136,138.35,136.88,13:51,138.3965,stop,0.2878,-42.25,-1.198,137.86,break below 137.87
2024-03-05,orb,GOOGL,short,72,10:08,131.8204,132.5425,130.465,12:15,132.5823,stop,0.2758,-55.13,-1.106,131.85,break below 131.88
2024-03-06,orb,GOOGL,short,75,09:46,132.3703,133.0475,131.495,10:02,131.495,target,0.2884,65.36,1.684,132.53,break below 132.53
2024-03-07,orb,GOOGL,short,75,09:46,131.5905,132.315,130.335,09:55,132.3547,stop,0.2868,-57.6,-1.164,131.655,break below 131.79
2024-03-08,orb,GOOGL,long,44,09:46,136.1408,134.98,138.37,15:55,135.5493,time,0.1731,-26.2,-0.527,136.11,break above 135.95
2024-03-11,orb,GOOGL,long,53,09:58,138.0214,137.0525,139.835,15:55,137.5987,time,0.2115,-22.61,-0.46,137.98,break above 137.91
2024-03-13,orb,GOOGL,long,57,11:05,140.6872,139.7575,142.345,15:28,139.6481,stop,0.2307,-59.46,-1.209,140.62,break above 140.53
2024-03-14,orb,GOOGL,long,53,10:25,142.1476,141.2175,144.015,15:55,142.9071,time,0.2194,40.03,0.81,142.15,break above 141.97
2024-03-15,orb,GOOGL,short,64,09:52,141.9074,142.45,140.14,12:12,140.14,target,0.2631,112.85,2.29,141.68,break below 141.73
2024-03-19,orb,GOOGL,short,46,09:47,146.526,147.655,144.4,15:55,147.1341,time,0.195,-28.17,-0.564,146.57,break below 146.59
2024-03-20,orb,GOOGL,short,66,09:48,147.2158,148.0725,145.8,14:05,148.1169,stop,0.2811,-59.75,-1.195,147.315,break below 147.38
2024-03-21,orb,GOOGL,short,66,09:58,149.4252,149.8975,148.615,10:34,148.585,target,0.2851,55.17,1.955,149.47,break below 149.52
2024-03-22,orb,GOOGL,long,57,09:48,150.6752,149.7775,152.365,15:55,150.9947,time,0.2487,17.96,0.365,150.64,break above 150.54
2024-03-26,orb,GOOGL,long,66,10:04,150.9503,150.425,151.655,11:35,151.655,target,0.2892,46.22,1.708,150.835,break above 150.82
2024-03-27,orb,GOOGL,short,66,10:12,150.2149,150.9725,148.895,15:55,150.8452,time,0.2866,-41.89,-0.916,150.28,break below 150.38
2024-04-02,orb,GOOGL,short,53,09:48,152.2743,153.285,150.465,10:04,153.331,stop,0.2332,-56.24,-1.129,152.345,break below 152.53
2024-04-03,orb,GOOGL,long,61,10:01,154.2012,153.3225,155.745,15:55,154.8235,time,0.2727,37.69,0.765,154.13,break above 153.90
2024-04-04,orb,GOOGL,short,59,09:57,152.2393,153.11,150.59,10:15,153.1559,stop,0.2595,-54.34,-1.096,152.27,break below 152.29
2024-04-08,orb,GOOGL,long,51,09:47,154.5113,153.54,156.45,15:55,154.7486,time,0.2279,11.87,0.24,154.51,break above 154.43
2024-04-09,orb,GOOGL,long,50,09:57,157.9924,156.9775,159.925,10:28,156.9304,stop,0.2264,-53.33,-1.086,157.96,break above 157.90
2024-04-10,orb,GOOGL,short,61,09:46,154.9835,155.82,153.39,10:07,155.8667,stop,0.2729,-54.15,-1.096,155.01,break below 155.12
2024-04-11,orb,GOOGL,long,63,09:46,157.7973,157.185,159.105,09:59,157.1378,stop,0.2857,-41.83,-1.038,157.825,break above 157.74
2024-04-12,orb,GOOGL,long,47,09:54,160.058,158.95,162.085,10:08,158.9023,stop,0.2154,-54.53,-1.11,159.995,break above 159.92
2024-04-16,orb,GOOGL,long,64,09:50,154.7764,154.205,155.735,10:27,154.1587,stop,0.2849,-39.82,-1.22,154.715,break above 154.70
2024-04-18,orb,GOOGL,long,64,10:17,155.8868,155.11,157.12,15:55,155.9232,time,0.288,2.05,0.048,155.78,break above 155.59
2024-04-19,orb,GOOGL,short,48,10:25,154.2037,155.375,152.27,15:55,154.0662,time,0.2137,6.39,0.129,154.34,break below 154.44
2024-04-22,orb,GOOGL,long,53,09:47,156.0818,155.16,157.95,10:26,155.1135,stop,0.2373,-51.56,-1.046,156.09,break above 156.07
2024-04-23,orb,GOOGL,long,49,09:46,158.2825,157.2125,160.235,10:03,157.1328,stop,0.2222,-56.55,-1.146,158.22,break above 157.96
2024-04-25,orb,GOOGL,long,47,09:46,153.0159,151.915,155.08,11:07,155.08,target,0.2104,96.8,1.952,152.97,break above 152.89
2024-04-29,orb,GOOGL,short,46,09:47,167.2698,168.485,165.29,09:57,168.5355,stop,0.2215,-58.45,-1.193,167.42,break below 167.43
2024-04-30,orb,GOOGL,short,40,11:01,165.6403,166.965,163.23,15:55,163.249,time,0.1908,95.46,1.917,165.72,break below 165.85
2024-05-01,orb,GOOGL,long,59,10:02,164.6444,163.7575,166.285,14:45,166.36,target,0.2827,100.94,2.031,164.6,break above 164.35
2024-05-02,orb,GOOGL,long,56,09:57,165.6197,164.73,167.37,10:09,164.6806,stop,0.2657,-52.85,-1.073,165.61,break above 165.56
2024-05-03,orb,GOOGL,short,51,09:50,166.0002,167.0325,164.13,10:12,164.13,target,0.2438,95.14,1.928,166.065,break below 166.18
2024-05-06,orb,GOOGL,long,53,09:51,168.1004,167.135,169.925,10:00,167.0849,stop,0.255,-54.08,-1.097,168.065,break above 168.00
2024-05-08,orb,GOOGL,long,58,10:05,169.8309,169.2625,170.815,13:24,169.1742,stop,0.2824,-38.37,-1.278,169.78,break above 169.75
2024-05-09,orb,GOOGL,short,48,09:46,168.6594,169.76,166.64,15:52,169.8409,stop,0.233,-56.95,-1.141,168.72,break below 168.86
2024-05-10,orb,GOOGL,long,59,10:06,168.6506,167.8625,170.075,10:31,167.8121,stop,0.285,-49.75,-1.143,168.6,break above 168.50
2024-05-13,orb,GOOGL,long,52,11:05,166.0398,165.0575,167.915,13:21,167.915,target,0.2514,97.26,1.964,166.01,break above 165.99
2024-05-14,orb,GOOGL,short,59,09:54,169.1492,169.8575,167.585,10:25,169.9085,stop,0.2872,-45.08,-1.009,169.1,break below 169.21
2024-05-16,orb,GOOGL,long,57,09:55,173.9372,173.1875,174.8,10:55,174.8,target,0.2865,48.9,1.596,173.725,break above 173.66
2024-05-17,orb,GOOGL,long,57,09:57,175.0125,174.3175,176.14,13:15,176.16,target,0.2886,65.12,1.881,174.925,break above 174.91
2024-05-20,orb,GOOGL,long,41,09:46,178.3585,177.095,180.68,11:21,177.0419,stop,0.2086,-54.19,-1.106,178.29,break above 178.03
2024-05-21,orb,GOOGL,long,49,09:53,177.3382,176.435,179.48,15:55,177.9466,time,0.2505,29.56,0.594,177.45,break above 177.05
2024-05-22,orb,GOOGL,short,56,10:25,175.6973,176.395,174.1,15:55,176.2329,time,0.2828,-30.28,-0.707,175.63,break below 175.67
2024-05-23,orb,GOOGL,short,56,09:48,176.9269,177.655,175.75,10:34,175.75,target,0.2847,65.62,1.845,177.02,break below 177.11
2024-05-24,orb,GOOGL,short,57,09:50,174.1727,174.9175,172.735,10:36,174.97,stop,0.2855,-45.73,-1.103,174.19,break below 174.24
2024-05-29,orb,GOOGL,long,56,09:53,176.3079,175.475,177.83,15:55,175.9072,time,0.2831,-22.72,-0.517,176.26,break above 176.21
2024-05-30,orb,GOOGL,short,57,10:09,173.8628,174.4925,172.745,11:21,172.745,target,0.285,63.43,1.91,173.91,break below 173.92
2024-05-31,orb,GOOGL,short,57,09:46,171.3786,172.235,169.61,12:22,169.6,target,0.281,101.1,2.027,171.36,break below 171.49
2024-06-03,orb,GOOGL,short,49,10:05,172.4183,173.53,170.5,15:55,172.4517,time,0.243,-1.88,-0.038,172.52,break below 172.57
2024-06-05,orb,GOOGL,long,51,09:46,176.638,175.58,178.52,10:41,175.5273,stop,0.2573,-56.9,-1.138,176.56,break above 176.25
2024-06-06,orb,GOOGL,short,56,09:46,175.8672,176.5375,174.745,09:51,176.623,stop,0.2831,-42.6,-1.273,175.94,break below 175.97
2024-06-10,orb,GOOGL,short,42,10:04,172.8881,174.005,170.45,12:51,174.0572,stop,0.2088,-49.31,-0.991,172.82,break below 172.86
2024-06-11,orb,GOOGL,short,44,09:48,175.0575,176.22,172.86,15:16,176.2729,stop,0.2214,-53.7,-1.09,175.1,break below 175.63
2024-06-12,orb,GOOGL,short,43,10:07,178.0416,179.255,175.79,15:55,177.7233,time,0.22,13.47,0.271,178.1,break below 178.15
2024-06-14,orb,GOOGL,long,56,09:46,175.9178,175.0325,177.425,15:55,176.3671,time,0.2839,24.88,0.557,175.83,break above 175.72
2024-06-17,orb,GOOGL,long,56,10:36,175.9378,175.37,177.02,11:12,175.2774,stop,0.2822,-37.26,-1.21,175.92,break above 175.82
2024-06-18,orb,GOOGL,short,56,09:52,175.6573,176.575,174.01,10:13,176.683,stop,0.2828,-57.72,-1.206,175.72,break below 175.78
2024-06-20,orb,GOOGL,short,45,09:53,175.0275,176.2,172.93,10:42,176.2529,stop,0.2264,-55.37,-1.129,175.11,break below 175.14
2024-06-21,orb,GOOGL,long,56,09:46,178.3535,177.435,179.85,11:44,179.905,target,0.2894,86.6,1.921,178.24,break above 178.12
2024-06-24,orb,GOOGL,short,52,10:50,178.8063,179.82,176.94,12:00,179.914,stop,0.2671,-57.86,-1.159,178.86,break below 178.94
2024-06-25,orb,GOOGL,long,55,09:48,180.9193,180.2075,181.835,09:50,180.1534,stop,0.2846,-42.4,-1.421,180.75,break above 180.63
2024-06-26,orb,GOOGL,long,54,10:06,183.6501,183.02,184.67,15:55,183.7449,time,0.2848,4.83,0.163,183.57,break above 183.51
2024-06-27,orb,GOOGL,long,53,10:00,185.7657,184.895,187.16,11:36,184.7446,stop,0.281,-54.4,-1.36,185.65,break above 185.64
2024-06-28,orb,GOOGL,long,45,10:04,184.8154,183.7475,187.025,10:57,183.6924,stop,0.2373,-50.77,-1.033,184.84,break above 184.66
2024-07-01,orb,GOOGL,short,54,09:47,182.2653,183.2025,180.465,12:39,183.295,stop,0.2826,-55.88,-1.134,182.29,break below 182.69
2024-07-02,orb,GOOGL,long,54,10:15,182.6948,182.075,183.845,11:37,183.87,target,0.285,63.18,1.983,182.665,break above 182.54
2024-07-05,orb,GOOGL,long,34,09:48,188.7866,187.16,191.54,15:55,190.5428,time,0.1857,59.53,1.199,188.62,break above 188.46
2024-07-08,orb,GOOGL,short,46,10:02,187.7936,188.9175,185.685,10:30,188.9742,stop,0.2478,-54.55,-1.101,187.84,break below 187.90
2024-07-09,orb,GOOGL,short,52,09:48,190.2779,190.7775,189.39,12:26,189.39,target,0.2837,45.89,1.908,190.315,break below 190.40
2024-07-11,orb,GOOGL,short,52,09:50,189.783,190.3,188.74,10:08,188.74,target,0.283,53.96,1.995,189.78,break below 189.87
2024-07-15,orb,GOOGL,long,43,09:51,186.9961,185.97,189.42,15:55,186.454,time,0.23,-23.54,-0.476,187.12,break above 186.88
2024-07-16,orb,GOOGL,short,53,09:52,187.1738,187.9925,185.795,10:14,185.795,target,0.2846,72.79,1.875,187.26,break below 187.31
2024-07-17,orb,GOOGL,short,48,10:01,181.4356,182.505,179.4,15:55,181.0143,time,0.2501,19.97,0.402,181.47,break below 181.51
2024-07-18,orb,GOOGL,short,55,09:46,180.9157,181.85,179.45,10:00,179.435,target,0.2858,81.15,1.844,181.05,break below 181.24
2024-07-19,orb,GOOGL,short,55,10:33,178.4065,179.4275,176.735,11:00,179.4813,stop,0.2819,-59.4,-1.203,178.53,break below 178.61
2024-07-22,orb,GOOGL,long,54,09:48,182.1346,181.1525,183.815,10:06,181.0982,stop,0.2808,-56.25,-1.174,182.04,break above 182.01
2024-07-23,orb,GOOGL,long,54,09:47,182.8598,182.53,184.495,09:48,182.4752,stop,0.2829,-21.05,-0.595,183.185,break above 183.02
2024-07-29,orb,GOOGL,long,58,09:51,169.5609,168.9975,170.985,10:13,168.7494,stop,0.2817,-47.35,-1.232,169.66,break above 169.53
2024-07-30,orb,GOOGL,short,58,09:49,169.899,170.6325,168.525,13:02,168.46,target,0.2836,83.18,2.041,169.93,break below 170.05
2024-08-02,orb,GOOGL,short,42,10:06,166.1002,167.43,163.86,15:55,166.4499,time,0.2009,-14.89,-0.298,166.24,break below 166.38
2024-08-07,orb,GOOGL,long,59,10:14,162.2687,161.34,163.86,11:12,161.2916,stop,0.2743,-57.92,-1.169,162.18,break above 162.16
2024-08-08,orb,GOOGL,short,62,09:48,160.2919,160.825,159.22,09:54,160.8732,stop,0.2866,-36.33,-1.095,160.29,break below 160.35
2024-08-12,orb,GOOGL,short,57,09:47,163.441,164.275,161.65,15:55,162.1086,time,0.2685,75.67,1.517,163.4,break below 163.66
2024-08-13,orb,GOOGL,short,61,09:55,163.0511,163.995,161.73,11:55,164.0842,stop,0.2866,-63.31,-1.375,163.24,break below 163.31
2024-08-16,orb,GOOGL,long,59,10:00,162.8788,161.985,164.52,10:29,164.52,target,0.2796,96.55,1.937,162.83,break above 162.80
2024-08-19,orb,GOOGL,short,60,10:18,164.5706,165.3,163.29,11:03,165.3796,stop,0.2845,-48.82,-1.215,164.63,break below 164.77
2024-08-20,orb,GOOGL,long,59,09:49,168.0304,167.345,169.16,10:34,167.2948,stop,0.2842,-43.68,-1.224,167.95,break above 167.84
2024-08-21,orb,GOOGL,long,60,09:50,165.8497,165.2575,166.825,10:36,166.825,target,0.2882,58.23,1.857,165.78,break above 165.74
2024-08-22,orb,GOOGL,short,60,10:12,166.2401,166.975,165.1,11:40,165.1,target,0.2872,68.12,1.817,166.35,break below 166.42
2024-08-23,orb,GOOGL,long,60,10:01,165.4996,164.875,166.57,10:47,164.8255,stop,0.2849,-40.73,-1.201,165.44,break above 165.38
2024-08-26,orb,GOOGL,short,56,09:46,165.9352,166.7625,164.115,15:55,165.9898,time,0.2676,-3.32,-0.067,165.88,break below 166.01
2024-08-27,orb,GOOGL,short,60,09:46,164.8805,165.625,163.63,09:53,165.6747,stop,0.285,-47.93,-1.201,164.96,break below 164.99
2024-08-28,orb,GOOGL,short,36,09:46,163.131,164.57,160.46,15:55,162.9289,time,0.1692,7.11,0.144,163.2,break below 163.57
2024-08-29,orb,GOOGL,long,60,09:56,165.4096,164.525,167.0,12:52,164.4756,stop,0.2843,-56.32,-1.138,165.35,break above 165.06
2024-08-30,orb,GOOGL,long,61,09:59,163.1789,162.65,164.135,10:08,162.6012,stop,0.2859,-35.53,-1.177,163.145,break above 163.11
2024-09-03,orb,GOOGL,short,45,10:43,159.6771,160.695,157.41,15:15,157.41,target,0.2072,101.81,2.066,159.6,break below 159.68
2024-09-09,orb,GOOGL,short,65,10:05,151.9794,152.7375,150.675,10:24,150.675,target,0.2854,84.5,1.891,152.05,break below 152.08
2024-09-10,orb,GOOGL,short,66,09:50,149.7001,150.545,148.37,12:03,148.345,target,0.2856,89.15,1.863,149.82,break below 149.85
2024-09-11,orb,GOOGL,short,67,10:10,149.1752,149.8775,147.845,10:30,147.845,target,0.289,88.84,1.957,149.2,break below 149.22
2024-09-12,orb,GOOGL,short,58,10:25,152.9391,153.705,151.125,10:55,153.7561,stop,0.2562,-47.64,-0.955,152.845,break below 153.00
2024-09-13,orb,GOOGL,long,63,09:50,156.4269,155.715,157.68,10:00,155.6683,stop,0.2831,-48.08,-1.165,156.37,break above 156.21
2024-09-16,orb,GOOGL,long,63,09:52,157.9774,157.18,159.49,10:34,157.1328,stop,0.2857,-53.49,-1.103,157.95,break above 157.75
2024-09-17,orb,GOOGL,long,62,09:59,159.928,159.1525,161.245,11:31,159.1048,stop,0.2845,-51.32,-1.187,159.85,break above 159.79
2024-09-18,orb,GOOGL,short,62,11:21,159.0523,159.6475,157.945,14:00,159.6954,stop,0.2844,-40.16,-1.141,159.08,break below 159.12
2024-09-19,orb,GOOGL,short,56,09:49,161.9514,162.96,160.32,10:20,163.0089,stop,0.2614,-59.48,-1.207,162.08,break below 162.16
2024-09-20,orb,GOOGL,short,61,10:15,162.4962,163.15,161.59,13:00,163.1989,stop,0.2857,-43.15,-1.36,162.63,break below 162.66
2024-09-23,orb,GOOGL,short,60,10:27,163.7009,164.58,162.105,15:51,162.105,target,0.283,95.47,1.929,163.755,break below 163.77
2024-09-24,orb,GOOGL,short,61,09:50,161.8214,162.45,160.83,10:03,160.83,target,0.2845,60.19,1.827,161.91,break below 161.93
2024-09-25,orb,GOOGL,long,61,09:57,162.4537,161.87,163.265,11:54,161.8214,stop,0.2845,-38.85,-1.37,162.335,break above 162.29
2024-09-26,orb,GOOGL,short,61,10:32,163.0261,163.57,161.935,15:55,162.6288,time,0.2866,23.95,0.72,163.025,break below 163.09
2024-09-27,orb,GOOGL,long,61,09:50,163.8541,163.1075,165.125,10:28,165.125,target,0.2901,77.23,1.883,163.78,break above 163.57
2024-10-02,orb,GOOGL,short,38,09:47,165.1005,166.405,162.46,15:43,166.4549,stop,0.1807,-51.65,-1.034,165.09,break below 165.30
2024-10-03,orb,GOOGL,long,60,10:01,165.2796,164.505,166.275,10:30,164.4556,stop,0.2843,-49.72,-1.405,165.095,break above 165.06
2024-10-04,orb,GOOGL,short,59,09:52,167.2498,167.805,166.29,10:09,166.29,target,0.2841,56.34,1.891,167.3,break below 167.39
2024-10-07,orb,GOOGL,short,48,09:46,166.48,167.525,164.45,14:11,164.45,target,0.2301,97.21,1.976,166.5,break below 166.61
2024-10-08,orb,GOOGL,short,61,09:46,163.226,163.84,162.25,10:00,163.8892,stop,0.2869,-40.74,-1.26,163.31,break below 163.46
2024-10-09,orb,GOOGL,short,56,09:48,163.1011,164.0075,161.375,09:58,161.375,target,0.2632,96.4,1.962,163.13,break below 163.21
2024-10-10,orb,GOOGL,long,58,10:02,162.0186,161.135,163.7,15:55,162.0614,time,0.2709,2.21,0.045,161.99,break above 161.86
2024-10-11,orb,GOOGL,long,61,09:56,162.3687,161.765,163.49,10:17,163.49,target,0.2874,68.11,1.942,162.34,break above 162.29
2024-10-14,orb,GOOGL,long,47,09:46,165.4896,164.4425,167.6,11:03,164.3932,stop,0.2226,-51.76,-1.046,165.495,break above 165.43
2024-10-15,orb,GOOGL,long,60,09:54,166.65,165.86,168.02,10:33,165.8102,stop,0.2865,-50.67,-1.173,166.58,break above 166.49
2024-10-16,orb,GOOGL,short,60,09:52,164.0458,164.475,163.23,10:05,164.5243,stop,0.2836,-29.0,-1.165,164.06,break below 164.10
2024-10-17,orb,GOOGL,short,49,09:54,164.3507,165.415,162.385,15:55,163.0789,time,0.232,62.08,1.254,164.405,break below 164.51
2024-10-18,orb,GOOGL,long,60,09:46,164.4993,163.785,165.9,10:23,163.7359,stop,0.2831,-46.09,-1.09,164.49,break above 164.44
2024-10-21,orb,GOOGL,long,60,10:07,164.3043,163.5625,165.73,10:40,163.5134,stop,0.2827,-47.73,-1.101,164.285,break above 164.19
2024-10-22,orb,GOOGL,long,44,09:55,165.2045,164.055,167.46,12:25,163.9508,stop,0.2078,-55.37,-1.109,165.19,break above 165.06
2024-10-23,orb,GOOGL,short,60,09:46,164.6106,165.21,163.08,11:24,163.08,target,0.2845,91.55,2.149,164.5,break below 164.61
2024-10-25,orb,GOOGL,long,60,09:47,164.4993,163.885,165.58,15:55,165.0705,time,0.2853,33.98,1.002,164.45,break above 164.34
2024-10-28,orb,GOOGL,short,38,11:01,165.9902,167.53,163.66,15:55,167.1301,time,0.1817,-43.5,-0.887,166.24,break below 166.31
2024-10-29,orb,GOOGL,long,59,10:42,168.5005,167.73,169.575,13:32,169.575,target,0.2879,63.11,1.739,168.345,break above 168.34
2024-11-06,orb,GOOGL,long,44,10:13,175.7377,174.5375,177.905,15:55,176.1771,time,0.2228,19.11,0.387,175.66,break above 175.51
2024-11-07,orb,GOOGL,long,45,11:19,179.3938,178.2475,181.54,15:55,180.4658,time,0.2332,48.01,0.972,179.345,break above 179.28
2024-11-08,orb,GOOGL,short,40,10:24,178.6714,179.9175,176.205,15:55,178.3035,time,0.2053,14.51,0.293,178.68,break below 178.96
2024-11-11,orb,GOOGL,long,55,10:09,179.8239,179.145,181.05,15:55,180.3459,time,0.2849,28.42,0.814,179.78,break above 179.71
2024-11-12,orb,GOOGL,long,40,09:58,181.8745,180.565,184.255,10:14,180.5108,stop,0.2074,-54.76,-1.113,181.795,break above 181.57
2024-11-13,orb,GOOGL,short,55,09:50,179.2762,180.15,177.72,15:55,178.6636,time,0.2832,33.41,0.75,179.34,break below 179.40
2024-11-14,orb,GOOGL,short,48,09:47,176.8069,177.85,174.73,11:36,174.73,target,0.2439,99.45,1.992,176.81,break below 176.90
2024-11-15,orb,GOOGL,short,57,10:16,172.8181,173.545,171.655,10:57,171.655,target,0.2833,66.02,1.838,172.915,break below 172.97
2024-11-18,orb,GOOGL,long,57,09:50,173.9022,173.39,174.86,09:59,173.338,stop,0.2841,-32.44,-1.162,173.88,break above 173.84
2024-11-20,orb,GOOGL,short,56,09:48,176.1871,176.94,174.93,10:06,174.93,target,0.2836,70.12,1.869,176.27,break below 176.29
2024-11-22,orb,GOOGL,long,39,09:46,166.3899,165.1075,168.895,10:28,165.058,stop,0.1854,-52.13,-1.059,166.37,break above 166.28
2024-11-29,orb,GOOGL,long,59,10:04,168.8156,167.9875,170.425,10:22,167.9371,stop,0.2852,-52.12,-1.087,168.8,break above 168.78
2024-12-02,orb,GOOGL,long,47,09:47,170.6862,169.5775,172.735,15:55,171.3686,time,0.2317,31.84,0.644,170.63,break above 170.57
2024-12-03,orb,GOOGL,short,58,10:30,170.9687,171.875,169.37,11:01,171.9266,stop,0.2853,-55.84,-1.153,171.04,break below 171.14
2024-12-04,orb,GOOGL,long,47,09:57,173.2069,172.0975,175.27,15:55,174.1827,time,0.2354,45.63,0.918,173.155,break above 173.06
2024-12-05,orb,GOOGL,short,45,10:47,173.7828,174.95,171.65,15:55,172.8318,time,0.2249,42.57,0.86,173.85,break below 173.91
2024-12-06,orb,GOOGL,long,57,09:47,173.272,172.475,174.44,10:19,174.44,target,0.2859,66.29,1.776,173.13,break above 173.05
2024-12-09,orb,GOOGL,long,55,11:19,175.4326,174.515,177.2,15:55,175.2274,time,0.2771,-11.56,-0.235,175.41,break above 175.32
2024-12-12,orb,GOOGL,short,45,10:15,193.0821,194.2725,190.995,10:32,194.3533,stop,0.249,-57.45,-1.169,193.18,break below 193.39
2024-12-13,orb,GOOGL,short,45,11:00,190.6728,191.805,188.52,15:55,189.967,time,0.246,31.52,0.64,190.71,break below 190.93
2024-12-17,orb,GOOGL,long,38,09:46,199.6299,198.235,202.105,10:20,198.1755,stop,0.2157,-55.48,-1.132,199.525,break above 199.49
2024-12-19,orb,GOOGL,short,36,09:46,190.5128,191.815,187.75,10:00,191.8725,stop,0.1966,-49.15,-1.008,190.46,break below 190.70
2024-12-20,orb,GOOGL,long,53,10:07,187.1861,186.15,188.88,10:30,188.88,target,0.2871,89.49,1.855,187.06,break above 187.04
2024-12-23,orb,GOOGL,short,41,09:46,191.5325,192.8175,189.165,10:22,190.9073,eod,0.2251,25.41,0.509,191.6,break below 191.68
2024-12-24,orb,GOOGL,long,51,09:52,195.4486,194.535,197.04,12:59,195.9212,eod,0.2862,23.82,0.559,195.37,break above 195.27
2024-12-26,orb,GOOGL,short,51,09:51,194.8115,195.36,193.83,10:04,195.4186,stop,0.2847,-31.25,-1.201,194.85,break below 194.89
2024-12-27,orb,GOOGL,short,31,10:04,192.0124,193.7875,189.055,15:55,192.5728,time,0.1706,-17.54,-0.359,192.21,break below 192.41
2024-12-30,orb,GOOGL,long,52,09:51,190.7372,189.9175,192.385,10:00,189.8605,stop,0.2831,-45.87,-1.072,190.74,break above 190.66
2024-12-31,orb,GOOGL,long,52,10:03,191.9776,191.27,193.1,10:08,191.2026,stop,0.285,-40.58,-1.279,191.88,break above 191.83
2025-01-02,orb,GOOGL,long,35,10:01,191.4074,189.835,194.02,10:35,189.778,stop,0.1905,-57.22,-1.172,191.23,break above 191.17
2025-01-03,orb,GOOGL,short,35,10:02,190.7128,192.175,187.9,11:50,192.2327,stop,0.1914,-53.39,-1.07,190.75,break below 191.16
2025-01-07,orb,GOOGL,long,50,09:46,198.9097,197.92,200.56,09:56,200.56,target,0.2871,82.23,1.869,198.8,break above 198.55
2025-01-08,orb,GOOGL,long,47,09:51,194.5383,193.44,196.59,15:55,193.7069,time,0.2609,-39.34,-0.797,194.49,break above 194.49
2025-01-14,orb,GOOGL,short,52,11:13,190.2929,191.1775,188.665,15:03,188.665,target,0.2837,84.37,1.937,190.34,break below 190.43
2025-01-15,orb,GOOGL,long,48,10:09,193.8281,192.735,195.81,14:14,195.81,target,0.2693,94.86,1.928,193.76,break above 193.61
2025-01-16,orb,GOOGL,long,51,10:58,195.1485,194.3025,196.695,12:15,194.2442,stop,0.2839,-46.4,-1.141,195.1,break above 195.09
2025-01-17,orb,GOOGL,short,34,10:00,193.9568,195.46,191.17,10:58,195.5186,stop,0.189,-53.29,-1.096,194.03,break below 194.19
2025-01-23,orb,GOOGL,long,45,10:38,199.5899,198.465,201.765,13:46,198.4055,stop,0.2557,-53.55,-1.082,199.565,break above 199.52
2025-01-24,orb,GOOGL,long,48,09:46,199.97,198.945,202.065,10:11,198.8853,stop,0.2734,-52.34,-1.048,199.985,break above 199.79
2025-01-27,orb,GOOGL,long,33,10:08,195.0285,193.4975,197.915,11:58,193.352,stop,0.1829,-55.51,-1.142,194.97,break above 194.66
2025-01-28,orb,GOOGL,short,36,09:47,190.7628,192.225,188.07,09:52,192.2827,stop,0.1969,-54.91,-1.101,190.84,break below 191.23
2025-01-29,orb,GOOGL,short,37,09:48,193.5119,194.99,191.0,11:36,195.0485,stop,0.2052,-57.06,-1.159,193.66,break below 193.76
2025-01-30,orb,GOOGL,long,37,09:47,200.6102,199.2125,203.255,10:41,199.1527,stop,0.211,-54.14,-1.086,200.56,break above 200.41
2025-01-31,orb,GOOGL,long,40,09:54,204.3163,203.0325,206.73,15:55,203.7589,time,0.2332,-22.53,-0.457,204.265,break above 204.12
2025-02-03,orb,GOOGL,long,34,10:42,203.2209,201.6025,205.945,15:52,201.542,stop,0.1961,-57.28,-1.164,203.05,break above 203.03
2025-02-04,orb,GOOGL,long,48,09:59,204.4363,203.57,205.94,10:39,205.94,target,0.2828,71.89,1.896,204.36,break above 204.32
2025-02-06,orb,GOOGL,long,48,10:13,190.9173,189.705,192.78,15:55,191.5725,time,0.2636,31.19,0.634,190.73,break above 190.68
2025-02-07,orb,GOOGL,short,52,09:52,189.5331,190.48,187.675,10:01,187.675,target,0.2826,96.34,1.981,189.545,break below 189.78
2025-02-10,orb,GOOGL,long,53,10:06,187.6713,186.65,189.26,12:08,186.594,stop,0.2837,-57.38,-1.244,187.52,break above 187.42
2025-02-11,orb,GOOGL,short,40,11:05,184.5646,185.805,182.1,15:55,185.3756,time,0.2119,-32.65,-0.661,184.57,break below 184.71
2025-02-12,orb,GOOGL,long,36,09:46,184.5453,183.135,187.245,10:28,183.0801,stop,0.1892,-52.94,-1.073,184.505,break above 184.44
2025-02-13,orb,GOOGL,long,54,10:40,184.6754,183.82,186.22,11:33,183.7649,stop,0.2848,-49.45,-1.145,184.62,break above 184.49
2025-02-18,orb,GOOGL,short,54,09:46,184.5146,185.425,182.8,13:39,182.8,target,0.286,92.3,1.954,184.55,break below 184.95
2025-02-19,orb,GOOGL,long,54,10:48,185.0255,184.18,186.49,15:55,185.2794,time,0.2871,13.42,0.323,184.95,break above 184.77
2025-02-20,orb,GOOGL,short,54,09:51,184.2247,184.775,183.17,09:58,183.17,target,0.2855,56.67,1.962,184.24,break below 184.27
2025-02-21,orb,GOOGL,short,48,10:22,183.4649,184.575,181.485,11:12,181.485,target,0.2528,94.78,1.917,183.545,break below 183.88
2025-02-24,orb,GOOGL,short,44,09:53,180.7708,182.0125,178.645,15:55,179.6439,time,0.2284,49.35,0.999,180.89,break below 180.96
2025-02-25,orb,GOOGL,short,54,09:52,176.9169,177.8425,175.075,11:23,175.075,target,0.2746,99.19,1.991,176.92,break below 176.97
2025-02-26,orb,GOOGL,long,41,10:01,175.4226,174.01,177.64,12:32,173.9578,stop,0.2051,-60.26,-1.215,175.22,break above 175.08
2025-02-27,orb,GOOGL,short,37,09:47,171.9234,173.3425,169.315,10:01,169.315,target,0.183,96.33,1.939,172.0,break below 172.19
2025-03-03,orb,GOOGL,short,40,09:50,170.7788,172.145,168.395,13:28,168.395,target,0.1965,95.15,1.903,170.895,break below 170.93
2025-03-05,orb,GOOGL,short,48,09:56,169.5541,170.615,167.54,10:00,170.6662,stop,0.2342,-53.61,-1.09,169.59,break below 169.62
2025-03-06,orb,GOOGL,long,39,10:04,172.9419,171.6125,175.385,12:27,171.561,stop,0.1925,-54.05,-1.102,172.87,break above 172.62
2025-03-07,orb,GOOGL,short,40,10:38,170.9787,172.28,168.545,12:37,172.3317,stop,0.1968,-54.32,-1.091,171.035,break below 171.05
2025-03-11,orb,GOOGL,short,41,10:04,164.6106,165.81,162.18,13:21,162.18,target,0.1944,99.46,2.005,164.6,break below 164.89
2025-03-12,orb,GOOGL,short,39,09:49,164.9305,166.235,162.395,12:36,166.2849,stop,0.1853,-53.01,-1.062,164.955,break below 165.19
2025-03-13,orb,GOOGL,short,60,09:49,164.6306,165.3975,163.245,09:57,163.245,target,0.2846,82.85,1.925,164.68,break below 164.71
2025-03-14,orb,GOOGL,long,60,09:51,164.4093,163.7225,165.635,09:57,163.6509,stop,0.2829,-45.79,-1.197,164.36,break above 164.34
2025-03-17,orb,GOOGL,short,60,10:03,165.0405,165.735,163.845,10:14,165.7847,stop,0.2852,-44.94,-1.189,165.105,break below 165.17
2025-03-19,orb,GOOGL,long,61,10:04,162.5487,161.695,164.08,10:30,161.5915,stop,0.2842,-58.68,-1.21,162.49,break above 162.38
2025-03-20,orb,GOOGL,long,44,09:48,163.0989,162.065,165.41,14:29,162.0164,stop,0.2055,-47.84,-0.975,163.18,break above 163.15
2025-03-21,orb,GOOGL,long,61,10:15,162.4887,161.6375,164.045,15:55,163.7309,time,0.2878,75.48,1.542,162.44,break above 162.35
2025-03-24,orb,GOOGL,long,49,09:48,167.1001,166.1175,169.155,15:55,167.7597,time,0.2367,32.08,0.647,167.13,break above 167.06
2025-03-25,orb,GOOGL,long,58,10:11,169.6709,168.9675,171.015,15:55,169.989,time,0.2837,18.17,0.459,169.65,break above 169.60
2025-03-26,orb,GOOGL,short,59,09:55,168.2295,169.0025,167.045,12:53,167.045,target,0.2857,69.6,1.808,168.35,break below 168.43
2025-03-27,orb,GOOGL,short,60,09:48,164.1108,164.87,162.95,09:54,164.9195,stop,0.2837,-48.81,-1.271,164.23,break below 164.35
2025-03-28,orb,GOOGL,short,62,09:57,160.2669,161.14,158.92,10:13,158.92,target,0.2865,83.22,1.814,160.4,break below 160.47
2025-04-01,orb,GOOGL,long,48,09:46,155.9268,154.7925,157.875,12:02,157.875,target,0.2186,93.3,1.892,155.82,break above 155.78
2025-04-02,orb,GOOGL,long,46,09:50,156.9571,155.8,159.055,10:09,155.7533,stop,0.2068,-55.58,-1.114,156.885,break above 156.88
2025-04-03,orb,GOOGL,short,52,09:48,150.6848,151.785,148.92,09:55,151.8305,stop,0.2265,-59.81,-1.204,150.83,break below 150.97
2025-04-04,orb,GOOGL,long,34,09:53,150.4251,148.955,153.26,10:10,148.9103,stop,0.1464,-51.65,-1.059,150.39,break above 149.85
2025-04-08,orb,GOOGL,long,49,10:03,151.7955,150.725,153.77,10:57,150.6798,stop,0.2134,-54.88,-1.104,151.74,break above 151.71
2025-04-10,orb,GOOGL,short,53,10:00,155.7733,156.7925,153.965,11:33,153.965,target,0.2383,95.6,1.914,155.85,break below 155.97
2025-04-14,orb,GOOGL,long,51,10:04,161.1583,160.075,163.0,11:28,160.027,stop,0.2354,-57.93,-1.165,161.05,break above 160.89
2025-04-15,orb,GOOGL,short,58,10:16,157.9326,158.77,156.19,12:51,156.19,target,0.2643,100.81,2.021,157.91,break below 157.94
2025-04-16,orb,GOOGL,long,64,10:11,154.1062,153.2975,155.495,11:24,155.495,target,0.2873,88.59,1.89,154.03,break above 153.93
2025-04-17,orb,GOOGL,short,65,09:47,153.5339,154.1475,152.445,09:54,154.1937,stop,0.2882,-43.18,-1.17,153.58,break below 153.63
2025-04-21,orb,GOOGL,short,67,09:53,147.7956,148.3825,146.71,11:33,146.67,target,0.2864,75.13,2.011,147.825,break below 147.85
2025-04-22,orb,GOOGL,long,66,10:00,149.7149,149.08,150.79,11:35,150.79,target,0.2876,70.67,1.878,149.65,break above 149.53
2025-04-23,orb,GOOGL,long,58,09:52,157.0971,156.18,158.73,09:56,156.1331,stop,0.2614,-56.17,-1.139,157.03,break above 156.99
2025-04-24,orb,GOOGL,long,63,09:50,157.1421,156.45,158.43,11:17,158.43,target,0.2879,80.85,1.944,157.11,break above 157.07
2025-05-01,orb,GOOGL,short,49,10:10,159.1822,160.2125,157.205,10:18,160.2731,stop,0.225,-53.68,-1.093,159.21,break below 159.32
2025-05-02,orb,GOOGL,short,55,09:52,162.1014,162.9525,160.245,10:03,163.0014,stop,0.257,-49.76,-1.002,162.05,break below 162.32
2025-05-05,orb,GOOGL,long,48,09:47,164.8945,163.71,166.8,15:55,164.1707,time,0.227,-34.97,-0.707,164.74,break above 164.70
2025-05-06,orb,GOOGL,long,48,10:02,163.1589,162.085,165.16,15:55,163.431,time,0.2261,12.83,0.261,163.11,break above 162.96
2025-05-07,orb,GOOGL,short,56,09:52,163.366,164.3175,161.64,10:49,161.64,target,0.2636,96.39,1.929,163.425,break below 163.65
2025-05-09,orb,GOOGL,short,64,09:46,153.9738,154.525,152.995,09:50,154.5714,stop,0.2846,-38.53,-1.18,154.015,break below 154.02
2025-05-12,orb,GOOGL,short,63,09:48,156.7929,157.585,155.35,09:54,157.6323,stop,0.2851,-53.16,-1.133,156.84,break below 156.86
2025-05-14,orb,GOOGL,long,37,10:21,162.2887,160.935,164.985,11:42,164.985,target,0.1758,99.59,1.994,162.285,break above 162.13
2025-05-16,orb,GOOGL,short,40,10:35,166.9099,168.225,164.49,15:55,166.3899,time,0.1922,20.61,0.414,166.98,break below 167.12
2025-05-19,orb,GOOGL,long,60,10:10,165.9048,165.1975,167.185,10:13,165.1479,stop,0.2854,-45.69,-1.15,165.86,break above 165.83
2025-05-22,orb,GOOGL,long,33,09:46,173.342,171.805,176.23,09:58,176.23,target,0.1672,95.14,1.955,173.28,break above 172.87
2025-05-23,orb,GOOGL,short,59,09:47,168.2895,169.1375,166.985,10:06,169.1882,stop,0.2858,-53.31,-1.259,168.42,break below 168.53
2025-05-27,orb,GOOGL,long,56,09:59,171.8315,170.83,173.5,15:55,172.8781,time,0.2784,58.33,1.17,171.72,break above 171.51
2025-05-28,orb,GOOGL,short,40,10:13,172.8281,174.0975,170.385,15:55,172.1766,time,0.1988,25.86,0.522,172.86,break below 172.93
2025-05-29,orb,GOOGL,short,57,09:47,172.7582,173.585,171.23,11:57,171.23,target,0.2832,86.82,1.94,172.8,break below 172.82
2025-05-30,orb,GOOGL,short,58,09:52,170.074,170.895,168.72,10:01,170.9813,stop,0.2839,-52.91,-1.258,170.17,break below 170.27
2025-06-04,orb,GOOGL,short,59,10:08,166.4201,167.41,164.89,10:33,167.4602,stop,0.2828,-61.65,-1.244,166.57,break below 166.65
2025-06-05,orb,GOOGL,short,43,10:09,168.8693,170.06,166.61,10:41,170.111,stop,0.209,-53.6,-1.084,168.91,break below 169.19
2025-06-06,orb,GOOGL,long,52,09:55,172.4667,171.465,174.33,14:22,174.33,target,0.2606,96.63,1.946,172.42,break above 172.10
2025-06-09,orb,GOOGL,long,56,10:04,175.8127,175.145,177.23,10:56,175.0675,stop,0.2818,-42.02,-1.08,175.84,break above 175.83
2025-06-10,orb,GOOGL,long,23,09:46,178.7336,176.5625,183.035,15:17,176.5095,stop,0.1167,-51.27,-1.033,178.72,break above 177.26
2025-06-11,orb,GOOGL,short,49,09:47,178.2815,179.365,176.32,09:54,179.4188,stop,0.251,-55.98,-1.126,178.35,break below 178.38
2025-06-13,orb,GOOGL,long,49,10:01,174.5123,173.44,176.485,11:48,176.485,target,0.2485,96.41,1.939,174.455,break above 174.45
2025-06-16,orb,GOOGL,long,56,09:54,175.5226,175.075,176.23,11:21,176.23,target,0.2837,39.33,1.824,175.46,break above 175.44
2025-06-17,orb,GOOGL,short,57,09:46,175.0575,175.9475,173.555,10:24,176.0003,stop,0.2869,-54.03,-1.189,175.15,break below 175.24
2025-06-18,orb,GOOGL,short,56,10:24,175.2474,175.9925,174.395,13:06,176.0453,stop,0.2821,-44.96,-1.508,175.46,break below 175.50
2025-06-20,orb,GOOGL,long,57,09:47,174.1722,173.605,175.54,09:56,173.5529,stop,0.2845,-35.59,-0.968,174.25,break above 174.14
2025-06-23,orb,GOOGL,long,40,10:10,166.3099,165.0825,168.825,11:32,165.033,stop,0.1902,-51.27,-1.027,166.33,break above 166.31
2025-06-24,orb,GOOGL,long,59,11:07,167.6253,166.825,169.03,15:28,166.76,stop,0.2833,-51.34,-1.184,167.56,break above 167.48
2025-06-26,orb,GOOGL,short,37,09:49,170.2089,171.59,167.63,10:21,171.6515,stop,0.1812,-53.56,-1.097,170.27,break below 170.39
2025-06-27,orb,GOOGL,long,57,09:57,174.9925,174.115,176.59,10:24,174.0628,stop,0.2853,-53.28,-1.133,174.94,break above 174.76
2025-06-30,orb,GOOGL,short,32,09:46,178.2815,179.91,175.32,14:45,175.32,target,0.1639,94.6,1.932,178.38,break below 178.61
2025-07-01,orb,GOOGL,short,56,11:00,174.2577,175.175,172.52,13:05,175.2276,stop,0.2806,-54.59,-1.102,174.29,break below 174.31
2025-07-02,orb,GOOGL,long,56,09:54,176.3329,175.66,177.715,11:48,177.715,target,0.286,77.11,2.01,176.345,break above 176.25
2025-07-07,orb,GOOGL,short,56,09:46,177.7567,178.5525,176.235,12:55,176.235,target,0.286,84.93,1.963,177.78,break below 177.85
2025-07-08,orb,GOOGL,short,56,09:47,176.3971,177.2725,175.045,10:03,175.045,target,0.2839,75.43,1.814,176.53,break below 176.64
2025-07-09,orb,GOOGL,long,56,09:49,176.4079,175.49,178.1,10:05,178.1,target,0.2866,94.47,1.939,176.36,break above 176.12
2025-07-10,orb,GOOGL,short,57,09:53,174.7626,175.49,173.63,10:37,175.5426,stop,0.2864,-44.75,-1.266,174.87,break below 174.93
2025-07-11,orb,GOOGL,long,56,09:51,177.8333,177.185,178.88,10:07,177.1318,stop,0.2851,-39.57,-1.251,177.75,break above 177.72
2025-07-15,orb,GOOGL,long,43,11:11,183.7951,182.585,186.02,15:55,183.145,time,0.2261,-28.18,-0.572,183.73,break above 183.46
2025-07-16,orb,GOOGL,short,49,09:56,182.4353,183.38,180.32,10:11,183.435,stop,0.2566,-49.24,-0.985,182.36,break below 182.64
2025-07-18,orb,GOOGL,short,54,09:58,184.6096,185.5375,182.935,11:52,185.5932,stop,0.2861,-53.4,-1.14,184.67,break below 184.69
2025-07-21,orb,GOOGL,long,33,09:46,189.0867,187.5775,192.055,15:55,190.1129,time,0.1799,33.69,0.684,189.07,break above 188.86
2025-07-22,orb,GOOGL,short,38,09:46,188.9483,190.375,186.46,12:20,190.4321,stop,0.2059,-56.59,-1.141,189.07,break below 189.23
2025-07-23,orb,GOOGL,short,39,09:55,189.993,191.34,187.53,15:55,190.3071,time,0.2125,-12.46,-0.252,190.07,break below 190.15
2025-07-25,orb,GOOGL,long,33,09:46,193.8781,192.34,196.87,15:55,193.222,time,0.1827,-21.84,-0.438,193.85,break above 193.39
2025-07-28,orb,GOOGL,short,51,09:49,192.6622,193.39,191.5,10:17,191.5,target,0.2816,58.99,1.836,192.76,break below 192.79
2025-07-29,orb,GOOGL,short,51,09:49,192.4722,193.1,191.405,10:11,193.1579,stop,0.2814,-35.25,-1.223,192.535,break below 192.58
2025-07-30,orb,GOOGL,short,51,09:55,195.4214,196.055,194.18,10:33,196.1138,stop,0.2855,-35.6,-1.117,195.43,break below 195.44
2025-08-01,orb,GOOGL,short,44,09:46,188.4834,189.685,186.34,10:36,189.7419,stop,0.2379,-55.61,-1.134,188.57,break below 188.64
2025-08-05,orb,GOOGL,long,33,09:46,197.6043,195.975,200.49,10:35,195.8712,stop,0.1852,-57.38,-1.155,197.48,break above 197.25
2025-08-06,orb,GOOGL,short,51,09:56,194.0118,194.87,192.5,10:46,194.9285,stop,0.2835,-47.03,-1.167,194.08,break below 194.10
2025-08-07,orb,GOOGL,short,46,09:46,195.5963,196.7575,193.555,10:22,196.8165,stop,0.2578,-56.39,-1.148,195.69,break below 196.03
2025-08-08,orb,GOOGL,long,40,09:47,199.5398,198.205,201.925,11:03,201.925,target,0.2312,95.18,1.919,199.445,break above 199.17
2025-08-11,orb,GOOGL,short,50,10:04,199.1352,200.1975,197.295,10:17,200.2576,stop,0.2851,-56.4,-1.166,199.23,break below 199.25
2025-08-13,orb,GOOGL,short,49,09:46,203.6089,204.14,203.0,09:55,203.0,target,0.2855,29.55,1.587,203.76,break below 203.80
2025-08-14,orb,GOOGL,long,49,09:48,202.7858,202.0025,203.945,09:58,201.9419,stop,0.2832,-41.64,-1.312,202.65,break above 202.57
2025-08-15,orb,GOOGL,long,41,10:11,205.4516,204.16,207.76,14:03,204.0988,stop,0.2394,-55.71,-1.132,205.36,break above 205.27
2025-08-18,orb,GOOGL,short,49,10:45,203.4689,204.32,201.86,15:55,203.561,time,0.2853,-4.8,-0.119,203.5,break below 203.55
2025-08-19,orb,GOOGL,short,42,09:49,201.0397,202.3,198.76,10:04,202.3607,stop,0.2417,-55.72,-1.124,201.12,break below 201.22
2025-08-20,orb,GOOGL,short,36,09:48,198.5404,199.915,195.85,12:25,199.975,stop,0.2047,-51.85,-1.063,198.56,break below 198.59
2025-08-21,orb,GOOGL,long,49,10:07,201.4354,200.4275,203.375,11:12,200.3674,stop,0.2811,-52.62,-1.093,201.41,break above 201.31
2025-08-22,orb,GOOGL,short,45,09:52,201.9094,203.025,199.71,10:01,203.0859,stop,0.2601,-53.2,-1.07,201.92,break below 202.14
2025-08-25,orb,GOOGL,long,40,10:00,207.8473,206.495,210.23,12:12,210.23,target,0.2404,95.07,1.909,207.74,break above 207.70
2025-08-26,orb,GOOGL,short,48,09:48,206.0882,207.095,204.17,10:25,207.1571,stop,0.283,-51.59,-1.102,206.12,break below 206.38
2025-08-27,orb,GOOGL,long,48,09:48,207.5622,206.495,209.09,11:40,206.4331,stop,0.2834,-54.48,-1.312,207.36,break above 207.27
2025-08-28,orb,GOOGL,long,32,10:01,210.2331,208.565,213.17,15:55,211.9664,time,0.1939,55.27,1.125,210.1,break above 210.07
2025-08-29,orb,GOOGL,long,44,10:25,212.4637,211.25,214.64,10:52,211.1866,stop,0.2656,-56.46,-1.136,212.38,break above 212.30
2025-09-02,orb,GOOGL,long,38,10:22,209.918,208.555,212.47,10:42,208.4924,stop,0.2266,-54.4,-1.097,209.86,break above 209.50
2025-09-04,orb,GOOGL,short,31,09:49,227.1518,228.9,224.07,13:05,228.9687,stop,0.2009,-56.52,-1.132,227.29,break below 227.54
2025-09-05,orb,GOOGL,long,35,09:48,235.0805,233.58,237.81,10:17,233.42,stop,0.2329,-58.35,-1.182,234.99,break above 234.96
2025-09-08,orb,GOOGL,long,37,09:46,237.7013,236.2675,240.295,10:20,236.1966,stop,0.2491,-55.92,-1.126,237.61,break above 237.41
2025-09-09,orb,GOOGL,long,36,09:46,235.5256,234.335,238.49,14:02,238.52,target,0.2447,107.55,2.157,235.72,break above 235.26
2025-09-10,orb,GOOGL,short,41,09:48,238.1885,239.095,236.35,09:58,239.1667,stop,0.2783,-40.38,-1.076,238.18,break below 238.21
2025-09-16,orb,GOOGL,short,39,09:52,250.3049,251.805,248.145,10:32,251.8805,stop,0.2779,-61.73,-1.297,250.585,break below 250.61
2025-09-17,orb,GOOGL,short,40,10:17,249.78,250.715,247.82,11:25,247.82,target,0.2844,78.12,2.024,249.75,break below 249.84
2025-09-18,orb,GOOGL,short,38,09:48,251.3496,252.68,248.78,09:51,252.7558,stop,0.2718,-53.71,-1.087,251.38,break below 251.39
2025-09-22,orb,GOOGL,short,34,09:46,252.9241,254.4775,250.18,10:22,254.5538,stop,0.2447,-55.66,-1.143,253.045,break below 253.19
2025-09-23,orb,GOOGL,short,38,09:47,251.6845,253.07,249.185,11:47,253.1459,stop,0.2722,-55.81,-1.134,251.775,break below 251.85
2025-09-24,orb,GOOGL,short,26,09:52,248.6554,250.65,245.07,15:55,247.1541,time,0.184,38.85,0.803,248.79,break below 249.04
2025-09-25,orb,GOOGL,long,28,10:16,244.4133,242.515,247.84,15:55,245.1664,time,0.1955,20.89,0.42,244.29,break above 244.17
2025-09-26,orb,GOOGL,short,33,10:08,246.1761,247.875,243.36,13:26,247.9544,stop,0.2313,-58.91,-1.186,246.37,break below 246.56
2025-09-29,orb,GOOGL,long,30,09:46,250.085,248.36,253.28,10:43,248.2855,stop,0.2121,-54.2,-1.102,250.0,break above 249.44
2025-10-01,orb,GOOGL,long,36,09:46,241.4324,239.8775,244.04,10:16,239.8055,stop,0.246,-58.81,-1.177,241.265,break above 241.10
2025-10-02,orb,GOOGL,long,33,10:17,246.744,245.1625,249.625,10:35,245.089,stop,0.2303,-54.85,-1.117,246.65,break above 246.36
2025-10-07,orb,GOOGL,short,31,10:53,247.1608,248.8225,244.06,15:55,245.7537,time,0.2181,43.4,0.882,247.235,break below 247.30
2025-10-08,orb,GOOGL,long,40,10:42,245.9338,244.8575,247.91,10:51,244.784,stop,0.2788,-46.27,-1.137,245.875,break above 245.87
2025-10-09,orb,GOOGL,short,41,09:46,242.6172,243.8425,240.295,10:47,240.295,target,0.2833,94.93,1.958,242.66,break below 243.00
2025-10-10,orb,GOOGL,long,30,09:46,244.0732,242.36,247.25,10:11,242.2873,stop,0.207,-53.78,-1.1,243.99,break above 243.78
2025-10-13,orb,GOOGL,long,41,09:59,241.7625,240.775,243.61,10:22,240.7028,stop,0.2812,-43.73,-1.129,241.72,break above 241.70
2025-10-14,orb,GOOGL,long,41,10:02,242.6728,241.525,244.54,10:32,244.54,target,0.2855,76.27,1.851,242.53,break above 242.25
2025-10-15,orb,GOOGL,short,40,09:47,246.566,247.53,244.5,09:56,247.6043,stop,0.2808,-41.81,-1.035,246.52,break below 246.79
2025-10-17,orb,GOOGL,short,34,09:47,247.9756,249.5025,245.19,09:49,249.5774,stop,0.24,-54.7,-1.119,248.065,break below 248.21
2025-10-20,orb,GOOGL,long,38,11:03,256.5469,255.285,259.05,15:55,256.3331,time,0.2771,-8.4,-0.176,256.54,break above 256.30
2025-10-21,orb,GOOGL,short,32,10:03,251.9094,253.4325,248.745,11:04,248.745,target,0.2294,101.03,2.021,251.87,break below 252.04
2025-10-22,orb,GOOGL,short,28,10:30,252.6242,254.61,249.27,11:00,254.6864,stop,0.2013,-57.94,-1.163,252.83,break below 253.19
2025-10-23,orb,GOOGL,long,39,09:49,254.0862,252.82,256.39,15:55,252.9141,time,0.2807,-45.99,-0.991,254.01,break above 253.77
2025-10-28,orb,GOOGL,short,37,09:47,268.1995,269.4725,265.955,15:55,267.5002,time,0.282,25.59,0.59,268.3,break below 268.33
2025-10-29,orb,GOOGL,long,37,10:54,270.091,268.9025,272.465,13:35,272.465,target,0.2864,87.55,1.993,270.09,break above 270.07
2025-11-03,orb,GOOGL,long,35,09:52,282.3997,281.015,285.11,09:57,280.9307,stop,0.2792,-51.69,-1.082,282.38,break above 282.18
2025-11-04,orb,GOOGL,long,31,09:47,279.7139,278.025,282.78,12:08,277.9416,stop,0.2447,-55.19,-1.123,279.61,break above 279.53
2025-11-05,orb,GOOGL,long,31,09:51,280.9243,279.0225,283.755,10:00,283.755,target,0.2497,87.5,1.789,280.6,break above 280.51
2025-11-06,orb,GOOGL,long,25,09:49,288.1764,286.06,292.0,09:58,285.9742,stop,0.2029,-55.26,-1.116,288.04,break above 287.59
2025-11-11,orb,GOOGL,long,30,09:57,290.4171,288.7225,293.575,10:30,288.6234,stop,0.2457,-54.06,-1.114,290.34,break above 290.04
2025-11-12,orb,GOOGL,short,24,09:46,287.6337,289.81,283.6,15:55,286.906,time,0.1959,17.27,0.348,287.74,break below 287.77
2025-11-21,orb,GOOGL,long,19,09:53,301.2203,298.48,306.37,10:00,298.3905,stop,0.1608,-53.93,-1.079,301.11,break above 300.54
2025-11-28,orb,GOOGL,short,16,09:46,321.4435,324.7125,315.345,12:59,320.091,eod,0.1456,21.49,0.43,321.59,break below 322.65
2025-12-02,orb,GOOGL,long,24,10:57,318.4055,316.35,322.41,11:09,316.2551,stop,0.215,-51.82,-1.069,318.37,break above 318.21
2025-12-03,orb,GOOGL,short,20,09:54,314.5056,316.88,309.53,10:02,316.9751,stop,0.1782,-49.57,-1.012,314.43,break below 314.81
2025-12-05,orb,GOOGL,short,28,10:57,319.744,321.6,316.35,11:54,321.6965,stop,0.2535,-54.92,-1.121,319.85,break below 320.12
2025-12-08,orb,GOOGL,short,27,10:27,316.8549,318.7075,313.195,12:14,313.195,target,0.2423,98.58,1.987,316.87,break below 317.05
2025-12-09,orb,GOOGL,long,31,10:56,314.0942,312.9325,316.015,12:25,316.015,target,0.2775,59.27,1.861,313.96,break above 313.92
2025-12-10,orb,GOOGL,long,23,10:06,318.5855,316.475,322.94,12:26,316.3801,stop,0.2061,-50.93,-1.028,318.63,break above 318.23
2025-12-12,orb,GOOGL,short,26,09:51,311.0267,313.1125,307.345,10:58,307.345,target,0.2291,95.49,1.91,311.19,break below 311.38
2025-12-15,orb,GOOGL,short,22,09:58,307.2078,309.5725,302.755,15:55,308.1324,time,0.1915,-20.53,-0.411,307.3,break below 307.73
2025-12-16,orb,GOOGL,long,20,09:48,307.6123,304.9525,312.265,11:27,304.861,stop,0.1728,-55.2,-1.132,307.39,break above 306.69
2025-12-18,orb,GOOGL,short,33,09:48,299.5751,301.1725,297.13,10:01,301.2904,stop,0.2803,-56.88,-1.279,299.825,break below 299.87
2025-12-19,orb,GOOGL,long,28,10:07,304.4413,302.5425,307.845,15:55,305.5883,time,0.2425,31.87,0.644,304.31,break above 304.05
2025-12-23,orb,GOOGL,long,22,09:47,313.594,311.2775,317.915,15:55,314.3057,time,0.1959,15.46,0.318,313.49,break above 313.08
2025-12-26,orb,GOOGL,short,31,09:55,313.256,314.255,311.63,15:55,313.524,time,0.2751,-8.58,-0.316,313.38,break below 313.54
2025-12-29,orb,GOOGL,long,31,10:33,313.0139,311.8075,315.445,11:25,311.714,stop,0.2738,-40.57,-1.079,313.02,break above 312.88
2025-12-31,orb,GOOGL,long,31,09:49,314.0942,312.7,316.66,15:30,312.5662,stop,0.2745,-47.64,-1.164,314.02,break above 313.88
2026-01-02,orb,GOOGL,long,21,09:48,321.8165,319.3125,326.355,10:05,319.2167,stop,0.1898,-54.79,-1.111,321.66,break above 321.60
2026-01-06,orb,GOOGL,short,22,10:13,316.625,318.7275,312.195,11:14,312.195,target,0.1973,97.26,2.03,316.55,break below 316.60
2026-01-09,orb,GOOGL,long,20,11:21,330.4491,327.98,335.135,15:55,329.0413,time,0.1863,-28.34,-0.594,330.365,break above 330.11
2026-01-12,orb,GOOGL,long,20,10:23,329.5788,327.275,334.565,10:45,327.1768,stop,0.1852,-48.23,-0.992,329.705,break above 329.40
2026-01-14,orb,GOOGL,short,30,09:59,331.5105,333.1775,328.955,10:11,333.2775,stop,0.2815,-53.29,-1.262,331.77,break below 331.90
2026-01-15,orb,GOOGL,short,23,10:02,333.175,335.385,328.935,15:55,332.9098,time,0.2169,5.88,0.119,333.235,break below 333.26
2026-01-16,orb,GOOGL,short,26,09:56,331.1206,332.9125,327.325,15:55,329.959,time,0.2436,29.96,0.619,331.05,break below 331.26
2026-01-20,orb,GOOGL,long,20,10:22,325.2275,322.5875,329.855,14:44,322.4907,stop,0.1826,-54.92,-1.134,325.01,break above 324.68
2026-01-21,orb,GOOGL,long,26,09:50,323.0769,321.1,326.77,10:16,326.77,target,0.2405,95.78,1.949,322.99,break above 322.70
2026-01-22,orb,GOOGL,short,25,09:59,331.2256,333.3225,327.405,15:55,330.8092,time,0.2344,10.18,0.206,331.35,break below 331.57
2026-01-23,orb,GOOGL,long,28,09:46,333.2499,331.435,336.715,09:50,331.3356,stop,0.2626,-53.87,-1.093,333.195,break above 332.78
2026-01-26,orb,GOOGL,long,23,10:00,330.8842,328.7475,335.025,11:37,335.025,target,0.218,95.02,1.974,330.84,break above 330.38
2026-01-27,orb,GOOGL,long,23,09:57,337.8613,335.65,341.98,11:31,335.5493,stop,0.2184,-53.39,-1.1,337.76,break above 337.70
2026-01-28,orb,GOOGL,long,29,09:46,336.3859,335.3625,338.175,09:47,335.2394,stop,0.2751,-33.52,-1.233,336.3,break above 336.26
2026-01-30,orb,GOOGL,long,18,09:48,337.5562,334.7275,342.925,15:55,337.3188,time,0.1718,-4.45,-0.09,337.46,break above 336.94
2026-02-02,orb,GOOGL,long,19,09:55,340.3921,337.66,345.265,15:55,343.397,time,0.1845,56.91,1.182,340.195,break above 339.60
2026-02-04,orb,GOOGL,short,22,09:52,339.2182,341.5875,334.875,10:31,334.875,target,0.2111,95.34,1.937,339.35,break below 339.89
2026-02-11,orb,GOOGL,short,29,09:47,317.2248,319.18,314.11,10:13,314.11,target,0.2606,90.07,1.838,317.49,break below 317.57
2026-02-12,orb,GOOGL,short,32,09:48,310.0819,311.205,307.965,09:49,311.2984,stop,0.2812,-39.21,-1.134,310.125,break below 310.26
2026-02-18,orb,GOOGL,short,27,09:50,301.3796,303.21,297.765,09:58,303.301,stop,0.2307,-52.11,-1.063,301.395,break below 301.49
2026-02-19,orb,GOOGL,long,33,09:49,302.5407,301.155,304.89,11:21,304.89,target,0.2852,77.24,1.88,302.4,break above 302.19
2026-02-23,orb,GOOGL,short,24,10:05,315.3354,317.325,311.1,14:51,311.1,target,0.2144,101.43,2.037,315.25,break below 315.33
2026-02-24,orb,GOOGL,long,20,11:03,310.7232,308.2875,315.69,15:55,310.8517,time,0.1762,2.39,0.049,310.755,break above 310.56
2026-02-25,orb,GOOGL,long,27,09:49,313.314,311.2875,316.785,10:34,311.1941,stop,0.2381,-57.47,-1.162,313.12,break above 312.85
2026-02-27,orb,GOOGL,long,17,09:46,309.0527,306.1775,314.645,13:12,306.0856,stop,0.1475,-50.59,-1.054,309.0,break above 308.23
2026-03-02,orb,GOOGL,long,21,09:48,306.0018,303.69,310.68,15:55,306.428,time,0.1824,8.77,0.179,306.02,break above 305.86
2026-03-04,orb,GOOGL,long,30,09:52,303.6711,302.0475,306.945,10:03,301.9569,stop,0.2568,-51.68,-1.055,303.68,break above 303.29
2026-03-05,orb,GOOGL,short,23,10:31,299.0303,301.1125,294.745,15:55,300.7002,time,0.195,-38.6,-0.791,298.99,break below 299.19
2026-03-06,orb,GOOGL,long,29,10:00,298.8396,296.77,301.81,15:55,298.5454,time,0.2455,-8.78,-0.18,298.45,break above 298.25
2026-03-09,orb,GOOGL,long,33,10:04,296.839,295.5,299.52,10:11,295.4114,stop,0.2765,-47.39,-1.072,296.84,break above 296.80
2026-03-10,orb,GOOGL,short,32,09:53,306.0732,307.58,303.65,10:34,307.6723,stop,0.2776,-51.45,-1.227,306.27,break below 306.69
2026-03-11,orb,GOOGL,long,32,09:53,308.1524,306.925,310.15,10:00,310.15,target,0.2812,63.64,1.85,308.0,break above 307.82
2026-03-12,orb,GOOGL,short,25,09:48,305.0735,307.0875,301.125,11:22,301.125,target,0.2162,98.5,1.982,305.1,break below 305.31
2026-03-13,orb,GOOGL,short,29,11:26,304.2837,306.09,300.93,12:56,300.93,target,0.2501,97.01,1.945,304.37,break below 304.49
2026-03-16,orb,GOOGL,long,32,09:59,305.7017,304.39,308.08,10:34,304.1937,stop,0.2759,-48.53,-1.233,305.62,break above 305.42
2026-03-17,orb,GOOGL,long,32,10:31,307.4722,306.49,309.49,11:29,306.3981,stop,0.2779,-34.65,-1.083,307.49,break above 307.42
2026-03-18,orb,GOOGL,short,29,10:28,308.8973,310.8075,305.745,10:50,310.9007,stop,0.2538,-58.35,-1.192,309.12,break below 309.20
2026-03-19,orb,GOOGL,long,32,09:52,304.5914,303.435,306.81,15:01,306.81,target,0.2783,70.72,1.964,304.56,break above 304.50
2026-03-20,orb,GOOGL,short,33,09:51,302.3143,304.14,299.7,14:06,299.66,target,0.2828,87.31,1.788,302.66,break below 302.87
2026-03-23,orb,GOOGL,long,32,10:11,304.9565,303.29,307.34,10:55,303.199,stop,0.275,-56.51,-1.308,304.64,break above 304.54
2026-03-24,orb,GOOGL,short,33,09:51,296.9459,298.625,294.29,12:06,294.29,target,0.2779,87.37,1.832,297.18,break below 297.38
2026-03-25,orb,GOOGL,short,27,09:57,292.2973,294.1575,288.66,15:55,290.9773,time,0.2239,35.42,0.716,292.325,break below 292.33
2026-03-27,orb,GOOGL,long,27,10:17,278.8836,277.08,282.63,12:06,276.9569,stop,0.2124,-52.23,-1.046,278.93,break above 278.87
2026-03-30,orb,GOOGL,short,36,09:48,274.5176,275.6725,271.915,11:48,275.7552,stop,0.2807,-44.83,-0.994,274.42,break below 274.44
2026-03-31,orb,GOOGL,long,35,09:54,279.7339,278.3175,282.315,10:27,282.34,target,0.2805,90.93,1.95,279.65,break above 279.54
2026-04-02,orb,GOOGL,long,25,09:55,293.1279,291.0875,296.885,10:36,296.885,target,0.2105,93.72,1.94,293.02,break above 292.67
2026-04-06,orb,GOOGL,long,33,09:46,297.9594,296.5075,300.67,15:55,299.4301,time,0.2802,48.26,1.054,297.895,break above 297.73
2026-04-07,orb,GOOGL,short,31,09:52,300.5348,302.095,297.31,12:03,302.9108,stop,0.2641,-73.92,-1.495,300.5,break below 300.60
2026-04-09,orb,GOOGL,short,22,10:01,312.5612,314.855,308.18,11:15,314.9495,stop,0.1948,-52.74,-1.077,312.63,break below 312.70
2026-04-10,orb,GOOGL,short,31,10:00,319.4541,320.715,317.22,12:36,317.22,target,0.2805,68.98,1.91,319.55,break below 319.69
2026-04-13,orb,GOOGL,long,25,10:05,319.1957,317.25,323.04,15:55,321.1436,time,0.2273,48.47,1.005,319.18,break above 318.95
2026-04-14,orb,GOOGL,long,28,09:51,326.858,325.19,330.47,11:24,330.47,target,0.2619,100.87,2.047,326.95,break above 326.56
2026-04-15,orb,GOOGL,long,29,10:23,334.2202,332.4525,337.23,14:50,337.26,target,0.2767,87.88,1.903,334.045,break above 333.94
2026-04-16,orb,GOOGL,short,24,09:55,335.8992,338.0375,331.925,10:51,338.1389,stop,0.2281,-53.98,-1.104,336.0,break below 336.23
2026-04-17,orb,GOOGL,short,29,09:54,336.479,337.67,334.55,10:01,337.7713,stop,0.2761,-37.75,-1.252,336.63,break below 336.75
2026-04-20,orb,GOOGL,short,27,11:04,337.3288,339.3575,333.965,15:55,337.6213,time,0.2577,-8.15,-0.168,337.56,break below 337.56
2026-04-21,orb,GOOGL,long,29,09:48,338.9316,337.405,342.085,10:40,337.2788,stop,0.2767,-48.21,-1.066,338.965,break above 338.91
2026-04-22,orb,GOOGL,long,29,09:52,337.2361,336.045,339.195,15:29,339.195,target,0.2783,56.53,1.856,337.095,break above 336.87
2026-04-23,orb,GOOGL,long,29,11:17,341.4624,339.8925,344.235,11:40,339.788,stop,0.2788,-48.84,-1.163,341.34,break above 341.31
2026-04-24,orb,GOOGL,long,29,09:49,338.9617,337.115,342.245,10:42,337.0139,stop,0.2765,-56.76,-1.145,338.825,break above 338.78
2026-04-27,orb,GOOGL,long,15,09:56,348.4845,345.1125,354.66,15:55,350.2649,time,0.1486,26.56,0.556,348.295,break above 347.40
2026-04-28,orb,GOOGL,long,25,10:06,349.9249,347.8475,353.72,15:55,349.3952,time,0.247,-13.49,-0.276,349.805,break above 349.57
2026-04-29,orb,GOOGL,long,18,09:47,349.3498,346.5425,354.665,10:33,354.665,target,0.1805,95.49,1.959,349.25,break above 348.86
2026-05-01,orb,GOOGL,long,22,09:59,383.6251,381.32,387.86,10:39,381.2056,stop,0.2368,-53.46,-1.115,383.5,break above 383.49
2026-05-04,orb,GOOGL,short,16,09:50,381.3556,384.545,375.41,13:51,384.6604,stop,0.1723,-53.05,-1.089,381.5,break below 381.82
2026-05-06,orb,GOOGL,long,21,09:47,396.819,394.58,401.66,09:51,394.4616,stop,0.2338,-49.74,-1.004,396.94,break above 396.34
2026-05-07,orb,GOOGL,short,23,09:50,395.9012,398.19,391.8,15:55,396.0388,time,0.257,-3.42,-0.07,396.06,break below 396.28
2026-05-08,orb,GOOGL,long,25,09:46,399.7049,397.805,402.92,12:43,397.6857,stop,0.2805,-50.76,-1.191,399.51,break above 399.21
2026-05-13,orb,GOOGL,long,17,09:52,389.7569,386.9,395.57,10:50,395.57,target,0.1898,98.63,2.008,389.79,break above 388.78
2026-05-14,orb,GOOGL,long,20,09:46,400.6702,398.11,405.34,09:53,397.9906,stop,0.2246,-53.82,-1.117,400.52,break above 400.08
2026-05-15,orb,GOOGL,long,25,09:49,397.0091,395.01,400.68,11:50,394.8915,stop,0.2786,-53.22,-1.126,396.9,break above 396.73
2026-05-21,orb,GOOGL,short,26,10:05,383.5299,385.195,380.41,10:11,385.3106,stop,0.2815,-46.58,-1.123,383.6,break below 383.64
2026-05-22,orb,GOOGL,short,26,10:03,384.0048,385.795,380.71,10:17,385.9107,stop,0.2819,-49.84,-1.131,384.1,break below 384.35
2026-05-26,orb,GOOGL,long,20,10:00,387.0361,384.335,391.7,15:55,388.2235,time,0.2192,23.53,0.479,386.79,break above 385.95
2026-05-27,orb,GOOGL,long,13,10:02,392.1876,388.29,399.27,15:55,388.7933,time,0.1427,-44.27,-0.93,391.95,break above 390.68
2026-05-28,orb,GOOGL,short,25,09:46,385.2144,387.215,381.53,09:50,387.3312,stop,0.2719,-53.19,-1.123,385.32,break below 385.52
2026-05-29,orb,GOOGL,long,20,10:00,385.1155,382.7425,389.905,10:14,382.6277,stop,0.2161,-49.97,-1.047,385.13,break above 385.11
2026-06-01,orb,GOOGL,long,23,11:08,377.7133,375.4675,381.955,11:18,375.3549,stop,0.2438,-54.49,-1.096,377.63,break above 377.36
2026-06-03,orb,GOOGL,short,18,10:28,361.0966,363.82,355.915,10:40,363.9291,stop,0.1837,-51.17,-1.079,361.185,break below 361.20
2026-06-08,orb,GOOGL,short,18,10:01,361.5215,364.195,356.095,10:59,364.3043,stop,0.1839,-50.27,-1.034,361.495,break below 362.38
2026-06-10,orb,GOOGL,long,21,09:58,366.5699,364.2175,371.125,10:48,364.1082,stop,0.2161,-51.91,-1.074,366.52,break above 366.18
2026-06-15,orb,GOOGL,long,18,11:27,372.2817,369.3925,377.605,15:35,369.2817,stop,0.1878,-54.19,-1.1,372.13,break above 372.10
2026-06-16,orb,GOOGL,short,27,09:48,367.6397,369.4,363.91,10:07,369.5108,stop,0.2804,-50.8,-1.028,367.57,break below 367.68
2026-06-17,orb,GOOGL,short,20,09:46,367.3198,369.8375,362.435,15:30,362.435,target,0.2075,97.49,1.975,367.37,break below 367.50
2026-06-22,orb,GOOGL,short,19,09:47,353.6339,356.38,348.49,10:30,348.49,target,0.1899,97.54,1.952,353.75,break below 354.05
2026-06-24,orb,GOOGL,short,17,09:49,347.0459,349.9425,341.415,09:58,350.0475,stop,0.1668,-51.19,-1.059,347.1,break below 347.83
2026-06-25,orb,GOOGL,long,21,10:03,340.7022,338.255,345.38,15:55,343.317,time,0.2039,54.71,1.097,340.63,break above 340.62
2026-06-30,orb,GOOGL,long,24,10:41,354.7964,352.7325,358.8,15:55,357.6027,time,0.2426,67.11,1.383,354.755,break above 354.70
2026-07-01,orb,GOOGL,short,23,09:49,357.7676,359.9725,353.62,10:28,360.0805,stop,0.2326,-53.43,-1.097,357.855,break below 357.89
2026-07-02,orb,GOOGL,long,15,09:55,364.0792,360.83,370.22,10:53,360.7218,stop,0.1529,-50.51,-1.076,363.96,break above 363.29
2026-07-06,orb,GOOGL,short,16,09:50,357.9626,361.165,352.09,10:31,361.2934,stop,0.1619,-53.45,-1.104,358.14,break below 358.79
2026-07-07,orb,GOOGL,long,15,09:49,373.0019,369.4375,378.865,10:41,369.3267,stop,0.1565,-55.28,-1.173,372.58,break above 372.01
2026-07-08,orb,GOOGL,short,17,10:00,362.3213,365.25,356.73,15:55,361.8985,time,0.1741,7.01,0.145,362.41,break below 362.85
2026-07-09,orb,GOOGL,short,17,10:06,354.3337,357.375,348.84,14:12,357.4822,stop,0.1703,-53.7,-1.11,354.53,break below 355.13
2026-07-10,orb,GOOGL,short,23,10:33,353.8438,356.17,349.66,15:16,356.2769,stop,0.2301,-56.19,-1.126,354.0,break below 354.54
2026-07-14,orb,GOOGL,long,24,09:46,354.7814,352.74,358.8,09:49,352.6342,stop,0.2393,-51.77,-1.068,354.76,break above 354.29
2026-07-22,orb,GOOGL,long,28,10:02,348.9947,347.495,351.92,10:23,347.3908,stop,0.2751,-45.18,-1.094,348.97,break above 348.76
2026-07-23,orb,GOOGL,short,20,09:48,319.4991,322.33,314.95,15:55,319.0857,time,0.181,8.09,0.164,319.87,break below 320.24
2026-07-24,orb,GOOGL,long,19,09:49,322.0766,319.135,326.845,10:30,319.0393,stop,0.1717,-57.88,-1.185,321.705,break above 320.91
2026-07-27,orb,GOOGL,long,25,09:56,329.2287,327.125,333.08,10:27,327.0269,stop,0.2314,-55.28,-1.114,329.11,break above 329.07
2026-07-29,orb,GOOGL,short,29,09:48,333.32,335.0025,330.285,11:03,335.103,stop,0.2735,-51.98,-1.14,333.43,break below 333.57
2026-08-05,orb,GOOGL,short,19,09:47,379.4361,381.9675,374.235,10:42,382.0821,stop,0.2036,-50.48,-1.031,379.39,break below 379.50
2026-08-06,orb,GOOGL,short,24,10:40,360.017,362.0825,355.97,15:55,357.8823,time,0.2442,50.99,1.043,360.045,break below 360.15
2026-08-07,orb,GOOGL,short,24,09:48,354.7335,356.99,350.78,11:11,357.0971,stop,0.2407,-56.97,-1.147,354.92,break below 355.14
2026-08-10,orb,GOOGL,short,28,09:48,352.9841,354.925,349.765,10:10,355.0315,stop,0.2794,-57.61,-1.196,353.205,break below 353.25
2026-08-12,orb,GOOGL,short,23,10:03,342.0673,344.3075,337.985,15:11,344.4108,stop,0.2225,-54.12,-1.117,342.2,break below 342.25
2026-08-13,orb,GOOGL,long,28,10:09,346.604,345.16,349.18,11:23,345.0565,stop,0.2732,-43.6,-1.162,346.5,break above 346.48
2026-08-14,orb,GOOGL,short,24,10:30,346.3061,348.4425,342.39,15:55,346.0138,time,0.235,6.78,0.14,346.425,break below 346.48
2026-08-17,orb,GOOGL,short,28,10:24,343.5969,345.55,340.24,15:55,344.1032,time,0.2721,-14.45,-0.292,343.78,break below 343.88
2026-08-18,orb,GOOGL,long,29,10:21,343.283,341.64,346.17,15:55,344.1167,time,0.2822,23.9,0.546,343.15,break above 343.07
2026-08-19,orb,GOOGL,short,29,09:49,340.7677,342.68,337.61,09:54,342.7828,stop,0.2795,-58.72,-1.198,340.99,break below 341.10
2026-08-20,orb,GOOGL,short,29,10:13,341.6075,342.775,339.505,10:40,342.8778,stop,0.2802,-37.12,-1.174,341.685,break below 341.72
2026-08-21,orb,GOOGL,long,29,10:18,342.8728,341.53,345.295,11:45,345.295,target,0.2832,69.96,1.922,342.785,break above 342.64
2026-08-25,orb,GOOGL,short,28,10:02,347.6557,348.955,345.28,15:55,347.0741,time,0.2753,16.01,0.467,347.73,break below 347.82
2026-08-26,orb,GOOGL,short,27,10:02,343.0071,344.9325,339.465,15:55,342.0826,time,0.2619,24.7,0.502,343.11,break below 343.12
2026-08-27,orb,GOOGL,long,29,09:46,341.4724,339.88,344.59,10:00,339.778,stop,0.2787,-49.42,-1.085,341.45,break above 341.22
2026-08-28,orb,GOOGL,long,29,09:48,343.1429,341.9825,345.845,10:44,345.845,target,0.2836,78.08,2.091,343.27,break above 343.19
2026-08-31,orb,GOOGL,short,25,09:46,340.2879,342.3825,336.525,15:55,340.067,time,0.2407,5.28,0.108,340.43,break below 340.52
2026-09-01,orb,GOOGL,long,25,09:48,336.711,334.67,340.595,13:54,334.5696,stop,0.2367,-53.77,-1.089,336.645,break above 336.23
2026-09-02,orb,GOOGL,long,27,09:54,336.2258,334.275,339.675,10:15,339.675,target,0.2594,92.87,1.911,336.075,break above 335.58
2026-09-04,orb,GOOGL,short,29,09:50,340.3679,342.0175,337.39,11:02,337.39,target,0.2792,86.08,1.924,340.475,break below 340.53
2026-09-08,orb,GOOGL,short,29,09:46,334.3097,335.835,331.575,10:41,335.9358,stop,0.2743,-47.43,-1.152,334.415,break below 334.73
2026-09-09,orb,GOOGL,short,29,10:04,328.0516,329.8825,324.715,10:08,329.9815,stop,0.2693,-56.24,-1.126,328.16,break below 328.24
2026-09-10,orb,GOOGL,long,30,10:26,330.5791,329.045,333.395,15:55,332.4802,time,0.2823,56.75,1.305,330.495,break above 330.30
2026-09-14,orb,GOOGL,long,23,09:48,346.0438,343.8525,350.265,10:21,343.7493,stop,0.2236,-53.0,-1.078,345.99,break above 345.36
2026-09-15,orb,GOOGL,short,26,10:11,344.3417,346.3875,340.74,15:55,345.0985,time,0.2532,-19.93,-0.407,344.505,break below 344.75
2026-09-17,orb,GOOGL,short,22,09:46,344.9465,347.315,340.73,10:30,347.4192,stop,0.2146,-54.61,-1.131,345.12,break below 345.18
2026-09-18,orb,GOOGL,short,19,09:48,354.7335,357.4475,349.775,10:32,349.775,target,0.1905,94.02,1.935,354.89,break below 355.53
2026-09-22,orb,GOOGL,long,19,09:48,362.1536,359.555,367.13,10:04,359.4471,stop,0.193,-51.62,-1.076,362.08,break above 361.88
2026-09-23,orb,GOOGL,short,23,09:52,345.6263,347.89,341.605,10:10,341.605,target,0.2248,92.26,1.915,345.795,break below 345.88
2026-09-24,orb,GOOGL,long,28,10:10,339.8019,337.8925,343.195,11:07,337.7911,stop,0.2676,-56.57,-1.143,339.66,break above 339.55
2026-09-25,orb,GOOGL,short,19,10:06,342.0624,344.6925,336.87,11:31,344.7959,stop,0.1838,-52.12,-1.052,342.085,break below 342.45
2026-09-28,orb,GOOGL,short,29,10:13,340.2879,341.9325,337.155,13:11,342.0351,stop,0.2792,-50.95,-1.103,340.34,break below 340.37
2026-09-29,orb,GOOGL,short,29,09:56,340.2029,341.5225,337.705,15:47,341.625,stop,0.2791,-41.52,-1.125,340.25,break below 340.27
2026-09-30,orb,GOOGL,long,19,09:50,349.0647,346.315,354.19,15:52,346.2111,stop,0.186,-54.4,-1.091,348.94,break above 348.42
2026-10-02,orb,GOOGL,long,27,10:02,344.8434,342.8375,348.2,11:19,342.7346,stop,0.2617,-57.2,-1.185,344.625,break above 344.41
2026-10-05,orb,GOOGL,long,29,09:46,344.8734,343.5975,347.055,13:45,347.055,target,0.2846,62.98,1.884,344.75,break above 344.64
2026-10-06,orb,GOOGL,long,25,10:45,348.4645,346.4375,352.265,15:55,347.6057,time,0.2457,-21.72,-0.447,348.38,break above 347.99
2026-10-08,orb,GOOGL,short,18,09:55,351.4545,354.37,346.375,15:55,347.9844,time,0.1789,62.28,1.298,351.705,break below 351.94
2023-10-13,orb,TSLA,short,22,10:25,255.5133,257.905,251.29,13:36,251.29,target,0.1599,92.75,1.912,255.7,break below 256.22
2023-10-17,orb,TSLA,short,32,09:46,248.3955,250.055,245.42,10:07,250.13,stop,0.2263,-55.73,-1.127,248.51,break below 248.76
2023-10-18,orb,TSLA,short,28,10:11,251.1446,252.9175,247.675,10:51,247.675,target,0.2001,96.95,1.981,251.17,break below 251.30
2023-10-27,orb,TSLA,short,25,10:00,208.7074,210.795,204.93,10:13,210.8582,stop,0.1492,-53.92,-1.103,208.84,break below 209.24
2023-10-30,orb,TSLA,short,25,09:52,206.8679,209.11,203.155,10:21,203.155,target,0.1479,92.68,1.868,207.125,break below 207.56
2023-11-01,orb,TSLA,short,27,10:06,201.4645,203.205,197.79,14:57,203.266,stop,0.1557,-48.79,-1.001,201.4,break below 201.75
2023-11-03,orb,TSLA,long,30,09:46,223.6571,221.895,226.83,10:26,221.8284,stop,0.19,-55.05,-1.115,223.54,break above 223.11
2023-11-16,orb,TSLA,long,35,09:56,240.4921,239.0425,243.295,10:04,238.9708,stop,0.2383,-53.49,-1.078,240.46,break above 240.38
2023-11-28,orb,TSLA,short,22,09:52,235.4493,237.445,230.71,10:56,237.5162,stop,0.1477,-45.62,-0.924,235.2,break below 235.72
2023-12-04,orb,TSLA,long,32,09:52,238.3265,236.195,240.83,10:22,236.1241,stop,0.2154,-70.69,-1.43,237.74,break above 237.64
2023-12-06,orb,TSLA,long,28,09:53,245.8937,244.095,249.27,10:00,244.0218,stop,0.1946,-52.61,-1.089,245.82,break above 245.75
2023-12-11,orb,TSLA,short,32,10:08,240.3479,241.9675,237.385,10:59,242.0401,stop,0.2191,-54.37,-1.112,240.44,break below 240.74
2023-12-13,orb,TSLA,short,28,09:54,233.5799,235.425,230.16,11:13,230.16,target,0.1865,95.57,1.945,233.67,break below 234.00
2023-12-19,orb,TSLA,long,34,09:51,255.6717,254.2925,258.665,09:57,254.2162,stop,0.2459,-49.73,-1.004,255.75,break above 255.52
2023-12-20,orb,TSLA,long,25,09:50,258.5275,256.415,262.325,12:05,256.3381,stop,0.1823,-54.92,-1.115,258.385,break above 257.86
2023-12-21,orb,TSLA,short,37,09:54,251.2546,252.63,248.625,10:06,248.625,target,0.2646,97.03,1.964,251.295,break below 251.45
2023-12-22,orb,TSLA,short,36,10:21,255.7433,257.0125,252.94,14:18,252.94,target,0.2619,100.66,2.06,255.655,break below 255.84
2023-12-26,orb,TSLA,long,36,10:09,255.7667,254.17,258.31,15:55,256.4131,time,0.2626,23.01,0.463,255.55,break above 255.37
2023-12-28,orb,TSLA,short,24,09:51,261.5965,263.945,257.87,13:03,257.87,target,0.1785,89.26,1.837,261.92,break below 262.83
2023-12-29,orb,TSLA,short,19,10:34,250.7548,253.365,245.79,15:55,248.3195,time,0.1356,46.13,0.962,250.84,break below 251.59
2024-01-04,orb,TSLA,long,29,10:02,241.4874,239.58,244.74,14:20,239.4881,stop,0.1979,-58.18,-1.166,241.3,break above 240.86
2024-01-05,orb,TSLA,long,34,09:50,237.8863,236.285,240.62,15:55,237.5237,time,0.2302,-12.56,-0.256,237.73,break above 237.54
2024-01-08,orb,TSLA,long,33,09:53,238.2815,236.5875,241.065,10:18,236.5165,stop,0.2225,-58.47,-1.187,238.08,break above 237.79
2024-01-09,orb,TSLA,short,23,09:46,235.0545,237.525,231.06,15:55,235.0105,time,0.1541,0.86,0.017,235.37,break below 236.15
2024-01-10,orb,TSLA,short,39,09:47,232.8651,234.29,230.48,10:58,234.3603,stop,0.2589,-58.57,-1.183,233.02,break below 233.09
2024-01-11,orb,TSLA,short,24,10:04,227.0619,229.195,222.97,15:55,227.1181,time,0.1555,-1.51,-0.03,227.12,break below 227.64
2024-01-16,orb,TSLA,long,26,09:52,215.6247,213.745,219.475,10:01,219.475,target,0.163,99.95,2.013,215.655,break above 215.28
2024-01-29,orb,TSLA,short,37,09:52,184.0948,185.63,181.58,10:07,185.6857,stop,0.1955,-59.06,-1.182,184.28,break below 184.41
2024-02-01,orb,TSLA,short,49,09:49,188.0136,188.88,185.85,09:51,188.9367,stop,0.2642,-45.5,-0.919,187.87,break below 187.93
2024-02-02,orb,TSLA,long,27,09:49,186.651,184.97,190.37,09:54,184.8445,stop,0.1432,-48.92,-1.007,186.77,break above 186.21
2024-02-05,orb,TSLA,short,42,09:50,182.2953,183.5925,180.045,10:18,180.045,target,0.2198,94.29,1.899,182.41,break below 182.54
2024-02-07,orb,TSLA,short,36,09:46,186.674,187.905,183.75,10:04,183.75,target,0.1928,105.07,2.107,186.52,break below 186.63
2024-02-22,orb,TSLA,long,35,10:06,194.4733,192.79,197.05,10:32,192.7322,stop,0.1933,-61.13,-1.23,194.21,break above 194.17
2024-02-23,orb,TSLA,short,24,10:01,193.8918,196.075,189.925,15:55,192.1326,time,0.1333,42.09,0.855,194.025,break below 194.68
2024-02-28,orb,TSLA,short,32,09:51,199.4901,200.985,196.38,10:08,201.0453,stop,0.1828,-49.95,-1.017,199.45,break below 199.60
2024-02-29,orb,TSLA,short,47,09:46,203.299,204.325,201.19,09:47,204.3863,stop,0.2734,-51.38,-1.046,203.28,break below 203.39
2024-03-05,orb,TSLA,long,35,09:49,183.9152,182.6,186.8,09:58,182.5452,stop,0.1834,-48.13,-0.982,184.0,break above 183.55
2024-04-01,orb,TSLA,short,36,09:47,174.2877,175.49,171.38,09:53,175.5426,stop,0.1804,-45.36,-0.92,174.12,break below 174.26
2024-04-04,orb,TSLA,short,39,09:46,168.1545,169.47,165.63,09:49,169.5208,stop,0.1888,-53.47,-1.071,168.19,break below 168.30
2024-04-05,orb,TSLA,long,34,09:58,169.5809,168.58,172.93,11:05,168.5294,stop,0.1649,-35.91,-0.728,170.03,break above 169.80
2024-04-10,orb,TSLA,short,29,09:46,172.0484,173.755,168.7,15:55,171.9616,time,0.1435,2.37,0.049,172.07,break below 172.61
2024-04-12,orb,TSLA,short,48,10:38,171.7385,172.6675,169.585,11:34,172.7193,stop,0.2371,-47.32,-0.959,171.64,break below 171.75
2024-05-03,orb,TSLA,long,39,09:46,183.8351,182.59,186.37,10:04,182.5352,stop,0.2044,-50.9,-1.036,183.85,break above 183.70
2024-05-08,orb,TSLA,long,33,09:46,172.6618,171.4025,175.82,11:49,175.82,target,0.1668,104.05,2.141,172.875,break above 172.66
2024-05-09,orb,TSLA,short,38,09:50,173.218,174.465,170.58,10:01,174.5524,stop,0.1893,-50.89,-1.034,173.17,break below 173.39
2024-05-17,orb,TSLA,long,57,10:15,174.4723,173.5275,176.025,10:30,176.025,target,0.2884,88.21,1.859,174.36,break above 174.28
2024-05-22,orb,TSLA,short,28,10:28,180.3909,182.27,176.96,15:55,179.7639,time,0.1451,17.41,0.351,180.5,break below 181.06
2024-05-24,orb,TSLA,long,46,09:46,176.5429,175.005,178.23,09:59,174.9525,stop,0.2314,-73.39,-1.484,176.08,break above 176.07
2024-05-30,orb,TSLA,long,35,09:46,179.5639,178.235,182.45,10:09,182.615,target,0.1835,106.61,2.168,179.64,break above 179.13
2024-06-04,orb,TSLA,short,35,10:13,174.3977,175.7375,171.5,10:40,175.7902,stop,0.1755,-48.91,-0.989,174.325,break below 174.46
2024-06-06,orb,TSLA,short,40,09:49,173.9778,175.6325,171.89,12:26,175.7027,stop,0.2001,-69.2,-1.387,174.385,break below 174.43
2024-06-10,orb,TSLA,long,38,09:47,178.0484,176.69,180.605,10:00,176.637,stop,0.1929,-53.83,-1.085,177.995,break above 177.70
2024-06-18,orb,TSLA,short,25,09:46,183.5199,185.635,179.83,15:55,184.8354,time,0.1317,-33.02,-0.683,183.7,break below 184.32
2024-06-21,orb,TSLA,short,44,09:47,181.5555,182.765,179.405,10:45,182.8198,stop,0.2294,-55.86,-1.134,181.645,break below 181.66
2024-06-25,orb,TSLA,long,31,10:02,185.0005,183.425,188.18,15:55,187.0239,time,0.1663,62.56,1.273,185.01,break above 184.66
2024-06-27,orb,TSLA,long,32,10:00,197.3742,195.59,200.225,10:50,195.5313,stop,0.1793,-59.15,-1.196,197.135,break above 197.00
2024-07-08,orb,TSLA,short,25,09:48,245.5763,247.5625,241.645,09:56,247.6368,stop,0.1748,-51.69,-1.048,245.59,break below 245.94
2024-07-11,orb,TSLA,long,20,09:46,267.4302,264.5025,271.725,10:22,264.4231,stop,0.1503,-60.29,-1.252,266.91,break above 266.23
2024-08-09,orb,TSLA,long,36,09:47,198.5095,197.4525,201.555,09:59,197.3933,stop,0.2035,-40.39,-0.82,198.82,break above 198.68
2024-08-12,orb,TSLA,short,26,09:54,196.1411,197.97,192.36,10:37,198.0294,stop,0.1461,-49.24,-1.013,196.1,break below 196.73
2024-08-21,orb,TSLA,long,34,09:51,224.0572,222.22,226.54,10:00,222.1533,stop,0.2156,-64.95,-1.327,223.66,break above 223.54
2024-08-23,orb,TSLA,long,20,10:01,218.2655,215.845,223.03,12:46,215.7802,stop,0.1233,-49.83,-1.04,218.24,break above 217.21
2024-08-26,orb,TSLA,short,32,10:10,216.2651,217.69,213.04,10:19,213.04,target,0.1977,103.01,2.077,216.14,break below 216.43
2024-09-26,orb,TSLA,short,24,10:21,258.1225,260.05,254.02,10:41,254.02,target,0.1762,98.28,2.037,258.04,break below 258.55
2024-09-27,orb,TSLA,short,25,10:07,255.2634,257.5,251.68,11:39,257.5772,stop,0.1816,-58.03,-1.196,255.56,break below 255.65
2024-10-04,orb,TSLA,long,24,09:46,249.8149,247.6375,253.735,09:56,247.5632,stop,0.1692,-54.21,-1.111,249.67,break above 249.10
2024-10-07,orb,TSLA,short,24,09:51,245.7163,247.8075,241.605,14:48,241.605,target,0.1679,98.5,1.985,245.74,break below 246.04
2024-10-17,orb,TSLA,short,28,10:12,218.1845,219.91,214.57,10:20,219.976,stop,0.1745,-50.34,-1.01,218.13,break below 218.30
2024-10-18,orb,TSLA,long,36,10:49,221.9866,220.495,224.65,15:55,220.7138,time,0.2269,-46.05,-0.924,221.88,break above 221.75
2024-10-22,orb,TSLA,short,43,11:15,215.5853,216.7925,213.335,13:18,216.8575,stop,0.2648,-54.97,-1.109,215.64,break below 215.88
2024-10-23,orb,TSLA,short,40,10:03,216.2151,217.6875,213.975,13:01,213.975,target,0.2471,89.36,1.805,216.45,break below 216.73
2024-10-31,orb,TSLA,short,26,09:47,256.0931,257.885,252.29,10:51,252.29,target,0.1894,98.69,2.035,256.02,break below 256.12
2024-11-01,orb,TSLA,short,27,09:47,250.7248,252.6025,247.165,10:31,252.6783,stop,0.1927,-52.94,-1.082,250.79,break below 251.21
2024-11-22,orb,TSLA,short,18,09:51,338.1985,341.21,333.08,09:57,341.3124,stop,0.1722,-56.22,-1.153,338.5,break below 338.88
2024-11-26,orb,TSLA,long,15,09:46,344.8034,340.795,350.425,09:54,340.6928,stop,0.1446,-61.8,-1.284,344.005,break above 343.10
2024-11-29,orb,TSLA,long,19,09:56,339.8119,337.08,344.7,12:57,344.7,target,0.1852,92.69,1.921,339.62,break above 339.36
2024-12-04,orb,TSLA,long,20,10:36,353.456,350.935,358.21,12:21,350.8297,stop,0.1984,-52.72,-1.087,353.36,break above 353.26
2024-12-13,orb,TSLA,long,12,09:46,422.5517,418.7025,430.29,10:24,430.29,target,0.1455,92.71,2.0,422.565,break above 421.64
2025-02-05,orb,TSLA,short,17,10:05,382.6652,385.665,377.01,15:31,377.01,target,0.1837,95.95,1.956,382.78,break below 383.12
2025-02-21,orb,TSLA,short,16,10:28,349.4251,352.67,343.415,11:39,343.415,target,0.1581,96.0,1.945,349.585,break below 350.42
2025-02-24,orb,TSLA,long,22,09:46,342.4027,339.75,346.53,09:46,339.6481,stop,0.2114,-60.81,-1.223,342.01,break above 341.94
2025-03-26,orb,TSLA,short,13,09:57,278.5564,282.4675,271.495,12:54,271.495,target,0.1028,91.7,1.929,278.81,break below 280.49
2025-04-16,orb,TSLA,long,21,11:26,251.2854,248.9325,255.765,11:59,248.8578,stop,0.1488,-51.13,-1.069,251.21,break above 250.72
2025-05-07,orb,TSLA,short,31,10:13,274.6276,276.3275,271.61,10:28,276.4279,stop,0.2418,-56.05,-1.15,274.755,break below 274.80
2025-05-13,orb,TSLA,long,12,10:02,323.407,319.19,330.86,11:05,319.0942,stop,0.1084,-51.86,-1.111,323.08,break above 321.54
2025-05-15,orb,TSLA,short,17,09:49,336.9489,339.905,331.34,10:16,340.007,stop,0.1621,-52.15,-1.074,337.05,break below 337.59
2025-05-21,orb,TSLA,long,22,10:07,346.1588,344.1575,350.825,10:13,344.0543,stop,0.2141,-46.51,-0.951,346.38,break above 345.91
2025-05-22,orb,TSLA,long,15,09:52,337.6863,334.125,343.71,11:24,343.71,target,0.1458,90.21,1.882,337.32,break above 336.59
2025-05-28,orb,TSLA,short,17,09:46,359.4221,362.42,353.675,10:05,362.5287,stop,0.1727,-52.98,-1.069,359.505,break below 360.04
2025-05-29,orb,TSLA,short,21,09:50,362.8211,365.54,358.55,09:54,365.6497,stop,0.2153,-59.61,-1.218,363.21,break below 363.49
2025-05-30,orb,TSLA,long,21,09:46,358.2775,355.5075,362.64,10:39,362.64,target,0.2152,91.4,1.831,357.885,break above 357.17
2025-06-03,orb,TSLA,long,13,10:03,350.0,346.2475,357.295,10:08,346.1436,stop,0.1273,-50.26,-1.05,349.93,break above 348.62
2025-06-10,orb,TSLA,short,21,09:47,311.0667,313.6175,306.485,09:52,313.7116,stop,0.1851,-55.73,-1.116,311.24,break below 311.44
2025-06-11,orb,TSLA,short,19,09:46,330.2509,333.2325,325.455,10:10,333.3325,stop,0.1776,-58.73,-1.192,330.64,break below 331.06
2025-06-27,orb,TSLA,long,19,09:46,324.8024,322.3925,330.02,13:49,322.2958,stop,0.1734,-47.8,-0.989,324.935,break above 324.61
2025-07-03,orb,TSLA,short,30,09:46,314.6756,316.375,311.455,09:55,316.4699,stop,0.2674,-54.1,-1.1,314.735,break below 314.85
2025-07-09,orb,TSLA,short,17,10:28,295.0415,298.14,289.62,15:55,296.4439,time,0.1423,-23.98,-0.497,295.3,break below 296.23
2025-07-11,orb,TSLA,long,23,09:49,309.2928,307.14,313.5,11:14,306.9129,stop,0.2001,-54.94,-1.127,309.26,break above 308.59
2025-07-15,orb,TSLA,short,23,09:55,317.3448,319.405,312.94,11:04,312.94,target,0.2067,101.1,2.04,317.25,break below 317.68
2025-07-16,orb,TSLA,long,22,09:46,317.0401,314.82,321.6,10:12,314.6906,stop,0.1961,-51.89,-1.044,317.08,break above 316.82
2025-07-17,orb,TSLA,long,23,10:11,324.1972,322.1175,328.515,10:19,322.0209,stop,0.2097,-50.27,-1.025,324.25,break above 323.99
2025-07-18,orb,TSLA,long,19,09:49,326.4679,323.8675,331.585,15:55,329.3812,time,0.1771,55.17,1.129,326.44,break above 326.13
2025-07-22,orb,TSLA,short,15,09:52,325.3124,328.67,319.19,10:32,328.7686,stop,0.1381,-51.98,-1.097,325.51,break below 326.95
2025-07-23,orb,TSLA,long,23,09:48,333.36,331.225,337.57,13:07,331.1256,stop,0.2155,-51.61,-1.061,333.34,break above 333.23
2025-07-25,orb,TSLA,long,20,10:03,313.1539,310.425,317.88,11:23,317.88,target,0.1801,94.34,1.898,312.91,break above 312.68
2025-07-28,orb,TSLA,long,26,09:47,319.4458,317.5675,323.17,10:10,323.17,target,0.2379,96.59,1.989,319.435,break above 319.26
2025-07-30,orb,TSLA,short,16,10:58,319.2042,322.18,313.18,14:56,313.18,target,0.1446,96.24,2.005,319.18,break below 320.14
2025-07-31,orb,TSLA,short,29,09:55,318.2645,319.9725,314.925,10:49,314.925,target,0.2614,96.58,1.979,318.29,break below 318.71
2025-08-05,orb,TSLA,long,22,09:49,309.983,307.7075,314.375,10:20,307.6152,stop,0.1918,-52.28,-1.069,309.93,break above 309.77
2025-08-07,orb,TSLA,long,29,10:01,321.7365,320.08,325.18,10:10,319.5791,stop,0.2625,-62.83,-1.274,321.78,break above 321.76
2025-08-14,orb,TSLA,long,29,09:55,337.6963,336.27,340.515,10:11,336.1691,stop,0.2758,-44.56,-1.086,337.685,break above 337.61
2025-08-15,orb,TSLA,short,16,09:46,333.4699,336.68,327.665,12:03,327.665,target,0.151,92.73,1.929,333.675,break below 334.30
2025-08-18,orb,TSLA,long,24,10:26,334.1002,331.75,337.96,15:55,334.1497,time,0.2269,0.96,0.019,333.82,break above 333.64
2025-08-19,orb,TSLA,long,22,09:55,337.7113,335.28,341.82,10:38,335.1794,stop,0.2086,-55.91,-1.166,337.46,break above 337.15
2025-08-20,orb,TSLA,short,13,09:46,325.9322,329.38,317.86,10:16,317.86,target,0.1199,104.82,2.1,325.54,break below 327.42
2025-08-21,orb,TSLA,short,22,09:57,320.7138,323.205,316.68,10:05,323.317,stop,0.1998,-57.47,-1.201,321.03,break below 321.69
2025-08-25,orb,TSLA,short,15,09:46,336.1841,338.975,329.3,09:57,339.0767,stop,0.1427,-43.53,-0.9,335.75,break below 336.94
2025-08-26,orb,TSLA,long,23,09:56,348.1244,346.485,352.92,10:05,346.2961,stop,0.2252,-42.28,-0.857,348.63,break above 348.55
2025-08-27,orb,TSLA,short,16,09:46,350.6148,353.2825,344.005,11:09,353.456,stop,0.1586,-45.62,-0.922,350.19,break below 351.28
2025-08-28,orb,TSLA,short,19,09:46,349.6551,351.545,343.97,09:55,351.6505,stop,0.1878,-38.1,-0.794,349.02,break below 349.80
2025-08-29,orb,TSLA,short,25,09:46,344.2467,346.725,340.935,10:07,340.935,target,0.2434,82.55,1.711,344.795,break below 344.82
2025-09-04,orb,TSLA,short,16,10:05,332.4252,335.375,326.45,11:39,335.4756,stop,0.1505,-48.96,-1.028,332.4,break below 333.21
2025-09-09,orb,TSLA,long,28,09:51,350.3151,348.685,353.41,09:55,348.5804,stop,0.276,-48.85,-1.108,350.26,break above 350.19
2025-09-11,orb,TSLA,long,26,09:54,351.4304,349.5325,355.225,10:12,355.225,target,0.2611,98.4,1.994,351.43,break above 351.24
2025-09-16,orb,TSLA,long,15,09:54,417.5852,414.25,423.76,10:16,413.5459,stop,0.1749,-60.77,-1.278,417.42,break above 417.00
2025-10-16,orb,TSLA,short,21,09:50,432.5102,434.945,427.82,09:54,435.0755,stop,0.256,-54.13,-1.085,432.57,break below 432.86
2025-10-17,orb,TSLA,long,12,09:52,431.2293,426.86,438.98,10:19,438.98,target,0.1484,92.86,1.915,430.9,break above 429.88
2025-10-20,orb,TSLA,long,16,09:50,446.774,443.515,452.89,10:30,443.3819,stop,0.1999,-54.47,-1.089,446.64,break above 445.78
2025-10-21,orb,TSLA,short,14,09:49,442.5072,446.23,436.09,10:19,446.3639,stop,0.1745,-54.17,-1.145,442.85,break below 443.72
2025-10-22,orb,TSLA,short,19,09:49,440.3079,443.09,435.26,10:27,435.26,target,0.2357,95.67,1.929,440.48,break below 440.80
2025-10-29,orb,TSLA,long,12,10:01,465.1345,461.0625,472.635,10:25,460.9017,stop,0.1557,-50.95,-1.101,464.92,break above 464.01
2025-10-30,orb,TSLA,long,17,09:50,453.2259,451.5425,460.085,09:57,451.2946,stop,0.2161,-33.05,-0.683,454.39,break above 454.38
2025-10-31,orb,TSLA,short,22,09:47,446.656,448.485,442.38,09:52,448.6195,stop,0.2768,-43.48,-0.971,446.45,break below 446.59
2025-11-06,orb,TSLA,long,9,09:46,466.82,461.23,477.82,09:50,461.0916,stop,0.1169,-51.67,-1.038,466.76,break above 464.45
2025-11-11,orb,TSLA,short,17,09:53,437.1438,439.805,431.39,09:57,439.9369,stop,0.2094,-47.69,-1.0,437.0,break below 437.20
2025-11-12,orb,TSLA,short,15,09:48,436.429,439.61,430.19,10:38,430.19,target,0.1845,93.4,1.983,436.47,break below 437.00
2025-11-13,orb,TSLA,short,14,09:50,417.7946,421.26,410.85,10:23,410.85,target,0.1649,97.06,1.998,417.79,break below 418.16
2025-11-19,orb,TSLA,short,17,09:46,401.0297,403.855,395.47,09:49,403.9762,stop,0.1923,-50.28,-1.058,401.06,break below 401.40
2025-11-21,orb,TSLA,short,13,09:46,396.2511,399.915,389.04,09:53,400.035,stop,0.1454,-49.34,-1.047,396.29,break below 397.11
2025-11-25,orb,TSLA,short,17,09:46,409.4671,412.5675,403.995,09:55,412.6913,stop,0.1963,-55.01,-1.132,409.71,break below 410.12
2025-12-01,orb,TSLA,long,15,10:12,431.7895,428.355,437.85,10:27,428.2265,stop,0.1811,-53.63,-1.13,431.52,break above 431.41
2025-12-02,orb,TSLA,short,16,09:54,427.8666,431.21,422.015,10:04,431.3594,stop,0.193,-56.08,-1.144,428.145,break below 429.08
2025-12-04,orb,TSLA,long,12,09:46,453.2959,449.2025,461.135,10:08,449.0552,stop,0.1518,-51.04,-1.069,453.18,break above 452.50
2025-12-05,orb,TSLA,long,18,10:49,458.6876,455.85,463.995,10:56,455.7132,stop,0.231,-53.77,-1.1,458.565,break above 458.45
2025-12-08,orb,TSLA,short,14,10:13,443.5669,446.8325,436.745,12:26,436.745,target,0.175,95.33,2.025,443.47,break below 443.96
2025-12-09,orb,TSLA,long,12,09:47,443.2979,439.015,451.435,12:53,451.435,target,0.1526,97.49,1.962,443.155,break above 442.23
2025-12-10,orb,TSLA,short,16,09:51,444.0367,447.2,437.93,14:00,447.3342,stop,0.2002,-52.96,-1.071,444.11,break below 444.32
2025-12-11,orb,TSLA,short,19,09:48,443.8668,446.78,439.25,12:55,446.919,stop,0.2376,-58.23,-1.221,444.27,break below 444.38
2025-12-23,orb,TSLA,short,15,10:04,485.3643,488.7025,479.26,11:05,488.8491,stop,0.2049,-52.48,-1.111,485.555,break below 485.70
2025-12-26,orb,TSLA,short,16,09:47,483.195,486.2275,477.295,10:27,477.295,target,0.2176,94.18,1.977,483.25,break below 483.41
2025-12-29,orb,TSLA,short,14,09:57,462.4012,466.1625,455.985,10:27,466.3023,stop,0.1823,-54.8,-1.154,462.77,break below 463.20
2025-12-31,orb,TSLA,short,22,10:13,452.4792,454.6375,448.015,10:26,454.7739,stop,0.2804,-50.76,-1.045,452.43,break below 452.79
2026-01-08,orb,TSLA,long,13,09:50,431.3194,427.5075,438.285,15:55,435.9242,time,0.1597,59.7,1.278,431.1,break above 430.53
2026-01-09,orb,TSLA,long,15,09:52,436.5909,433.1725,442.975,10:27,442.975,target,0.1872,95.57,1.95,436.44,break above 435.88
2026-01-12,orb,TSLA,long,13,09:49,444.9835,441.22,452.26,12:04,452.26,target,0.1656,94.43,1.974,444.9,break above 444.44
2026-01-13,orb,TSLA,short,15,10:26,446.2761,449.275,439.705,10:40,449.4098,stop,0.1886,-47.19,-0.986,446.085,break below 446.90
2026-01-14,orb,TSLA,short,22,10:00,438.2485,440.6875,434.875,10:08,440.8197,stop,0.2717,-56.84,-1.333,438.75,break below 438.87
2026-01-15,orb,TSLA,short,22,10:03,440.7177,442.8575,437.645,10:14,442.9904,stop,0.2732,-50.27,-1.315,441.12,break below 441.14
2026-01-21,orb,TSLA,long,23,09:48,423.2469,421.2825,426.825,10:25,426.825,target,0.2767,82.02,1.93,423.13,break above 422.86
2026-01-22,orb,TSLA,long,22,09:53,435.8807,434.055,438.72,09:56,433.9248,stop,0.269,-43.3,-1.266,435.61,break above 435.43
2026-01-23,orb,TSLA,long,13,10:01,450.8852,447.05,458.0,10:16,446.9159,stop,0.1637,-51.77,-1.091,450.7,break above 449.89
2026-01-28,orb,TSLA,long,14,09:57,438.0864,434.5075,444.715,10:27,434.1747,stop,0.1713,-54.93,-1.153,437.91,break above 437.72
2026-02-03,orb,TSLA,short,18,09:57,420.1139,422.87,414.785,10:26,422.9969,stop,0.2132,-52.11,-1.074,420.175,break below 420.33
2026-02-04,orb,TSLA,short,15,10:02,417.3648,420.66,411.03,11:01,411.03,target,0.1765,94.84,1.97,417.45,break below 417.63
2026-02-09,orb,TSLA,long,15,09:46,413.624,409.86,419.73,09:59,409.737,stop,0.1734,-58.48,-1.185,413.15,break above 412.36
2026-02-17,orb,TSLA,short,11,09:51,405.7782,410.54,397.445,13:39,410.6632,stop,0.1259,-53.86,-1.122,406.175,break below 407.52
2026-02-18,orb,TSLA,long,15,10:04,415.3846,412.025,421.52,10:31,411.9014,stop,0.1743,-52.42,-1.104,415.19,break above 414.07
2026-02-19,orb,TSLA,long,23,09:53,408.1324,405.755,412.055,10:56,412.055,target,0.2673,89.95,1.862,407.855,break above 407.31
2026-02-20,orb,TSLA,long,18,09:47,410.8232,407.92,415.87,09:54,407.7976,stop,0.207,-54.67,-1.146,410.57,break above 410.32
2026-02-23,orb,TSLA,short,21,09:46,402.6692,405.1825,398.185,11:12,398.185,target,0.2386,93.93,1.918,402.85,break below 402.86
2026-02-24,orb,TSLA,long,19,09:48,402.7308,400.095,407.64,10:37,407.64,target,0.2185,93.06,1.947,402.61,break above 402.49
2026-02-27,orb,TSLA,long,18,10:24,406.1518,403.235,411.47,10:55,403.114,stop,0.2047,-54.88,-1.111,405.98,break above 405.51
2026-03-03,orb,TSLA,short,21,09:49,391.0926,393.88,386.83,10:28,386.83,target,0.2318,89.28,1.809,391.53,break below 391.54
2026-03-05,orb,TSLA,long,16,09:49,406.5019,402.92,412.19,10:30,402.7991,stop,0.1818,-59.43,-1.202,406.01,break above 405.54
2026-03-06,orb,TSLA,long,25,10:16,398.4095,396.44,402.2,10:45,396.3211,stop,0.2796,-52.49,-1.094,398.36,break above 398.27
2026-03-10,orb,TSLA,long,16,09:54,406.4819,403.41,412.53,10:09,403.269,stop,0.182,-51.59,-1.061,406.45,break above 405.55
2026-03-12,orb,TSLA,short,24,09:47,402.6842,404.795,399.11,10:32,399.11,target,0.2727,85.51,1.88,402.9,break below 403.29
2026-03-13,orb,TSLA,short,20,10:18,395.5713,397.835,390.44,15:26,390.44,target,0.2233,102.4,2.077,395.37,break below 395.55
2026-03-16,orb,TSLA,long,17,09:57,400.6502,397.52,406.16,12:18,397.4007,stop,0.1906,-55.43,-1.132,400.4,break above 400.03
2026-03-17,orb,TSLA,long,22,09:54,397.5292,395.185,401.98,15:55,398.8103,time,0.2476,27.94,0.561,397.45,break above 397.31
2026-03-18,orb,TSLA,long,19,09:47,402.3807,399.9975,407.565,10:15,399.72,stop,0.2143,-50.77,-1.059,402.52,break above 401.85
2026-03-26,orb,TSLA,long,22,09:46,383.2049,381.39,387.945,10:28,381.2756,stop,0.2368,-42.68,-0.888,383.575,break above 383.12
2026-03-30,orb,TSLA,short,16,10:42,361.5815,364.72,355.6,11:01,364.8294,stop,0.1635,-52.13,-1.072,361.68,break below 362.15
2026-03-31,orb,TSLA,long,26,09:55,365.3196,363.395,369.08,10:01,363.286,stop,0.2669,-53.14,-1.079,365.29,break above 365.20
2026-04-01,orb,TSLA,short,20,09:49,374.2577,376.855,369.355,10:11,376.9681,stop,0.2114,-54.42,-1.088,374.355,break below 374.66
2026-04-02,orb,TSLA,long,21,09:46,368.2304,365.85,372.78,09:57,365.7402,stop,0.217,-52.51,-1.082,368.16,break above 368.03
2026-04-07,orb,TSLA,short,20,09:46,343.7518,346.335,338.97,10:58,338.97,target,0.1944,95.44,1.944,343.88,break below 344.65
2026-04-09,orb,TSLA,short,15,09:48,340.5478,343.855,334.39,11:48,344.0732,stop,0.1445,-53.03,-1.12,340.7,break below 342.13
2026-04-13,orb,TSLA,long,20,09:50,352.1006,349.6175,356.825,15:55,352.3443,time,0.1992,4.67,0.097,352.02,break above 350.55
2026-04-15,orb,TSLA,long,17,09:47,368.3905,365.2025,373.595,10:10,373.6,target,0.1794,88.38,1.858,368.0,break above 367.89
2026-04-21,orb,TSLA,long,24,10:12,393.0479,391.27,397.405,10:19,391.1526,stop,0.265,-45.75,-0.932,393.315,break above 393.27
2026-04-22,orb,TSLA,long,16,09:53,391.1623,388.135,397.3,14:55,388.0186,stop,0.1752,-50.48,-1.033,391.19,break above 390.88
2026-04-27,orb,TSLA,short,18,09:50,366.8999,369.6875,361.475,12:05,369.7984,stop,0.1866,-52.36,-1.063,366.95,break below 367.26
2026-04-29,orb,TSLA,short,21,10:12,371.6035,373.995,367.125,10:52,374.1072,stop,0.2204,-52.8,-1.098,371.705,break below 371.71
2026-04-30,orb,TSLA,short,22,10:09,368.4544,370.93,364.15,10:30,371.0413,stop,0.229,-57.14,-1.149,368.67,break below 368.85
2026-05-08,orb,TSLA,long,12,09:46,423.8721,419.8175,431.36,15:55,426.0821,time,0.1441,26.38,0.571,423.665,break above 422.67
2026-05-13,orb,TSLA,short,12,09:46,432.8351,437.14,424.9,10:09,437.2711,stop,0.1464,-53.38,-1.09,433.06,break below 434.62
2026-05-14,orb,TSLA,short,22,10:00,442.3872,444.675,438.84,10:00,444.8084,stop,0.2742,-53.54,-1.251,442.73,break below 442.89
2026-05-19,orb,TSLA,short,15,09:47,399.5101,402.84,393.09,13:05,402.9609,stop,0.1691,-51.93,-1.065,399.59,break below 400.95
2026-05-21,orb,TSLA,short,14,09:48,420.2939,423.845,413.69,10:25,413.69,target,0.1659,92.29,1.947,420.46,break below 420.80
2026-05-22,orb,TSLA,short,13,09:47,420.4738,424.315,413.38,10:13,424.4423,stop,0.1541,-51.74,-1.092,420.67,break below 421.40
2026-05-26,orb,TSLA,short,16,10:23,427.4617,430.655,421.67,10:43,430.7842,stop,0.1928,-53.35,-1.113,427.66,break below 427.76
2026-05-27,orb,TSLA,short,15,09:47,438.8133,442.115,432.305,10:02,442.2476,stop,0.1855,-51.7,-1.054,438.845,break below 438.90
2026-05-28,orb,TSLA,long,22,10:00,440.9723,438.6675,445.455,10:02,438.5359,stop,0.2719,-53.87,-1.082,440.93,break above 440.92
2026-05-29,orb,TSLA,short,22,10:00,436.689,438.635,433.175,10:12,433.13,target,0.2707,78.03,1.949,436.815,break below 436.84
2026-06-02,orb,TSLA,long,13,10:20,420.4761,416.605,427.72,15:55,423.7378,time,0.1553,42.25,0.877,420.31,break above 419.49
2026-06-03,orb,TSLA,long,12,09:46,423.6471,419.19,431.67,10:21,431.67,target,0.146,96.13,1.926,423.35,break above 422.21
2026-06-08,orb,TSLA,long,14,09:53,401.2103,397.49,407.75,13:14,407.75,target,0.161,91.39,1.909,400.91,break above 399.92
2026-06-17,orb,TSLA,short,17,09:58,398.4304,401.505,392.76,10:15,401.6255,stop,0.1911,-54.51,-1.1,398.59,break below 399.53
2026-06-23,orb,TSLA,short,18,09:57,387.5337,390.36,382.11,11:40,382.11,target,0.1969,97.43,1.968,387.61,break below 388.10
2026-06-26,orb,TSLA,long,16,09:58,374.3073,371.3175,380.445,11:16,380.445,target,0.1719,98.03,2.014,374.36,break above 373.87
2026-06-30,orb,TSLA,long,15,10:04,412.9739,409.3475,419.105,13:07,419.105,target,0.1773,91.79,1.881,412.6,break above 412.30
2026-07-07,orb,TSLA,short,14,09:54,412.6862,416.5325,406.025,11:20,406.025,target,0.1629,93.09,1.899,413.03,break below 413.55
2026-07-08,orb,TSLA,short,19,09:53,394.4816,397.1925,389.565,10:25,397.3117,stop,0.2115,-53.98,-1.117,394.65,break below 395.01
2026-07-09,orb,TSLA,long,14,10:02,397.2441,393.405,404.07,10:11,393.287,stop,0.1554,-55.56,-1.116,396.96,break above 395.82
2026-07-14,orb,TSLA,short,22,09:47,396.2211,398.5875,391.875,09:53,398.7071,stop,0.246,-54.94,-1.116,396.35,break below 396.50
2026-07-16,orb,TSLA,short,16,09:50,386.2941,389.29,380.44,10:02,389.4068,stop,0.1745,-49.98,-1.059,386.34,break below 386.61
2026-07-17,orb,TSLA,long,16,10:16,383.0649,380.0725,389.005,10:31,379.9585,stop,0.1717,-49.87,-1.047,383.05,break above 382.88
2026-07-22,orb,TSLA,long,23,09:47,379.3838,377.0075,383.48,10:09,376.8944,stop,0.2448,-57.5,-1.159,379.165,break above 379.06
2026-07-28,orb,TSLA,short,22,09:55,302.6692,304.97,298.34,10:00,305.0615,stop,0.1888,-52.82,-1.086,302.76,break below 302.78
2026-07-29,orb,TSLA,short,24,09:49,304.6886,306.725,300.5,12:09,300.5,target,0.2073,100.32,2.014,304.65,break below 304.81
2026-08-06,orb,TSLA,long,23,09:54,319.6459,317.4825,323.79,13:40,317.3873,stop,0.2068,-52.15,-1.079,319.585,break above 319.38
2026-08-10,orb,TSLA,long,29,09:49,329.6589,327.8375,332.99,09:54,327.7391,stop,0.269,-55.94,-1.123,329.555,break above 329.38
2026-08-11,orb,TSLA,long,22,09:59,333.9101,331.595,338.15,12:25,331.4955,stop,0.2064,-53.33,-1.109,333.78,break above 333.61
2026-08-17,orb,TSLA,long,17,09:49,342.3427,339.3675,347.985,09:56,339.2657,stop,0.1632,-52.47,-1.075,342.24,break above 341.23
2026-08-19,orb,TSLA,short,18,09:49,336.3591,339.3925,331.465,10:04,339.4943,stop,0.1713,-56.61,-1.19,336.75,break below 337.64
2026-08-21,orb,TSLA,long,17,09:59,352.3557,349.33,357.82,10:06,357.97,target,0.172,95.27,1.98,352.16,break above 351.56
2026-08-25,orb,TSLA,long,28,09:47,352.4107,350.75,355.535,10:14,350.6448,stop,0.2776,-49.72,-1.113,352.345,break above 352.19
2026-08-27,orb,TSLA,long,13,09:46,352.1506,348.1275,359.235,09:49,348.0231,stop,0.1279,-53.79,-1.117,351.83,break above 350.66
2026-08-28,orb,TSLA,short,24,09:51,354.7086,356.835,350.76,11:40,350.725,target,0.2406,95.36,1.962,354.81,break below 354.99
2026-09-16,orb,TSLA,long,21,09:48,359.8979,357.315,364.245,10:23,364.245,target,0.2161,91.07,1.877,359.625,break above 359.44
2026-09-18,orb,TSLA,long,18,09:46,370.6061,367.965,376.11,09:50,367.8546,stop,0.1871,-49.71,-1.017,370.68,break above 370.33
2026-09-21,orb,TSLA,long,15,09:53,377.2631,373.9275,383.565,12:45,373.8153,stop,0.1584,-51.88,-1.077,377.14,break above 376.42
2026-09-23,orb,TSLA,long,15,09:47,385.0155,381.6525,391.095,10:10,381.538,stop,0.1616,-52.32,-1.108,384.8,break above 384.44
2026-09-24,orb,TSLA,long,26,09:46,378.8686,377.4125,382.595,09:50,377.2993,stop,0.277,-41.08,-0.915,379.14,break above 378.66
2026-10-01,orb,TSLA,short,25,10:01,354.9385,356.8725,351.045,10:37,356.9796,stop,0.2508,-51.28,-1.056,354.93,break below 355.38
2026-10-07,orb,TSLA,short,17,09:47,376.707,379.69,370.96,15:55,377.9684,time,0.1809,-21.62,-0.437,376.78,break below 377.08
2026-10-08,orb,TSLA,short,26,09:53,372.5032,374.255,369.14,13:23,369.13,target,0.2736,87.43,1.972,372.55,break below 372.60
2023-10-17,orb,AMD,short,64,09:48,102.3843,102.95,100.64,10:06,102.9809,stop,0.1928,-38.38,-0.779,102.18,break below 102.42
2023-10-24,orb,AMD,long,74,10:49,101.0803,100.36,102.37,11:10,100.3299,stop,0.2187,-55.75,-1.124,101.03,break above 101.01
2023-10-25,orb,AMD,short,65,09:46,99.6301,100.41,98.13,12:02,98.13,target,0.1908,97.32,1.97,99.65,break below 99.82
2023-10-27,orb,AMD,long,60,10:24,96.2139,95.2825,97.78,15:55,96.1961,time,0.1704,-1.23,-0.025,96.115,break above 95.93
2023-10-30,orb,AMD,long,75,09:47,96.669,95.945,97.94,09:56,95.9162,stop,0.2124,-56.67,-1.136,96.61,break above 96.41
2023-11-03,orb,AMD,long,43,09:58,109.8529,108.715,112.15,13:45,112.15,target,0.1412,98.63,2.003,109.86,break above 109.52
2023-11-06,orb,AMD,short,65,09:49,111.4865,112.27,109.99,10:41,112.3037,stop,0.2122,-53.33,-1.079,111.51,break below 111.54
2023-11-07,orb,AMD,long,88,09:58,112.3137,111.735,113.43,10:12,113.43,target,0.2921,97.94,1.97,112.3,break above 112.20
2023-11-09,orb,AMD,long,58,10:17,115.1945,114.29,116.84,10:26,114.2557,stop,0.1939,-54.65,-1.108,115.14,break above 115.05
2023-11-14,orb,AMD,short,67,10:16,119.7141,120.3675,118.155,10:22,120.4036,stop,0.2341,-46.43,-0.94,119.63,break below 119.69
2023-11-15,orb,AMD,short,47,09:48,118.5744,119.695,116.53,11:01,119.7309,stop,0.1627,-54.52,-1.099,118.64,break below 118.83
2023-11-17,orb,AMD,long,83,09:52,119.901,119.3525,121.025,11:45,121.025,target,0.293,93.0,2.01,119.91,break above 119.86
2023-11-20,orb,AMD,long,82,09:56,120.9063,120.53,121.76,10:13,121.78,target,0.2912,71.36,2.122,120.94,break above 120.93
2023-11-21,orb,AMD,short,83,09:52,119.5841,120.1175,118.385,10:28,118.385,target,0.2897,99.24,2.07,119.54,break below 119.67
2023-11-28,orb,AMD,short,82,09:49,121.6235,122.1225,120.825,09:54,120.825,target,0.2909,65.19,1.838,121.69,break below 121.80
2023-11-30,orb,AMD,short,47,09:46,121.8234,122.965,119.785,11:59,119.785,target,0.167,95.64,1.92,121.905,break below 122.08
2023-12-05,orb,AMD,long,79,10:01,118.2505,117.57,119.46,10:12,117.5347,stop,0.2712,-56.81,-1.142,118.2,break above 118.12
2023-12-18,orb,AMD,long,71,09:58,139.2818,138.6775,140.365,10:35,138.6359,stop,0.2854,-46.14,-1.155,139.24,break above 139.19
2023-12-20,orb,AMD,short,61,09:46,138.5684,139.09,136.645,11:46,139.1317,stop,0.2451,-34.61,-0.696,138.275,break below 138.71
2023-12-21,orb,AMD,short,72,09:48,137.5287,138.015,136.11,10:01,138.0564,stop,0.2872,-38.28,-0.837,137.38,break below 137.40
2023-12-22,orb,AMD,short,71,09:53,139.6581,140.1925,138.835,10:14,140.2346,stop,0.2874,-41.22,-1.283,139.74,break below 139.80
2023-12-27,orb,AMD,short,61,09:53,143.8968,144.715,142.27,11:36,144.7584,stop,0.2541,-52.81,-1.062,143.9,break below 143.93
2023-12-28,orb,AMD,long,66,09:58,147.4242,146.6725,148.915,10:27,148.915,target,0.2842,98.11,1.989,147.42,break above 147.29
2023-12-29,orb,AMD,long,52,09:46,150.9453,149.925,152.79,09:51,149.88,stop,0.2253,-55.62,-1.12,150.88,break above 150.70
2024-01-02,orb,AMD,short,37,09:46,141.7075,143.17,139.18,10:30,139.18,target,0.1519,93.36,1.897,141.84,break below 142.11
2024-01-05,orb,AMD,long,48,09:51,138.5165,137.4175,140.485,10:37,140.485,target,0.1954,94.29,1.921,138.44,break above 138.22
2024-01-11,orb,AMD,short,43,09:49,148.3055,149.4725,146.045,10:08,146.045,target,0.1844,97.02,1.975,148.33,break below 148.61
2024-01-12,orb,AMD,long,66,09:46,148.4845,147.9925,150.265,09:58,147.9481,stop,0.2824,-35.69,-0.714,148.75,break above 148.63
2024-02-05,orb,AMD,short,47,09:46,178.0416,179.0725,175.93,09:52,175.93,target,0.2404,99.0,2.011,178.025,break below 178.20
2024-02-07,orb,AMD,long,41,10:02,170.5161,169.23,172.845,12:29,169.1792,stop,0.1996,-55.01,-1.114,170.435,break above 170.19
2024-02-08,orb,AMD,long,35,09:58,171.6715,170.2675,174.505,10:10,170.2164,stop,0.1714,-51.1,-1.034,171.68,break above 171.46
2024-02-14,orb,AMD,long,37,09:46,175.3926,174.09,178.095,15:00,178.095,target,0.1893,99.8,2.02,175.425,break above 175.25
2024-02-23,orb,AMD,short,22,09:46,180.4409,182.715,176.025,11:02,176.02,target,0.114,97.14,1.98,180.485,break below 181.64
2024-02-28,orb,AMD,short,53,09:51,174.3677,175.35,172.56,11:00,175.4026,stop,0.2657,-55.12,-1.118,174.42,break below 174.54
2024-03-07,orb,AMD,short,30,09:46,210.2969,212.475,207.51,13:39,212.5387,stop,0.1804,-67.44,-1.358,210.82,break below 211.19
2024-03-22,orb,AMD,short,38,09:48,176.597,177.8725,173.965,11:24,177.9259,stop,0.1929,-50.69,-1.024,176.57,break below 176.69
2024-04-08,orb,AMD,long,36,10:00,169.1507,167.8025,171.875,15:55,169.5391,time,0.1757,13.81,0.283,169.16,break above 168.78
2024-04-11,orb,AMD,long,35,10:04,169.3208,167.7625,172.045,10:16,167.6897,stop,0.169,-57.26,-1.146,169.19,break above 168.91
2024-04-12,orb,AMD,short,35,09:46,162.9911,164.475,160.23,10:19,164.5243,stop,0.1644,-53.83,-1.087,163.06,break below 163.27
2024-04-16,orb,AMD,long,48,09:59,163.9292,162.695,165.785,10:06,162.6462,stop,0.225,-61.81,-1.25,163.725,break above 163.69
2024-04-17,orb,AMD,short,38,09:50,161.6815,163.2275,159.305,11:45,159.305,target,0.1771,90.13,1.814,161.92,break below 162.20
2024-04-22,orb,AMD,long,56,09:48,149.4198,148.2025,150.865,09:58,148.158,stop,0.2399,-70.9,-1.427,149.09,break above 149.03
2024-04-23,orb,AMD,long,36,10:29,153.0009,151.62,155.73,15:55,152.2043,time,0.1583,-28.83,-0.585,152.99,break above 152.69
2024-04-24,orb,AMD,short,37,09:57,155.1135,156.4925,152.465,10:56,152.465,target,0.1657,97.83,1.969,155.15,break below 155.38
2024-05-03,orb,AMD,long,46,09:50,149.1847,148.0675,151.3,10:20,148.0231,stop,0.1969,-53.63,-1.082,149.145,break above 148.86
2024-05-08,orb,AMD,long,54,09:48,154.5063,153.495,156.24,11:08,153.404,stop,0.2393,-59.77,-1.21,154.41,break above 154.31
2024-05-09,orb,AMD,short,51,09:47,152.1144,153.175,150.25,15:55,152.3857,time,0.2241,-14.06,-0.283,152.2,break below 152.35
2024-05-10,orb,AMD,long,46,09:47,155.9618,154.895,158.09,10:06,154.8485,stop,0.2057,-51.41,-1.049,155.96,break above 155.77
2024-05-14,orb,AMD,long,35,09:46,151.3954,149.815,154.09,15:55,152.9441,time,0.1546,54.05,1.084,151.24,break above 150.73
2024-05-21,orb,AMD,short,61,09:47,163.5159,164.24,161.96,09:54,164.2893,stop,0.2874,-47.46,-1.024,163.48,break below 163.50
2024-05-23,orb,AMD,long,33,09:46,172.2567,170.815,175.27,09:51,170.7638,stop,0.1621,-49.43,-1.009,172.3,break above 172.06
2024-05-24,orb,AMD,long,37,09:46,163.0489,161.6025,165.615,10:18,165.615,target,0.1765,94.77,1.915,162.94,break above 162.71
2024-06-03,orb,AMD,short,35,09:51,168.5994,169.8525,165.585,10:09,165.585,target,0.1699,105.33,2.116,168.43,break below 168.66
2024-06-05,orb,AMD,long,44,09:50,163.449,162.4275,165.78,10:24,165.82,target,0.2101,104.11,2.117,163.545,break above 163.40
2024-06-06,orb,AMD,short,38,09:47,164.7306,165.965,162.05,10:19,166.0148,stop,0.1803,-48.98,-0.988,164.66,break below 164.87
2024-06-10,orb,AMD,short,42,09:47,160.4818,161.705,158.15,09:58,161.7535,stop,0.1944,-53.6,-1.077,160.52,break below 160.72
2024-06-14,orb,AMD,long,32,09:46,160.3281,158.64,163.23,10:39,158.5674,stop,0.1464,-56.49,-1.154,160.17,break above 159.52
2024-06-18,orb,AMD,short,48,09:50,155.1984,156.3375,153.255,15:55,154.7264,time,0.2151,22.44,0.455,155.31,break below 155.44
2024-06-24,orb,AMD,short,43,09:49,158.3425,159.705,156.255,10:01,159.7529,stop,0.1964,-60.84,-1.23,158.555,break below 158.62
2024-06-26,orb,AMD,short,53,10:26,158.7174,159.795,156.99,11:10,156.99,target,0.2427,91.31,1.843,158.86,break below 158.99
2024-07-03,orb,AMD,short,34,10:09,162.5312,164.03,159.725,10:14,164.0792,stop,0.1593,-52.79,-1.082,162.595,break below 162.92
2024-07-16,orb,AMD,short,42,09:50,177.5067,178.715,175.19,10:07,175.19,target,0.2142,97.09,1.967,177.54,break below 177.74
2024-07-19,orb,AMD,short,46,10:01,153.4739,154.64,151.4,13:09,151.31,target,0.2039,99.34,2.0,153.56,break below 153.74
2024-07-22,orb,AMD,long,50,09:47,156.0468,154.2,157.2,10:27,154.0938,stop,0.2225,-97.87,-1.957,155.2,break above 155.10
2024-07-23,orb,AMD,long,44,11:12,156.2269,154.945,158.32,12:57,154.7935,stop,0.1966,-63.26,-1.278,156.07,break above 155.98
2024-07-26,orb,AMD,short,44,09:49,139.2432,140.3425,136.975,09:53,140.3846,stop,0.1776,-50.4,-1.02,139.22,break below 139.59
2024-08-09,orb,AMD,short,51,09:48,133.45,134.575,131.65,10:14,134.6554,stop,0.1977,-61.67,-1.24,133.6,break below 133.76
2024-08-13,orb,AMD,long,52,09:51,139.6119,138.49,141.37,15:55,140.7878,time,0.2122,60.93,1.221,139.45,break above 139.36
2024-08-15,orb,AMD,long,36,09:50,144.2032,142.8125,146.945,12:25,146.97,target,0.1531,99.45,2.005,144.19,break above 143.75
2024-08-20,orb,AMD,long,40,09:48,157.7973,156.48,160.2,10:00,160.2,target,0.1848,95.92,1.934,157.72,break above 157.50
2024-08-21,orb,AMD,long,43,10:42,157.9274,156.775,160.195,10:50,156.728,stop,0.1945,-51.77,-1.056,157.915,break above 157.75
2024-08-22,orb,AMD,short,54,09:50,158.2025,158.945,156.17,10:31,156.17,target,0.2465,109.51,2.192,158.02,break below 158.11
2024-08-23,orb,AMD,long,55,09:49,154.5614,153.785,156.47,10:48,153.7389,stop,0.2442,-45.48,-0.924,154.68,break above 154.53
2024-08-27,orb,AMD,short,50,09:46,149.905,150.7575,147.765,09:50,150.8027,stop,0.2167,-45.1,-0.904,149.76,break below 149.82
2024-09-04,orb,AMD,short,35,10:01,138.9483,140.0725,135.895,10:02,140.1145,stop,0.141,-40.96,-0.84,138.68,break below 139.06
2024-09-12,orb,AMD,short,59,09:48,148.2555,149.035,146.53,09:54,149.0797,stop,0.253,-48.88,-0.992,148.2,break below 148.21
2024-09-13,orb,AMD,short,65,09:46,151.9044,152.395,150.52,10:05,152.4407,stop,0.2853,-35.15,-0.865,151.77,break below 151.79
2024-09-16,orb,AMD,long,54,10:05,153.356,152.27,155.045,10:30,152.2243,stop,0.2375,-61.35,-1.228,153.195,break above 153.15
2024-09-17,orb,AMD,short,44,09:49,151.6145,152.7625,149.395,10:25,152.8083,stop,0.1928,-52.72,-1.067,151.64,break below 151.81
2024-09-19,orb,AMD,long,44,09:56,154.8564,153.655,157.0,11:16,157.0,target,0.1993,94.12,1.918,154.77,break above 154.50
2024-09-20,orb,AMD,short,45,09:59,155.2734,156.445,153.16,11:07,153.16,target,0.2017,94.9,1.926,155.35,break below 155.55
2024-09-23,orb,AMD,long,63,10:03,156.4269,155.825,157.7,10:11,155.7633,stop,0.2833,-42.09,-1.069,156.45,break above 156.40
2024-09-24,orb,AMD,short,63,09:56,157.0429,157.785,155.76,10:03,155.76,target,0.2855,80.54,1.894,157.11,break below 157.30
2024-09-26,orb,AMD,short,54,09:48,166.9099,167.82,165.09,09:56,167.8703,stop,0.2595,-52.12,-1.061,166.91,break below 166.98
2024-09-27,orb,AMD,long,55,09:55,168.3755,167.4425,170.165,10:00,167.3923,stop,0.2651,-54.34,-1.089,168.35,break above 168.24
2024-09-30,orb,AMD,short,35,10:25,162.3563,163.8675,159.585,11:04,163.9167,stop,0.1638,-54.78,-1.096,162.44,break below 162.69
2024-10-02,orb,AMD,long,54,10:01,160.4681,159.535,162.31,10:27,162.31,target,0.2526,99.21,1.986,160.46,break above 160.34
2024-10-04,orb,AMD,long,32,09:46,169.0707,167.43,172.11,09:57,167.3798,stop,0.1542,-54.26,-1.087,168.99,break above 168.56
2024-10-07,orb,AMD,short,39,09:56,169.0793,170.34,166.56,10:59,170.4661,stop,0.1898,-54.28,-1.105,169.08,break below 169.11
2024-10-10,orb,AMD,short,54,09:49,168.4594,169.6525,166.885,09:57,169.7034,stop,0.2619,-67.44,-1.354,168.73,break below 168.77
2024-10-11,orb,AMD,long,40,09:48,165.3496,164.0575,167.755,10:00,163.9508,stop,0.189,-56.14,-1.139,165.29,break above 165.08
2024-10-14,orb,AMD,short,42,10:11,166.8499,167.925,164.43,15:55,165.4496,time,0.2018,58.61,1.198,166.76,break below 166.98
2024-10-16,orb,AMD,short,43,10:02,156.1082,157.19,153.77,10:24,157.2372,stop,0.1937,-48.74,-0.994,156.05,break below 156.22
2024-10-17,orb,AMD,short,34,09:58,157.7327,159.265,154.87,15:55,156.787,time,0.1547,32.0,0.642,157.8,break below 158.22
2024-10-21,orb,AMD,long,63,09:58,156.3269,155.74,157.54,10:31,155.6933,stop,0.2831,-40.2,-1.064,156.34,break above 156.32
2024-10-23,orb,AMD,short,65,10:04,152.0744,152.78,150.8,10:29,152.8258,stop,0.2856,-49.13,-1.145,152.12,break below 152.13
2024-10-24,orb,AMD,short,65,10:06,153.7089,154.51,152.41,10:25,154.5564,stop,0.2885,-55.37,-1.217,153.81,break below 153.86
2024-10-28,orb,AMD,long,38,10:14,159.2678,158.0,161.9,15:55,159.797,time,0.1751,19.94,0.404,159.3,break above 158.80
2024-10-29,orb,AMD,long,39,09:52,161.4084,160.085,163.85,11:41,163.85,target,0.1841,95.04,1.942,161.34,break above 161.22
2024-11-04,orb,AMD,long,50,10:02,141.7975,140.725,143.68,15:34,140.6828,stop,0.2038,-55.94,-1.136,141.71,break above 141.68
2024-11-05,orb,AMD,long,70,09:56,142.7628,142.1775,143.835,09:59,142.1348,stop,0.2882,-44.25,-1.144,142.73,break above 142.66
2024-11-08,orb,AMD,short,59,10:05,148.7454,149.595,147.06,10:21,149.6399,stop,0.2538,-53.03,-1.064,148.75,break below 148.82
2024-11-11,orb,AMD,short,40,09:46,145.2064,146.57,142.85,10:25,146.644,stop,0.1681,-57.67,-1.163,145.33,break below 145.74
2024-11-12,orb,AMD,short,43,09:48,145.0565,146.225,142.775,12:12,142.775,target,0.1805,97.92,1.98,145.075,break below 145.16
2024-11-13,orb,AMD,short,57,10:08,142.7472,143.6575,141.07,11:40,141.07,target,0.2357,95.36,1.94,142.795,break below 142.85
2024-11-14,orb,AMD,short,57,09:47,139.888,140.695,138.1,10:01,140.7372,stop,0.2311,-48.63,-0.986,139.83,break below 140.04
2024-11-15,orb,AMD,long,64,09:53,137.1011,136.25,138.59,10:14,136.1791,stop,0.2529,-59.26,-1.187,137.03,break above 136.97
2024-11-19,orb,AMD,long,66,09:53,138.7016,137.92,140.17,09:56,137.8786,stop,0.2639,-54.58,-1.103,138.67,break above 138.63
2024-11-20,orb,AMD,short,47,11:17,136.9039,138.055,134.92,15:55,137.6263,time,0.1867,-34.14,-0.695,137.01,break below 137.11
2024-11-22,orb,AMD,long,61,09:52,138.6916,138.055,140.5,10:09,138.0136,stop,0.2442,-41.6,-0.837,138.87,break above 138.84
2024-11-27,orb,AMD,short,50,10:02,135.8542,136.88,133.91,10:38,133.91,target,0.1971,97.01,1.96,135.89,break below 135.95
2024-11-29,orb,AMD,long,62,09:47,137.2212,136.505,138.89,12:59,137.1288,eod,0.2466,-5.97,-0.121,137.3,break above 137.21
2024-12-03,orb,AMD,short,45,10:42,141.2326,142.3625,139.055,11:24,142.4052,stop,0.1842,-52.95,-1.067,141.26,break below 141.31
2024-12-04,orb,AMD,short,52,09:59,141.6075,142.565,139.7,12:11,142.6078,stop,0.2133,-52.23,-1.052,141.61,break below 141.75
2024-12-05,orb,AMD,short,70,09:53,142.4473,143.2625,141.335,13:25,141.335,target,0.2888,77.57,1.725,142.62,break below 142.65
2024-12-06,orb,AMD,long,52,10:03,142.3527,141.29,144.14,11:12,141.2476,stop,0.2128,-57.68,-1.168,142.24,break above 142.11
2024-12-10,orb,AMD,short,47,09:50,129.5211,130.62,127.47,15:28,127.47,target,0.177,96.23,1.95,129.57,break below 129.74
2024-12-17,orb,AMD,short,68,09:54,123.393,124.12,121.93,09:58,124.1572,stop,0.2446,-52.21,-1.052,123.39,break below 123.40
2024-12-18,orb,AMD,short,57,10:27,124.8625,125.775,123.18,11:08,125.8127,stop,0.2073,-54.37,-1.103,124.91,break below 124.95
2024-12-26,orb,AMD,long,54,09:46,127.1481,126.305,129.05,09:52,126.2671,stop,0.1985,-47.77,-0.967,127.22,break above 127.21
2024-12-27,orb,AMD,long,79,09:47,125.2076,124.615,126.25,09:55,124.5776,stop,0.2867,-50.05,-1.163,125.16,break above 125.13
2024-12-31,orb,AMD,long,73,09:47,123.407,122.6725,124.705,09:56,122.6357,stop,0.261,-56.57,-1.144,123.35,break above 123.15
2025-01-07,orb,AMD,long,46,09:46,131.4594,130.365,133.56,09:57,130.2609,stop,0.1742,-55.31,-1.129,131.43,break above 131.18
2025-01-14,orb,AMD,short,46,09:46,116.9799,118.04,114.8,11:18,114.8,target,0.1572,100.12,2.015,116.96,break below 117.45
2025-01-15,orb,AMD,long,51,09:47,119.3558,118.3025,121.22,10:36,118.267,stop,0.1761,-55.7,-1.123,119.275,break above 119.06
2025-01-23,orb,AMD,long,78,09:49,122.0116,121.29,123.21,11:01,123.21,target,0.2801,93.2,1.867,121.93,break above 121.91
2025-01-29,orb,AMD,short,85,09:48,115.1055,115.715,113.96,09:50,115.7497,stop,0.2861,-55.05,-1.107,115.13,break below 115.17
2025-02-03,orb,AMD,long,60,09:57,114.4143,113.59,116.05,10:03,113.5559,stop,0.1994,-51.7,-1.051,114.41,break above 114.17
2025-02-04,orb,AMD,long,44,10:03,116.9351,115.73,119.12,15:37,119.12,target,0.153,95.98,1.93,116.86,break above 116.49
2025-02-07,orb,AMD,long,75,09:49,109.913,109.205,111.2,09:57,109.1722,stop,0.2401,-55.79,-1.119,109.87,break above 109.68
2025-02-11,orb,AMD,long,54,09:46,110.6332,109.725,112.47,11:13,112.47,target,0.1778,99.01,2.004,110.64,break above 110.51
2025-02-12,orb,AMD,long,69,09:47,110.5532,109.7875,111.955,09:50,109.7546,stop,0.222,-55.32,-1.11,110.51,break above 110.47
2025-02-21,orb,AMD,short,80,10:28,114.3557,115.0375,113.185,10:54,113.185,target,0.2676,93.39,1.89,114.42,break below 114.52
2025-02-24,orb,AMD,short,55,09:53,109.827,110.78,108.08,15:55,108.3025,time,0.1771,83.67,1.69,109.88,break below 109.98
2025-02-25,orb,AMD,short,64,09:53,107.1378,107.9625,105.645,10:18,105.645,target,0.2012,95.34,1.928,107.19,break below 107.35
2025-02-26,orb,AMD,long,95,10:17,105.2516,104.69,106.25,10:24,104.6586,stop,0.2922,-56.62,-1.146,105.21,break above 105.10
2025-03-05,orb,AMD,short,63,09:57,99.6701,100.5525,98.175,10:00,100.5827,stop,0.185,-57.68,-1.155,99.76,break below 99.81
2025-03-06,orb,AMD,long,64,10:05,100.19,99.3975,101.715,11:40,99.3677,stop,0.1874,-52.82,-1.068,100.17,break above 100.12
2025-03-07,orb,AMD,short,67,10:33,98.3605,99.185,96.95,10:49,99.2148,stop,0.1943,-57.43,-1.151,98.44,break below 98.52
2025-03-11,orb,AMD,short,61,10:05,96.491,97.355,94.91,10:07,97.3842,stop,0.1738,-54.66,-1.099,96.54,break below 96.64
2025-03-12,orb,AMD,short,62,10:33,98.4455,99.245,96.83,11:18,99.2748,stop,0.18,-51.6,-1.034,98.44,break below 98.51
2025-03-13,orb,AMD,long,78,09:48,99.92,99.31,101.23,09:52,99.2802,stop,0.2282,-50.13,-1.004,99.95,break above 99.83
2025-03-14,orb,AMD,long,99,09:51,100.7802,100.195,101.545,09:59,100.1649,stop,0.2921,-61.21,-1.374,100.645,break above 100.64
2025-03-18,orb,AMD,short,81,11:07,103.0241,103.635,101.79,11:20,103.6661,stop,0.2454,-52.25,-1.049,103.02,break below 103.09
2025-03-21,orb,AMD,long,73,10:27,105.5717,104.89,106.93,12:59,106.93,target,0.2291,98.93,1.993,105.57,break above 105.45
2025-03-24,orb,AMD,long,84,10:04,110.4431,109.86,111.63,10:14,111.63,target,0.2746,99.42,2.006,110.45,break above 110.31
2025-03-25,orb,AMD,short,52,10:33,112.9061,113.9175,111.06,15:30,113.9517,stop,0.1718,-54.54,-1.101,112.965,break below 113.08
2025-03-28,orb,AMD,short,53,10:09,104.8185,105.84,103.02,12:01,103.02,target,0.1632,95.16,1.91,104.9,break below 105.18
2025-04-15,orb,AMD,long,56,09:54,96.2789,95.34,97.98,10:25,95.3114,stop,0.1577,-54.34,-1.103,96.22,break above 95.94
2025-04-17,orb,AMD,long,77,09:51,88.9867,88.225,90.16,09:57,88.1985,stop,0.2016,-60.89,-1.226,88.87,break above 88.81
2025-04-21,orb,AMD,short,100,09:47,85.0745,85.63,84.13,10:39,85.6557,stop,0.2531,-58.38,-1.168,85.13,break below 85.14
2025-04-22,orb,AMD,long,102,09:46,86.2559,85.84,87.31,09:53,85.8142,stop,0.2603,-45.31,-0.906,86.33,break above 86.28
2025-04-24,orb,AMD,long,80,09:51,91.5775,90.945,92.82,10:21,92.82,target,0.2197,99.18,1.984,91.57,break above 91.48
2025-04-25,orb,AMD,long,90,10:01,94.0682,93.4275,95.085,10:40,95.085,target,0.2528,91.26,1.835,93.98,break above 93.97
2025-04-29,orb,AMD,long,86,09:47,96.3989,95.805,97.53,12:56,95.7713,stop,0.2432,-54.22,-1.096,96.38,break above 96.24
2025-05-01,orb,AMD,long,72,09:48,99.5799,98.825,100.88,09:58,98.7304,stop,0.2096,-61.37,-1.244,99.51,break above 99.46
2025-05-06,orb,AMD,short,85,09:51,97.7807,98.4,96.645,10:02,98.4295,stop,0.2452,-55.4,-1.114,97.815,break below 97.90
2025-05-13,orb,AMD,long,59,10:04,110.6132,109.75,112.27,12:09,112.27,target,0.1939,97.56,1.968,110.59,break above 110.50
2025-05-15,orb,AMD,short,40,09:47,115.4354,116.7,113.01,15:55,114.7744,time,0.135,26.3,0.535,115.47,break below 115.90
2025-05-16,orb,AMD,long,54,10:19,118.1954,117.23,119.96,10:29,117.1948,stop,0.1849,-54.22,-1.103,118.14,break above 118.06
2025-05-19,orb,AMD,long,80,09:49,115.5046,114.82,116.695,10:00,114.7856,stop,0.2686,-57.8,-1.156,115.445,break above 115.43
2025-05-20,orb,AMD,short,57,09:47,112.7562,113.645,111.02,10:39,113.6791,stop,0.1881,-52.8,-1.059,112.77,break below 112.85
2025-05-21,orb,AMD,long,79,09:47,115.0195,114.27,116.16,10:09,114.2357,stop,0.264,-62.18,-1.249,114.9,break above 114.83
2025-05-22,orb,AMD,long,64,09:58,112.4037,111.63,113.94,10:23,111.5965,stop,0.2092,-51.87,-1.053,112.4,break above 112.29
2025-05-23,orb,AMD,long,70,10:08,109.0327,108.335,110.45,13:18,110.495,target,0.2266,102.13,2.07,109.04,break above 108.97
2025-05-27,orb,AMD,long,70,09:47,113.5941,112.9,115.03,10:32,115.03,target,0.2355,100.28,2.018,113.61,break above 113.52
2025-05-28,orb,AMD,short,87,10:22,113.8258,114.405,112.77,15:54,112.77,target,0.2897,91.57,1.931,113.86,break below 113.88
2025-05-29,orb,AMD,short,87,10:02,114.6256,114.9875,113.375,11:39,113.365,target,0.2917,109.38,2.339,114.45,break below 114.47
2025-06-04,orb,AMD,short,79,09:51,116.765,117.34,115.45,10:59,117.3752,stop,0.2696,-48.48,-0.974,116.71,break below 116.85
2025-06-05,orb,AMD,short,51,09:46,117.2898,118.3525,115.435,11:43,118.388,stop,0.1748,-56.18,-1.133,117.38,break below 117.53
2025-06-06,orb,AMD,short,75,09:56,117.1049,117.85,115.87,10:22,117.8854,stop,0.2566,-58.79,-1.188,117.19,break below 117.34
2025-06-10,orb,AMD,long,44,09:50,122.7868,121.675,125.02,11:32,121.6385,stop,0.1561,-50.68,-1.033,122.79,break above 122.54
2025-06-11,orb,AMD,short,46,09:47,122.4233,123.575,120.38,14:03,120.38,target,0.1642,93.83,1.915,122.51,break below 122.72
2025-06-12,orb,AMD,long,82,10:18,121.3414,120.785,122.39,11:23,120.7488,stop,0.2889,-48.88,-1.114,121.32,break above 121.27
2025-06-13,orb,AMD,short,80,10:29,115.3554,116.0275,114.175,10:41,116.0623,stop,0.2698,-56.82,-1.15,115.41,break below 115.48
2025-06-18,orb,AMD,short,74,09:47,126.8869,127.5775,125.575,09:50,127.6158,stop,0.2733,-54.21,-1.097,126.91,break below 126.95
2025-07-02,orb,AMD,short,73,10:01,135.2644,135.97,133.93,10:04,136.0108,stop,0.2866,-54.77,-1.103,135.29,break below 135.33
2025-07-07,orb,AMD,short,58,09:46,135.5393,136.515,133.95,10:58,133.95,target,0.2282,91.95,1.854,135.66,break below 135.72
2025-07-08,orb,AMD,long,51,10:29,137.7113,136.73,139.64,15:55,137.7737,time,0.2038,2.98,0.06,137.7,break above 137.54
2025-07-09,orb,AMD,long,45,10:01,140.5021,139.3775,142.655,10:30,139.3357,stop,0.1818,-52.67,-1.071,140.47,break above 140.08
2025-07-11,orb,AMD,long,51,09:49,143.343,142.355,145.25,11:35,145.25,target,0.2144,97.04,1.972,143.32,break above 143.05
2025-07-16,orb,AMD,short,51,09:52,154.3187,155.37,152.46,10:12,155.4166,stop,0.2273,-56.22,-1.136,154.4,break below 154.45
2025-07-18,orb,AMD,long,62,09:46,160.4331,159.71,162.035,09:52,159.6621,stop,0.2855,-48.09,-1.001,160.485,break above 160.47
2025-07-21,orb,AMD,long,46,10:32,159.6679,158.56,161.77,11:34,158.5124,stop,0.2103,-53.36,-1.084,159.63,break above 159.57
2025-07-25,orb,AMD,long,39,09:53,164.7294,163.38,167.16,10:10,167.16,target,0.1877,94.61,1.925,164.64,break above 164.32
2025-08-15,orb,AMD,short,37,09:50,177.1868,178.575,174.54,10:03,178.6286,stop,0.1884,-53.53,-1.076,177.23,break below 177.32
2025-08-18,orb,AMD,short,40,09:57,176.3571,177.6525,173.985,15:55,176.2229,time,0.2027,5.17,0.106,176.43,break below 176.59
2025-08-21,orb,AMD,short,33,09:57,163.191,164.8075,160.285,10:23,164.8569,stop,0.1552,-55.13,-1.108,163.3,break below 163.75
2025-08-22,orb,AMD,long,51,09:47,163.8691,162.8225,165.725,09:57,162.7737,stop,0.2392,-56.11,-1.137,163.79,break above 163.76
2025-08-27,orb,AMD,short,60,09:46,164.8105,165.5725,163.21,09:48,165.6222,stop,0.2849,-48.98,-1.037,164.785,break below 164.89
2025-08-28,orb,AMD,short,37,09:52,168.3445,169.765,165.79,15:55,168.7306,time,0.1793,-14.47,-0.295,168.44,break below 168.61
2025-09-03,orb,AMD,long,51,09:46,162.5738,161.565,164.46,11:25,161.4815,stop,0.2374,-55.94,-1.137,162.53,break above 162.47
2025-09-12,orb,AMD,short,48,09:51,155.6583,156.735,153.63,10:52,156.837,stop,0.2157,-56.8,-1.143,155.7,break below 155.83
2025-09-15,orb,AMD,short,38,10:10,157.9776,159.3425,155.495,10:33,159.3903,stop,0.1732,-53.86,-1.105,158.06,break below 158.50
2025-09-17,orb,AMD,long,45,09:47,160.6182,159.46,162.76,10:45,159.4122,stop,0.2069,-54.48,-1.101,160.56,break above 160.22
2025-09-19,orb,AMD,long,45,09:48,158.3175,157.16,160.43,11:29,157.1129,stop,0.204,-54.41,-1.109,158.25,break above 158.16
2025-09-26,orb,AMD,short,41,09:46,160.022,161.2475,157.655,11:09,157.655,target,0.1892,96.86,1.973,160.05,break below 160.40
2025-09-29,orb,AMD,long,38,09:46,162.4237,161.04,164.91,15:32,160.9917,stop,0.1764,-54.59,-1.114,162.33,break above 162.15
2025-09-30,orb,AMD,long,59,10:02,161.1283,160.1775,162.69,10:05,160.1294,stop,0.2724,-59.21,-1.198,161.015,break above 160.91
2025-10-01,orb,AMD,long,49,09:56,162.7088,161.5825,164.605,12:39,161.5215,stop,0.2282,-58.4,-1.183,162.59,break above 162.47
2025-10-03,orb,AMD,short,59,09:57,168.8593,169.63,167.35,12:59,167.35,target,0.2868,88.76,1.98,168.87,break below 168.90
2025-10-20,orb,AMD,short,26,09:47,234.8295,236.4625,230.695,09:49,236.5334,stop,0.1741,-44.48,-0.89,234.54,break below 234.77
2025-10-21,orb,AMD,short,29,09:48,239.0783,240.55,235.48,10:27,235.48,target,0.1976,104.15,2.125,238.86,break below 238.89
2025-10-22,orb,AMD,long,37,09:50,238.0614,236.905,240.94,10:13,236.8339,stop,0.2497,-45.67,-0.918,238.25,break above 237.96
2025-10-23,orb,AMD,long,23,09:51,232.4397,230.185,236.59,15:55,234.3397,time,0.1537,43.55,0.887,232.32,break above 231.74
2025-10-28,orb,AMD,long,17,10:03,262.6888,259.82,268.31,10:52,259.7421,stop,0.1256,-50.22,-1.044,262.65,break above 261.57
2025-10-29,orb,AMD,long,30,09:57,266.5299,265.09,270.085,10:00,265.0105,stop,0.226,-45.81,-0.917,266.755,break above 266.74
2025-10-31,orb,AMD,long,27,09:53,261.1133,259.23,264.66,10:01,259.1522,stop,0.199,-53.15,-1.088,261.04,break above 260.60
2025-11-19,orb,AMD,long,27,09:54,230.8492,229.13,234.5,10:15,234.5,target,0.1805,98.39,2.036,230.92,break above 230.28
2025-11-28,orb,AMD,long,40,09:47,216.775,215.44,219.19,13:53,217.4447,eod,0.2484,26.54,0.531,216.69,break above 216.67
2025-12-01,orb,AMD,long,21,09:46,217.7153,215.1525,222.225,15:55,219.7641,time,0.1318,42.89,0.866,217.51,break above 216.67
2025-12-04,orb,AMD,long,45,09:46,217.7453,216.6875,219.755,09:47,216.6225,stop,0.2785,-50.8,-1.104,217.71,break above 217.53
2025-12-09,orb,AMD,long,23,10:03,221.5965,219.43,225.925,15:55,221.4885,time,0.1454,-2.63,-0.053,221.595,break above 220.83
2025-12-10,orb,AMD,short,35,10:38,219.0093,220.5125,216.275,11:39,220.5787,stop,0.2189,-55.15,-1.115,219.1,break below 219.36
2025-12-15,orb,AMD,long,36,09:49,214.5243,213.095,217.205,09:53,213.0311,stop,0.2192,-53.98,-1.094,214.465,break above 213.99
2025-12-18,orb,AMD,short,35,09:49,203.4489,204.9275,200.675,09:52,204.989,stop,0.2038,-54.1,-1.091,203.51,break below 203.79
2025-12-24,orb,AMD,short,39,10:24,214.0858,215.525,211.7,13:09,215.1145,eod,0.2386,-40.36,-0.812,214.25,break below 214.53
2025-12-26,orb,AMD,short,31,09:52,213.416,214.935,210.18,10:23,214.9995,stop,0.1891,-49.28,-1.003,213.35,break below 213.54
2025-12-30,orb,AMD,short,46,10:12,214.5506,215.665,212.86,10:59,215.8647,stop,0.282,-60.73,-1.412,214.73,break below 214.76
2025-12-31,orb,AMD,long,39,09:53,217.2402,215.88,219.66,09:57,215.8152,stop,0.2405,-55.81,-1.136,217.14,break above 217.10
2026-01-09,orb,AMD,short,36,10:05,204.4486,205.7875,201.655,10:29,205.8492,stop,0.2106,-50.63,-1.021,204.41,break below 204.87
2026-01-14,orb,AMD,long,31,10:12,218.4555,216.7,221.44,10:20,221.44,target,0.196,92.32,1.885,218.28,break above 218.08
2026-02-19,orb,AMD,short,27,09:46,198.5304,200.31,194.85,09:50,200.5802,stop,0.1535,-55.5,-1.129,198.49,break below 199.14
2026-02-27,orb,AMD,long,34,09:49,200.8502,199.28,203.675,12:22,199.2202,stop,0.1939,-55.61,-1.117,200.745,break above 200.49
2026-03-12,orb,AMD,short,28,09:47,200.2699,202.15,196.81,11:13,196.81,target,0.1605,96.72,1.941,200.37,break below 200.68
2026-03-13,orb,AMD,long,31,09:47,199.7199,197.96,202.67,10:02,197.9006,stop,0.1757,-56.57,-1.162,199.53,break above 199.38
2026-03-17,orb,AMD,long,37,09:47,198.0244,196.72,200.77,11:21,196.621,stop,0.2084,-52.13,-1.044,198.07,break above 198.01
2026-03-18,orb,AMD,long,42,09:48,198.1694,196.9525,200.5,10:08,200.5,target,0.2411,97.64,1.966,198.135,break above 198.00
2026-03-19,orb,AMD,long,35,09:51,195.5236,194.065,198.34,10:32,198.4,target,0.1989,100.47,2.015,195.49,break above 195.22
2026-03-27,orb,AMD,short,34,09:51,200.1449,201.745,197.38,11:37,201.8055,stop,0.1948,-56.65,-1.145,200.29,break below 200.61
2026-03-31,orb,AMD,long,30,09:55,200.2401,198.495,203.37,10:55,198.4355,stop,0.1705,-54.31,-1.114,200.12,break above 199.83
2026-04-07,orb,AMD,short,31,09:48,218.6944,220.45,215.71,10:08,215.57,target,0.1936,96.66,1.973,218.87,break below 218.91
2026-04-13,orb,AMD,short,25,09:46,242.6872,244.7375,238.895,11:17,244.8109,stop,0.1728,-53.27,-1.094,242.79,break below 243.27
2026-04-15,orb,AMD,long,29,10:32,256.697,254.795,259.85,12:40,254.7186,stop,0.2102,-57.58,-1.178,256.48,break above 256.33
2026-04-21,orb,AMD,short,25,09:52,276.8169,278.86,272.92,09:56,279.1387,stop,0.1965,-58.24,-1.177,276.88,break below 277.43
2026-05-29,orb,AMD,short,13,10:22,515.5553,518.5825,507.715,13:11,507.555,target,0.1885,103.82,2.204,514.96,break below 515.80
2026-07-21,orb,AMD,long,9,09:51,533.9201,528.5425,543.745,09:55,528.3839,stop,0.1337,-49.96,-1.095,533.61,break above 532.37
2026-08-10,orb,AMD,long,9,09:48,479.7339,474.4525,490.03,09:56,474.2927,stop,0.1202,-49.09,-1.05,479.645,break above 477.88
2026-08-12,orb,AMD,long,13,10:17,488.1314,484.655,495.395,15:11,484.4346,stop,0.1772,-48.24,-1.036,488.235,break above 487.93
2026-08-18,orb,AMD,short,15,09:48,484.9445,488.47,478.705,10:10,478.705,target,0.2047,93.39,1.913,485.215,break below 485.53
2026-08-28,orb,AMD,long,15,10:25,476.898,472.9875,482.655,11:41,471.8884,stop,0.1993,-75.34,-1.559,476.21,break above 476.08
2026-09-02,orb,AMD,short,14,09:54,453.8438,458.595,448.17,10:17,458.7326,stop,0.179,-68.62,-1.411,455.12,break below 455.94
2026-09-10,orb,AMD,short,13,09:51,507.7076,511.385,500.36,15:55,503.8411,time,0.1856,50.08,1.048,507.71,break below 508.24
2026-09-16,orb,AMD,long,12,09:57,523.2269,518.91,530.49,14:26,518.7543,stop,0.175,-53.85,-1.162,522.77,break above 522.61
2026-09-17,orb,AMD,long,12,09:50,535.0805,531.22,543.34,11:01,543.34,target,0.1833,98.93,2.041,535.26,break above 534.73
2026-09-18,orb,AMD,long,14,09:47,550.3751,547.07,557.3,10:32,546.9059,stop,0.2152,-48.78,-1.022,550.48,break above 549.99
2026-09-25,orb,AMD,long,13,09:54,638.0414,634.145,645.125,10:14,633.6598,stop,0.2312,-57.19,-1.202,637.805,break above 637.64
2026-09-29,orb,AMD,long,8,09:52,619.0106,612.515,629.84,12:05,612.3312,stop,0.1375,-53.57,-1.16,618.29,break above 617.06
2026-10-02,orb,AMD,long,8,09:54,641.7025,635.395,653.32,11:19,635.2044,stop,0.1426,-52.13,-1.091,641.37,break above 639.80
2026-10-08,orb,AMD,long,10,10:12,641.0122,635.895,649.905,10:15,635.7042,stop,0.1784,-53.26,-1.14,640.565,break above 639.18
